パッパー	副詞,一般,*,*,*,*,パッパー,パッパー,パッパー
チョロチョロット	副詞,一般,*,*,*,*,チョロチョロっと,チョロチョロット,チョロチョロット
パッパーテ	副詞,一般,*,*,*,*,パッパーて,パッパーテ,パッパーテ
ピッピッピッテ	副詞,一般,*,*,*,*,ピッピッピッて,ピッピッピッテ,ピッピッピッテ
ピッピッピー	副詞,一般,*,*,*,*,ピッピッピー,ピッピッピー,ピッピッピー
うわっ	副詞,一般,*,*,*,*,うわっ,ウワッ,ウワッ
うわって	副詞,一般,*,*,*,*,うわって,ウワッテ,ウワッテ
うわーって	副詞,一般,*,*,*,*,うわーって,ウワーッテ,ウワーッテ
うわっと	副詞,一般,*,*,*,*,うわっと,ウワット,ウワット
うわーっと	副詞,一般,*,*,*,*,うわーっと,ウワーット,ウワーット
ウワって	副詞,一般,*,*,*,*,ウワって,ウワッテ,ウワッテ
ウワーって	副詞,一般,*,*,*,*,ウワーって,ウワーッテ,ウワーッテ
ウワっと	副詞,一般,*,*,*,*,ウワっと,ウワット,ウワット
ウワーっと	副詞,一般,*,*,*,*,ウワーっと,ウワーット,ウワーット
ウワッて	副詞,一般,*,*,*,*,ウワッて,ウワッテ,ウワッテ
ウワーッて	副詞,一般,*,*,*,*,ウワーッて,ウワーッテ,ウワーッテ
ウワッと	副詞,一般,*,*,*,*,ウワッと,ウワット,ウワット
ウワーッと	副詞,一般,*,*,*,*,ウワーッと,ウワーット,ウワーット
うわうわ	副詞,一般,*,*,*,*,うわうわ,ウワウワ,ウワウワ
うわっうわ	副詞,一般,*,*,*,*,うわっうわ,ウワッウワ,ウワッウワ
ウワウワ	副詞,一般,*,*,*,*,ウワウワ,ウワウワ,ウワウワ
ウワッウワ	副詞,一般,*,*,*,*,ウワッウワ,ウワッウワ,ウワッウワ
うわうわ	副詞,一般,*,*,*,*,うわうわ,ウワウワ,ウワウワ
ウワウワッ	副詞,一般,*,*,*,*,ウワウワッ,ウワウワッ,ウワウワッ
うわっうわっ	副詞,一般,*,*,*,*,うわっうわっ,ウワッウワッ,ウワッウワッ
ウワッウワッ	副詞,一般,*,*,*,*,ウワッウワッ,ウワッウワッ,ウワッウワッ
うわうわって	副詞,一般,*,*,*,*,うわうわって,ウワウワッテ,ウワウワッテ
ウワウワッて	副詞,一般,*,*,*,*,ウワウワッて,ウワウワッテ,ウワウワッテ
うわっうわって	副詞,一般,*,*,*,*,うわっうわって,ウワッウワッテ,ウワッウワッテ
ウワッウワッて	副詞,一般,*,*,*,*,ウワッウワッて,ウワッウワッテ,ウワッウワッテ
うわうわっと	副詞,一般,*,*,*,*,うわうわっと,ウワウワット,ウワウワット
ウワウワッと	副詞,一般,*,*,*,*,ウワウワッと,ウワウワット,ウワウワット
うわっうわっと	副詞,一般,*,*,*,*,うわっうわっと,ウワッウワット,ウワッウワット
ウワッウワッと	副詞,一般,*,*,*,*,ウワッウワッと,ウワッウワット,ウワッウワット
うわー	副詞,一般,*,*,*,*,うわー,ウワー,ウワー
ウワー	副詞,一般,*,*,*,*,ウワー,ウワー,ウワー
きゃっ	副詞,一般,*,*,*,*,きゃっ,キャッ,キャッ
きゃって	副詞,一般,*,*,*,*,きゃって,キャッテ,キャッテ
きゃーって	副詞,一般,*,*,*,*,きゃーって,キャーッテ,キャーッテ
きゃっと	副詞,一般,*,*,*,*,きゃっと,キャット,キャット
きゃーっと	副詞,一般,*,*,*,*,きゃーっと,キャーット,キャーット
キャって	副詞,一般,*,*,*,*,キャって,キャッテ,キャッテ
キャーって	副詞,一般,*,*,*,*,キャーって,キャーッテ,キャーッテ
キャっと	副詞,一般,*,*,*,*,キャっと,キャット,キャット
キャーっと	副詞,一般,*,*,*,*,キャーっと,キャーット,キャーット
キャッて	副詞,一般,*,*,*,*,キャッて,キャッテ,キャッテ
キャーッて	副詞,一般,*,*,*,*,キャーッて,キャーッテ,キャーッテ
キャッと	副詞,一般,*,*,*,*,キャッと,キャット,キャット
キャーッと	副詞,一般,*,*,*,*,キャーッと,キャーット,キャーット
きゃきゃ	副詞,一般,*,*,*,*,きゃきゃ,キャキャ,キャキャ
きゃっきゃ	副詞,一般,*,*,*,*,きゃっきゃ,キャッキャ,キャッキャ
キャキャ	副詞,一般,*,*,*,*,キャキャ,キャキャ,キャキャ
キャッキャ	副詞,一般,*,*,*,*,キャッキャ,キャッキャ,キャッキャ
きゃきゃ	副詞,一般,*,*,*,*,きゃきゃ,キャキャ,キャキャ
キャキャッ	副詞,一般,*,*,*,*,キャキャッ,キャキャッ,キャキャッ
きゃっきゃっ	副詞,一般,*,*,*,*,きゃっきゃっ,キャッキャッ,キャッキャッ
キャッキャッ	副詞,一般,*,*,*,*,キャッキャッ,キャッキャッ,キャッキャッ
きゃきゃって	副詞,一般,*,*,*,*,きゃきゃって,キャキャッテ,キャキャッテ
キャキャッて	副詞,一般,*,*,*,*,キャキャッて,キャキャッテ,キャキャッテ
きゃっきゃって	副詞,一般,*,*,*,*,きゃっきゃって,キャッキャッテ,キャッキャッテ
キャッキャッて	副詞,一般,*,*,*,*,キャッキャッて,キャッキャッテ,キャッキャッテ
きゃきゃっと	副詞,一般,*,*,*,*,きゃきゃっと,キャキャット,キャキャット
キャキャッと	副詞,一般,*,*,*,*,キャキャッと,キャキャット,キャキャット
きゃっきゃっと	副詞,一般,*,*,*,*,きゃっきゃっと,キャッキャット,キャッキャット
キャッキャッと	副詞,一般,*,*,*,*,キャッキャッと,キャッキャット,キャッキャット
きゃー	副詞,一般,*,*,*,*,きゃー,キャー,キャー
キャー	副詞,一般,*,*,*,*,キャー,キャー,キャー
ごじゃっ	副詞,一般,*,*,*,*,ごじゃっ,ゴジャッ,ゴジャッ
ごじゃって	副詞,一般,*,*,*,*,ごじゃって,ゴジャッテ,ゴジャッテ
ごじゃーって	副詞,一般,*,*,*,*,ごじゃーって,ゴジャーッテ,ゴジャーッテ
ごじゃっと	副詞,一般,*,*,*,*,ごじゃっと,ゴジャット,ゴジャット
ごじゃーっと	副詞,一般,*,*,*,*,ごじゃーっと,ゴジャーット,ゴジャーット
ゴジャって	副詞,一般,*,*,*,*,ゴジャって,ゴジャッテ,ゴジャッテ
ゴジャーって	副詞,一般,*,*,*,*,ゴジャーって,ゴジャーッテ,ゴジャーッテ
ゴジャっと	副詞,一般,*,*,*,*,ゴジャっと,ゴジャット,ゴジャット
ゴジャーっと	副詞,一般,*,*,*,*,ゴジャーっと,ゴジャーット,ゴジャーット
ゴジャッて	副詞,一般,*,*,*,*,ゴジャッて,ゴジャッテ,ゴジャッテ
ゴジャーッて	副詞,一般,*,*,*,*,ゴジャーッて,ゴジャーッテ,ゴジャーッテ
ゴジャッと	副詞,一般,*,*,*,*,ゴジャッと,ゴジャット,ゴジャット
ゴジャーッと	副詞,一般,*,*,*,*,ゴジャーッと,ゴジャーット,ゴジャーット
ごじゃごじゃ	副詞,一般,*,*,*,*,ごじゃごじゃ,ゴジャゴジャ,ゴジャゴジャ
ごじゃっごじゃ	副詞,一般,*,*,*,*,ごじゃっごじゃ,ゴジャッゴジャ,ゴジャッゴジャ
ゴジャゴジャ	副詞,一般,*,*,*,*,ゴジャゴジャ,ゴジャゴジャ,ゴジャゴジャ
ゴジャッゴジャ	副詞,一般,*,*,*,*,ゴジャッゴジャ,ゴジャッゴジャ,ゴジャッゴジャ
ごじゃごじゃ	副詞,一般,*,*,*,*,ごじゃごじゃ,ゴジャゴジャ,ゴジャゴジャ
ゴジャゴジャッ	副詞,一般,*,*,*,*,ゴジャゴジャッ,ゴジャゴジャッ,ゴジャゴジャッ
ごじゃっごじゃっ	副詞,一般,*,*,*,*,ごじゃっごじゃっ,ゴジャッゴジャッ,ゴジャッゴジャッ
ゴジャッゴジャッ	副詞,一般,*,*,*,*,ゴジャッゴジャッ,ゴジャッゴジャッ,ゴジャッゴジャッ
ごじゃごじゃって	副詞,一般,*,*,*,*,ごじゃごじゃって,ゴジャゴジャッテ,ゴジャゴジャッテ
ゴジャゴジャッて	副詞,一般,*,*,*,*,ゴジャゴジャッて,ゴジャゴジャッテ,ゴジャゴジャッテ
ごじゃっごじゃって	副詞,一般,*,*,*,*,ごじゃっごじゃって,ゴジャッゴジャッテ,ゴジャッゴジャッテ
ゴジャッゴジャッて	副詞,一般,*,*,*,*,ゴジャッゴジャッて,ゴジャッゴジャッテ,ゴジャッゴジャッテ
ごじゃごじゃっと	副詞,一般,*,*,*,*,ごじゃごじゃっと,ゴジャゴジャット,ゴジャゴジャット
ゴジャゴジャッと	副詞,一般,*,*,*,*,ゴジャゴジャッと,ゴジャゴジャット,ゴジャゴジャット
ごじゃっごじゃっと	副詞,一般,*,*,*,*,ごじゃっごじゃっと,ゴジャッゴジャット,ゴジャッゴジャット
ゴジャッゴジャッと	副詞,一般,*,*,*,*,ゴジャッゴジャッと,ゴジャッゴジャット,ゴジャッゴジャット
ごじゃー	副詞,一般,*,*,*,*,ごじゃー,ゴジャー,ゴジャー
ゴジャー	副詞,一般,*,*,*,*,ゴジャー,ゴジャー,ゴジャー
はっ	副詞,一般,*,*,*,*,はっ,ハッ,ハッ
はって	副詞,一般,*,*,*,*,はって,ハッテ,ハッテ
はーって	副詞,一般,*,*,*,*,はーって,ハーッテ,ハーッテ
はっと	副詞,一般,*,*,*,*,はっと,ハット,ハット
はーっと	副詞,一般,*,*,*,*,はーっと,ハーット,ハーット
ハって	副詞,一般,*,*,*,*,ハって,ハッテ,ハッテ
ハーって	副詞,一般,*,*,*,*,ハーって,ハーッテ,ハーッテ
ハっと	副詞,一般,*,*,*,*,ハっと,ハット,ハット
ハーっと	副詞,一般,*,*,*,*,ハーっと,ハーット,ハーット
ハッて	副詞,一般,*,*,*,*,ハッて,ハッテ,ハッテ
ハーッて	副詞,一般,*,*,*,*,ハーッて,ハーッテ,ハーッテ
ハッと	副詞,一般,*,*,*,*,ハッと,ハット,ハット
ハーッと	副詞,一般,*,*,*,*,ハーッと,ハーット,ハーット
はは	副詞,一般,*,*,*,*,はは,ハハ,ハハ
はっは	副詞,一般,*,*,*,*,はっは,ハッハ,ハッハ
ハハ	副詞,一般,*,*,*,*,ハハ,ハハ,ハハ
ハッハ	副詞,一般,*,*,*,*,ハッハ,ハッハ,ハッハ
はは	副詞,一般,*,*,*,*,はは,ハハ,ハハ
ハハッ	副詞,一般,*,*,*,*,ハハッ,ハハッ,ハハッ
はっはっ	副詞,一般,*,*,*,*,はっはっ,ハッハッ,ハッハッ
ハッハッ	副詞,一般,*,*,*,*,ハッハッ,ハッハッ,ハッハッ
ははって	副詞,一般,*,*,*,*,ははって,ハハッテ,ハハッテ
ハハッて	副詞,一般,*,*,*,*,ハハッて,ハハッテ,ハハッテ
はっはって	副詞,一般,*,*,*,*,はっはって,ハッハッテ,ハッハッテ
ハッハッて	副詞,一般,*,*,*,*,ハッハッて,ハッハッテ,ハッハッテ
ははっと	副詞,一般,*,*,*,*,ははっと,ハハット,ハハット
ハハッと	副詞,一般,*,*,*,*,ハハッと,ハハット,ハハット
はっはっと	副詞,一般,*,*,*,*,はっはっと,ハッハット,ハッハット
ハッハッと	副詞,一般,*,*,*,*,ハッハッと,ハッハット,ハッハット
はー	副詞,一般,*,*,*,*,はー,ハー,ハー
ハー	副詞,一般,*,*,*,*,ハー,ハー,ハー
ひっ	副詞,一般,*,*,*,*,ひっ,ヒッ,ヒッ
ひって	副詞,一般,*,*,*,*,ひって,ヒッテ,ヒッテ
ひーって	副詞,一般,*,*,*,*,ひーって,ヒーッテ,ヒーッテ
ひっと	副詞,一般,*,*,*,*,ひっと,ヒット,ヒット
ひーっと	副詞,一般,*,*,*,*,ひーっと,ヒーット,ヒーット
ヒって	副詞,一般,*,*,*,*,ヒって,ヒッテ,ヒッテ
ヒーって	副詞,一般,*,*,*,*,ヒーって,ヒーッテ,ヒーッテ
ヒっと	副詞,一般,*,*,*,*,ヒっと,ヒット,ヒット
ヒーっと	副詞,一般,*,*,*,*,ヒーっと,ヒーット,ヒーット
ヒッて	副詞,一般,*,*,*,*,ヒッて,ヒッテ,ヒッテ
ヒーッて	副詞,一般,*,*,*,*,ヒーッて,ヒーッテ,ヒーッテ
ヒッと	副詞,一般,*,*,*,*,ヒッと,ヒット,ヒット
ヒーッと	副詞,一般,*,*,*,*,ヒーッと,ヒーット,ヒーット
ひひ	副詞,一般,*,*,*,*,ひひ,ヒヒ,ヒヒ
ひっひ	副詞,一般,*,*,*,*,ひっひ,ヒッヒ,ヒッヒ
ヒヒ	副詞,一般,*,*,*,*,ヒヒ,ヒヒ,ヒヒ
ヒッヒ	副詞,一般,*,*,*,*,ヒッヒ,ヒッヒ,ヒッヒ
ひひ	副詞,一般,*,*,*,*,ひひ,ヒヒ,ヒヒ
ヒヒッ	副詞,一般,*,*,*,*,ヒヒッ,ヒヒッ,ヒヒッ
ひっひっ	副詞,一般,*,*,*,*,ひっひっ,ヒッヒッ,ヒッヒッ
ヒッヒッ	副詞,一般,*,*,*,*,ヒッヒッ,ヒッヒッ,ヒッヒッ
ひひって	副詞,一般,*,*,*,*,ひひって,ヒヒッテ,ヒヒッテ
ヒヒッて	副詞,一般,*,*,*,*,ヒヒッて,ヒヒッテ,ヒヒッテ
ひっひって	副詞,一般,*,*,*,*,ひっひって,ヒッヒッテ,ヒッヒッテ
ヒッヒッて	副詞,一般,*,*,*,*,ヒッヒッて,ヒッヒッテ,ヒッヒッテ
ひひっと	副詞,一般,*,*,*,*,ひひっと,ヒヒット,ヒヒット
ヒヒッと	副詞,一般,*,*,*,*,ヒヒッと,ヒヒット,ヒヒット
ひっひっと	副詞,一般,*,*,*,*,ひっひっと,ヒッヒット,ヒッヒット
ヒッヒッと	副詞,一般,*,*,*,*,ヒッヒッと,ヒッヒット,ヒッヒット
ひー	副詞,一般,*,*,*,*,ひー,ヒー,ヒー
ヒー	副詞,一般,*,*,*,*,ヒー,ヒー,ヒー
ふっ	副詞,一般,*,*,*,*,ふっ,フッ,フッ
ふって	副詞,一般,*,*,*,*,ふって,フッテ,フッテ
ふーって	副詞,一般,*,*,*,*,ふーって,フーッテ,フーッテ
ふっと	副詞,一般,*,*,*,*,ふっと,フット,フット
ふーっと	副詞,一般,*,*,*,*,ふーっと,フーット,フーット
フって	副詞,一般,*,*,*,*,フって,フッテ,フッテ
フーって	副詞,一般,*,*,*,*,フーって,フーッテ,フーッテ
フっと	副詞,一般,*,*,*,*,フっと,フット,フット
フーっと	副詞,一般,*,*,*,*,フーっと,フーット,フーット
フッて	副詞,一般,*,*,*,*,フッて,フッテ,フッテ
フーッて	副詞,一般,*,*,*,*,フーッて,フーッテ,フーッテ
フッと	副詞,一般,*,*,*,*,フッと,フット,フット
フーッと	副詞,一般,*,*,*,*,フーッと,フーット,フーット
ふふ	副詞,一般,*,*,*,*,ふふ,フフ,フフ
ふっふ	副詞,一般,*,*,*,*,ふっふ,フッフ,フッフ
フフ	副詞,一般,*,*,*,*,フフ,フフ,フフ
フッフ	副詞,一般,*,*,*,*,フッフ,フッフ,フッフ
ふふ	副詞,一般,*,*,*,*,ふふ,フフ,フフ
フフッ	副詞,一般,*,*,*,*,フフッ,フフッ,フフッ
ふっふっ	副詞,一般,*,*,*,*,ふっふっ,フッフッ,フッフッ
フッフッ	副詞,一般,*,*,*,*,フッフッ,フッフッ,フッフッ
ふふって	副詞,一般,*,*,*,*,ふふって,フフッテ,フフッテ
フフッて	副詞,一般,*,*,*,*,フフッて,フフッテ,フフッテ
ふっふって	副詞,一般,*,*,*,*,ふっふって,フッフッテ,フッフッテ
フッフッて	副詞,一般,*,*,*,*,フッフッて,フッフッテ,フッフッテ
ふふっと	副詞,一般,*,*,*,*,ふふっと,フフット,フフット
フフッと	副詞,一般,*,*,*,*,フフッと,フフット,フフット
ふっふっと	副詞,一般,*,*,*,*,ふっふっと,フッフット,フッフット
フッフッと	副詞,一般,*,*,*,*,フッフッと,フッフット,フッフット
ふー	副詞,一般,*,*,*,*,ふー,フー,フー
フー	副詞,一般,*,*,*,*,フー,フー,フー
へっ	副詞,一般,*,*,*,*,へっ,ヘッ,ヘッ
へって	副詞,一般,*,*,*,*,へって,ヘッテ,ヘッテ
へーって	副詞,一般,*,*,*,*,へーって,ヘーッテ,ヘーッテ
へっと	副詞,一般,*,*,*,*,へっと,ヘット,ヘット
へーっと	副詞,一般,*,*,*,*,へーっと,ヘーット,ヘーット
ヘって	副詞,一般,*,*,*,*,ヘって,ヘッテ,ヘッテ
ヘーって	副詞,一般,*,*,*,*,ヘーって,ヘーッテ,ヘーッテ
ヘっと	副詞,一般,*,*,*,*,ヘっと,ヘット,ヘット
ヘーっと	副詞,一般,*,*,*,*,ヘーっと,ヘーット,ヘーット
ヘッて	副詞,一般,*,*,*,*,ヘッて,ヘッテ,ヘッテ
ヘーッて	副詞,一般,*,*,*,*,ヘーッて,ヘーッテ,ヘーッテ
ヘッと	副詞,一般,*,*,*,*,ヘッと,ヘット,ヘット
ヘーッと	副詞,一般,*,*,*,*,ヘーッと,ヘーット,ヘーット
へへ	副詞,一般,*,*,*,*,へへ,ヘヘ,ヘヘ
へっへ	副詞,一般,*,*,*,*,へっへ,ヘッヘ,ヘッヘ
ヘヘ	副詞,一般,*,*,*,*,ヘヘ,ヘヘ,ヘヘ
ヘッヘ	副詞,一般,*,*,*,*,ヘッヘ,ヘッヘ,ヘッヘ
へへ	副詞,一般,*,*,*,*,へへ,ヘヘ,ヘヘ
ヘヘッ	副詞,一般,*,*,*,*,ヘヘッ,ヘヘッ,ヘヘッ
へっへっ	副詞,一般,*,*,*,*,へっへっ,ヘッヘッ,ヘッヘッ
ヘッヘッ	副詞,一般,*,*,*,*,ヘッヘッ,ヘッヘッ,ヘッヘッ
へへって	副詞,一般,*,*,*,*,へへって,ヘヘッテ,ヘヘッテ
ヘヘッて	副詞,一般,*,*,*,*,ヘヘッて,ヘヘッテ,ヘヘッテ
へっへって	副詞,一般,*,*,*,*,へっへって,ヘッヘッテ,ヘッヘッテ
ヘッヘッて	副詞,一般,*,*,*,*,ヘッヘッて,ヘッヘッテ,ヘッヘッテ
へへっと	副詞,一般,*,*,*,*,へへっと,ヘヘット,ヘヘット
ヘヘッと	副詞,一般,*,*,*,*,ヘヘッと,ヘヘット,ヘヘット
へっへっと	副詞,一般,*,*,*,*,へっへっと,ヘッヘット,ヘッヘット
ヘッヘッと	副詞,一般,*,*,*,*,ヘッヘッと,ヘッヘット,ヘッヘット
へー	副詞,一般,*,*,*,*,へー,ヘー,ヘー
ヘー	副詞,一般,*,*,*,*,ヘー,ヘー,ヘー
ほっ	副詞,一般,*,*,*,*,ほっ,ホッ,ホッ
ほって	副詞,一般,*,*,*,*,ほって,ホッテ,ホッテ
ほーって	副詞,一般,*,*,*,*,ほーって,ホーッテ,ホーッテ
ほっと	副詞,一般,*,*,*,*,ほっと,ホット,ホット
ほーっと	副詞,一般,*,*,*,*,ほーっと,ホーット,ホーット
ホって	副詞,一般,*,*,*,*,ホって,ホッテ,ホッテ
ホーって	副詞,一般,*,*,*,*,ホーって,ホーッテ,ホーッテ
ホっと	副詞,一般,*,*,*,*,ホっと,ホット,ホット
ホーっと	副詞,一般,*,*,*,*,ホーっと,ホーット,ホーット
ホッて	副詞,一般,*,*,*,*,ホッて,ホッテ,ホッテ
ホーッて	副詞,一般,*,*,*,*,ホーッて,ホーッテ,ホーッテ
ホッと	副詞,一般,*,*,*,*,ホッと,ホット,ホット
ホーッと	副詞,一般,*,*,*,*,ホーッと,ホーット,ホーット
ほほ	副詞,一般,*,*,*,*,ほほ,ホホ,ホホ
ほっほ	副詞,一般,*,*,*,*,ほっほ,ホッホ,ホッホ
ホホ	副詞,一般,*,*,*,*,ホホ,ホホ,ホホ
ホッホ	副詞,一般,*,*,*,*,ホッホ,ホッホ,ホッホ
ほほ	副詞,一般,*,*,*,*,ほほ,ホホ,ホホ
ホホッ	副詞,一般,*,*,*,*,ホホッ,ホホッ,ホホッ
ほっほっ	副詞,一般,*,*,*,*,ほっほっ,ホッホッ,ホッホッ
ホッホッ	副詞,一般,*,*,*,*,ホッホッ,ホッホッ,ホッホッ
ほほって	副詞,一般,*,*,*,*,ほほって,ホホッテ,ホホッテ
ホホッて	副詞,一般,*,*,*,*,ホホッて,ホホッテ,ホホッテ
ほっほって	副詞,一般,*,*,*,*,ほっほって,ホッホッテ,ホッホッテ
ホッホッて	副詞,一般,*,*,*,*,ホッホッて,ホッホッテ,ホッホッテ
ほほっと	副詞,一般,*,*,*,*,ほほっと,ホホット,ホホット
ホホッと	副詞,一般,*,*,*,*,ホホッと,ホホット,ホホット
ほっほっと	副詞,一般,*,*,*,*,ほっほっと,ホッホット,ホッホット
ホッホッと	副詞,一般,*,*,*,*,ホッホッと,ホッホット,ホッホット
ほー	副詞,一般,*,*,*,*,ほー,ホー,ホー
ホー	副詞,一般,*,*,*,*,ホー,ホー,ホー
ばっ	副詞,一般,*,*,*,*,ばっ,バッ,バッ
ばって	副詞,一般,*,*,*,*,ばって,バッテ,バッテ
ばーって	副詞,一般,*,*,*,*,ばーって,バーッテ,バーッテ
ばっと	副詞,一般,*,*,*,*,ばっと,バット,バット
ばーっと	副詞,一般,*,*,*,*,ばーっと,バーット,バーット
バって	副詞,一般,*,*,*,*,バって,バッテ,バッテ
バーって	副詞,一般,*,*,*,*,バーって,バーッテ,バーッテ
バっと	副詞,一般,*,*,*,*,バっと,バット,バット
バーっと	副詞,一般,*,*,*,*,バーっと,バーット,バーット
バッて	副詞,一般,*,*,*,*,バッて,バッテ,バッテ
バーッて	副詞,一般,*,*,*,*,バーッて,バーッテ,バーッテ
バッと	副詞,一般,*,*,*,*,バッと,バット,バット
バーッと	副詞,一般,*,*,*,*,バーッと,バーット,バーット
ばば	副詞,一般,*,*,*,*,ばば,ババ,ババ
ばっば	副詞,一般,*,*,*,*,ばっば,バッバ,バッバ
ババ	副詞,一般,*,*,*,*,ババ,ババ,ババ
バッバ	副詞,一般,*,*,*,*,バッバ,バッバ,バッバ
ばば	副詞,一般,*,*,*,*,ばば,ババ,ババ
ババッ	副詞,一般,*,*,*,*,ババッ,ババッ,ババッ
ばっばっ	副詞,一般,*,*,*,*,ばっばっ,バッバッ,バッバッ
バッバッ	副詞,一般,*,*,*,*,バッバッ,バッバッ,バッバッ
ばばって	副詞,一般,*,*,*,*,ばばって,ババッテ,ババッテ
ババッて	副詞,一般,*,*,*,*,ババッて,ババッテ,ババッテ
ばっばって	副詞,一般,*,*,*,*,ばっばって,バッバッテ,バッバッテ
バッバッて	副詞,一般,*,*,*,*,バッバッて,バッバッテ,バッバッテ
ばばっと	副詞,一般,*,*,*,*,ばばっと,ババット,ババット
ババッと	副詞,一般,*,*,*,*,ババッと,ババット,ババット
ばっばっと	副詞,一般,*,*,*,*,ばっばっと,バッバット,バッバット
バッバッと	副詞,一般,*,*,*,*,バッバッと,バッバット,バッバット
ばー	副詞,一般,*,*,*,*,ばー,バー,バー
バー	副詞,一般,*,*,*,*,バー,バー,バー
びっ	副詞,一般,*,*,*,*,びっ,ビッ,ビッ
びって	副詞,一般,*,*,*,*,びって,ビッテ,ビッテ
びーって	副詞,一般,*,*,*,*,びーって,ビーッテ,ビーッテ
びっと	副詞,一般,*,*,*,*,びっと,ビット,ビット
びーっと	副詞,一般,*,*,*,*,びーっと,ビーット,ビーット
ビって	副詞,一般,*,*,*,*,ビって,ビッテ,ビッテ
ビーって	副詞,一般,*,*,*,*,ビーって,ビーッテ,ビーッテ
ビっと	副詞,一般,*,*,*,*,ビっと,ビット,ビット
ビーっと	副詞,一般,*,*,*,*,ビーっと,ビーット,ビーット
ビッて	副詞,一般,*,*,*,*,ビッて,ビッテ,ビッテ
ビーッて	副詞,一般,*,*,*,*,ビーッて,ビーッテ,ビーッテ
ビッと	副詞,一般,*,*,*,*,ビッと,ビット,ビット
ビーッと	副詞,一般,*,*,*,*,ビーッと,ビーット,ビーット
びび	副詞,一般,*,*,*,*,びび,ビビ,ビビ
びっび	副詞,一般,*,*,*,*,びっび,ビッビ,ビッビ
ビビ	副詞,一般,*,*,*,*,ビビ,ビビ,ビビ
ビッビ	副詞,一般,*,*,*,*,ビッビ,ビッビ,ビッビ
びび	副詞,一般,*,*,*,*,びび,ビビ,ビビ
ビビッ	副詞,一般,*,*,*,*,ビビッ,ビビッ,ビビッ
びっびっ	副詞,一般,*,*,*,*,びっびっ,ビッビッ,ビッビッ
ビッビッ	副詞,一般,*,*,*,*,ビッビッ,ビッビッ,ビッビッ
びびって	副詞,一般,*,*,*,*,びびって,ビビッテ,ビビッテ
ビビッて	副詞,一般,*,*,*,*,ビビッて,ビビッテ,ビビッテ
びっびって	副詞,一般,*,*,*,*,びっびって,ビッビッテ,ビッビッテ
ビッビッて	副詞,一般,*,*,*,*,ビッビッて,ビッビッテ,ビッビッテ
びびっと	副詞,一般,*,*,*,*,びびっと,ビビット,ビビット
ビビッと	副詞,一般,*,*,*,*,ビビッと,ビビット,ビビット
びっびっと	副詞,一般,*,*,*,*,びっびっと,ビッビット,ビッビット
ビッビッと	副詞,一般,*,*,*,*,ビッビッと,ビッビット,ビッビット
びー	副詞,一般,*,*,*,*,びー,ビー,ビー
ビー	副詞,一般,*,*,*,*,ビー,ビー,ビー
ぶっ	副詞,一般,*,*,*,*,ぶっ,ブッ,ブッ
ぶって	副詞,一般,*,*,*,*,ぶって,ブッテ,ブッテ
ぶーって	副詞,一般,*,*,*,*,ぶーって,ブーッテ,ブーッテ
ぶっと	副詞,一般,*,*,*,*,ぶっと,ブット,ブット
ぶーっと	副詞,一般,*,*,*,*,ぶーっと,ブーット,ブーット
ブって	副詞,一般,*,*,*,*,ブって,ブッテ,ブッテ
ブーって	副詞,一般,*,*,*,*,ブーって,ブーッテ,ブーッテ
ブっと	副詞,一般,*,*,*,*,ブっと,ブット,ブット
ブーっと	副詞,一般,*,*,*,*,ブーっと,ブーット,ブーット
ブッて	副詞,一般,*,*,*,*,ブッて,ブッテ,ブッテ
ブーッて	副詞,一般,*,*,*,*,ブーッて,ブーッテ,ブーッテ
ブッと	副詞,一般,*,*,*,*,ブッと,ブット,ブット
ブーッと	副詞,一般,*,*,*,*,ブーッと,ブーット,ブーット
ぶぶ	副詞,一般,*,*,*,*,ぶぶ,ブブ,ブブ
ぶっぶ	副詞,一般,*,*,*,*,ぶっぶ,ブッブ,ブッブ
ブブ	副詞,一般,*,*,*,*,ブブ,ブブ,ブブ
ブッブ	副詞,一般,*,*,*,*,ブッブ,ブッブ,ブッブ
ぶぶ	副詞,一般,*,*,*,*,ぶぶ,ブブ,ブブ
ブブッ	副詞,一般,*,*,*,*,ブブッ,ブブッ,ブブッ
ぶっぶっ	副詞,一般,*,*,*,*,ぶっぶっ,ブッブッ,ブッブッ
ブッブッ	副詞,一般,*,*,*,*,ブッブッ,ブッブッ,ブッブッ
ぶぶって	副詞,一般,*,*,*,*,ぶぶって,ブブッテ,ブブッテ
ブブッて	副詞,一般,*,*,*,*,ブブッて,ブブッテ,ブブッテ
ぶっぶって	副詞,一般,*,*,*,*,ぶっぶって,ブッブッテ,ブッブッテ
ブッブッて	副詞,一般,*,*,*,*,ブッブッて,ブッブッテ,ブッブッテ
ぶぶっと	副詞,一般,*,*,*,*,ぶぶっと,ブブット,ブブット
ブブッと	副詞,一般,*,*,*,*,ブブッと,ブブット,ブブット
ぶっぶっと	副詞,一般,*,*,*,*,ぶっぶっと,ブッブット,ブッブット
ブッブッと	副詞,一般,*,*,*,*,ブッブッと,ブッブット,ブッブット
ぶー	副詞,一般,*,*,*,*,ぶー,ブー,ブー
ブー	副詞,一般,*,*,*,*,ブー,ブー,ブー
べっ	副詞,一般,*,*,*,*,べっ,ベッ,ベッ
べって	副詞,一般,*,*,*,*,べって,ベッテ,ベッテ
べーって	副詞,一般,*,*,*,*,べーって,ベーッテ,ベーッテ
べっと	副詞,一般,*,*,*,*,べっと,ベット,ベット
べーっと	副詞,一般,*,*,*,*,べーっと,ベーット,ベーット
ベって	副詞,一般,*,*,*,*,ベって,ベッテ,ベッテ
ベーって	副詞,一般,*,*,*,*,ベーって,ベーッテ,ベーッテ
ベっと	副詞,一般,*,*,*,*,ベっと,ベット,ベット
ベーっと	副詞,一般,*,*,*,*,ベーっと,ベーット,ベーット
ベッて	副詞,一般,*,*,*,*,ベッて,ベッテ,ベッテ
ベーッて	副詞,一般,*,*,*,*,ベーッて,ベーッテ,ベーッテ
ベッと	副詞,一般,*,*,*,*,ベッと,ベット,ベット
ベーッと	副詞,一般,*,*,*,*,ベーッと,ベーット,ベーット
べべ	副詞,一般,*,*,*,*,べべ,ベベ,ベベ
べっべ	副詞,一般,*,*,*,*,べっべ,ベッベ,ベッベ
ベベ	副詞,一般,*,*,*,*,ベベ,ベベ,ベベ
ベッベ	副詞,一般,*,*,*,*,ベッベ,ベッベ,ベッベ
べべ	副詞,一般,*,*,*,*,べべ,ベベ,ベベ
ベベッ	副詞,一般,*,*,*,*,ベベッ,ベベッ,ベベッ
べっべっ	副詞,一般,*,*,*,*,べっべっ,ベッベッ,ベッベッ
ベッベッ	副詞,一般,*,*,*,*,ベッベッ,ベッベッ,ベッベッ
べべって	副詞,一般,*,*,*,*,べべって,ベベッテ,ベベッテ
ベベッて	副詞,一般,*,*,*,*,ベベッて,ベベッテ,ベベッテ
べっべって	副詞,一般,*,*,*,*,べっべって,ベッベッテ,ベッベッテ
ベッベッて	副詞,一般,*,*,*,*,ベッベッて,ベッベッテ,ベッベッテ
べべっと	副詞,一般,*,*,*,*,べべっと,ベベット,ベベット
ベベッと	副詞,一般,*,*,*,*,ベベッと,ベベット,ベベット
べっべっと	副詞,一般,*,*,*,*,べっべっと,ベッベット,ベッベット
ベッベッと	副詞,一般,*,*,*,*,ベッベッと,ベッベット,ベッベット
べー	副詞,一般,*,*,*,*,べー,ベー,ベー
ベー	副詞,一般,*,*,*,*,ベー,ベー,ベー
ぼっ	副詞,一般,*,*,*,*,ぼっ,ボッ,ボッ
ぼって	副詞,一般,*,*,*,*,ぼって,ボッテ,ボッテ
ぼーって	副詞,一般,*,*,*,*,ぼーって,ボーッテ,ボーッテ
ぼっと	副詞,一般,*,*,*,*,ぼっと,ボット,ボット
ぼーっと	副詞,一般,*,*,*,*,ぼーっと,ボーット,ボーット
ボって	副詞,一般,*,*,*,*,ボって,ボッテ,ボッテ
ボーって	副詞,一般,*,*,*,*,ボーって,ボーッテ,ボーッテ
ボっと	副詞,一般,*,*,*,*,ボっと,ボット,ボット
ボーっと	副詞,一般,*,*,*,*,ボーっと,ボーット,ボーット
ボッて	副詞,一般,*,*,*,*,ボッて,ボッテ,ボッテ
ボーッて	副詞,一般,*,*,*,*,ボーッて,ボーッテ,ボーッテ
ボッと	副詞,一般,*,*,*,*,ボッと,ボット,ボット
ボーッと	副詞,一般,*,*,*,*,ボーッと,ボーット,ボーット
ぼぼ	副詞,一般,*,*,*,*,ぼぼ,ボボ,ボボ
ぼっぼ	副詞,一般,*,*,*,*,ぼっぼ,ボッボ,ボッボ
ボボ	副詞,一般,*,*,*,*,ボボ,ボボ,ボボ
ボッボ	副詞,一般,*,*,*,*,ボッボ,ボッボ,ボッボ
ぼぼ	副詞,一般,*,*,*,*,ぼぼ,ボボ,ボボ
ボボッ	副詞,一般,*,*,*,*,ボボッ,ボボッ,ボボッ
ぼっぼっ	副詞,一般,*,*,*,*,ぼっぼっ,ボッボッ,ボッボッ
ボッボッ	副詞,一般,*,*,*,*,ボッボッ,ボッボッ,ボッボッ
ぼぼって	副詞,一般,*,*,*,*,ぼぼって,ボボッテ,ボボッテ
ボボッて	副詞,一般,*,*,*,*,ボボッて,ボボッテ,ボボッテ
ぼっぼって	副詞,一般,*,*,*,*,ぼっぼって,ボッボッテ,ボッボッテ
ボッボッて	副詞,一般,*,*,*,*,ボッボッて,ボッボッテ,ボッボッテ
ぼぼっと	副詞,一般,*,*,*,*,ぼぼっと,ボボット,ボボット
ボボッと	副詞,一般,*,*,*,*,ボボッと,ボボット,ボボット
ぼっぼっと	副詞,一般,*,*,*,*,ぼっぼっと,ボッボット,ボッボット
ボッボッと	副詞,一般,*,*,*,*,ボッボッと,ボッボット,ボッボット
ぼー	副詞,一般,*,*,*,*,ぼー,ボー,ボー
ボー	副詞,一般,*,*,*,*,ボー,ボー,ボー
ぱっ	副詞,一般,*,*,*,*,ぱっ,パッ,パッ
ぱって	副詞,一般,*,*,*,*,ぱって,パッテ,パッテ
ぱーって	副詞,一般,*,*,*,*,ぱーって,パーッテ,パーッテ
ぱっと	副詞,一般,*,*,*,*,ぱっと,パット,パット
ぱーっと	副詞,一般,*,*,*,*,ぱーっと,パーット,パーット
パって	副詞,一般,*,*,*,*,パって,パッテ,パッテ
パーって	副詞,一般,*,*,*,*,パーって,パーッテ,パーッテ
パっと	副詞,一般,*,*,*,*,パっと,パット,パット
パーっと	副詞,一般,*,*,*,*,パーっと,パーット,パーット
パッて	副詞,一般,*,*,*,*,パッて,パッテ,パッテ
パーッて	副詞,一般,*,*,*,*,パーッて,パーッテ,パーッテ
パッと	副詞,一般,*,*,*,*,パッと,パット,パット
パーッと	副詞,一般,*,*,*,*,パーッと,パーット,パーット
ぱぱ	副詞,一般,*,*,*,*,ぱぱ,パパ,パパ
ぱっぱ	副詞,一般,*,*,*,*,ぱっぱ,パッパ,パッパ
パパ	副詞,一般,*,*,*,*,パパ,パパ,パパ
パッパ	副詞,一般,*,*,*,*,パッパ,パッパ,パッパ
ぱぱ	副詞,一般,*,*,*,*,ぱぱ,パパ,パパ
パパッ	副詞,一般,*,*,*,*,パパッ,パパッ,パパッ
ぱっぱっ	副詞,一般,*,*,*,*,ぱっぱっ,パッパッ,パッパッ
パッパッ	副詞,一般,*,*,*,*,パッパッ,パッパッ,パッパッ
ぱぱって	副詞,一般,*,*,*,*,ぱぱって,パパッテ,パパッテ
パパッて	副詞,一般,*,*,*,*,パパッて,パパッテ,パパッテ
ぱっぱって	副詞,一般,*,*,*,*,ぱっぱって,パッパッテ,パッパッテ
パッパッて	副詞,一般,*,*,*,*,パッパッて,パッパッテ,パッパッテ
ぱぱっと	副詞,一般,*,*,*,*,ぱぱっと,パパット,パパット
パパッと	副詞,一般,*,*,*,*,パパッと,パパット,パパット
ぱっぱっと	副詞,一般,*,*,*,*,ぱっぱっと,パッパット,パッパット
パッパッと	副詞,一般,*,*,*,*,パッパッと,パッパット,パッパット
ぱー	副詞,一般,*,*,*,*,ぱー,パー,パー
パー	副詞,一般,*,*,*,*,パー,パー,パー
ぴっ	副詞,一般,*,*,*,*,ぴっ,ピッ,ピッ
ぴって	副詞,一般,*,*,*,*,ぴって,ピッテ,ピッテ
ぴーって	副詞,一般,*,*,*,*,ぴーって,ピーッテ,ピーッテ
ぴっと	副詞,一般,*,*,*,*,ぴっと,ピット,ピット
ぴーっと	副詞,一般,*,*,*,*,ぴーっと,ピーット,ピーット
ピって	副詞,一般,*,*,*,*,ピって,ピッテ,ピッテ
ピーって	副詞,一般,*,*,*,*,ピーって,ピーッテ,ピーッテ
ピっと	副詞,一般,*,*,*,*,ピっと,ピット,ピット
ピーっと	副詞,一般,*,*,*,*,ピーっと,ピーット,ピーット
ピッて	副詞,一般,*,*,*,*,ピッて,ピッテ,ピッテ
ピーッて	副詞,一般,*,*,*,*,ピーッて,ピーッテ,ピーッテ
ピッと	副詞,一般,*,*,*,*,ピッと,ピット,ピット
ピーッと	副詞,一般,*,*,*,*,ピーッと,ピーット,ピーット
ぴぴ	副詞,一般,*,*,*,*,ぴぴ,ピピ,ピピ
ぴっぴ	副詞,一般,*,*,*,*,ぴっぴ,ピッピ,ピッピ
ピピ	副詞,一般,*,*,*,*,ピピ,ピピ,ピピ
ピッピ	副詞,一般,*,*,*,*,ピッピ,ピッピ,ピッピ
ぴぴ	副詞,一般,*,*,*,*,ぴぴ,ピピ,ピピ
ピピッ	副詞,一般,*,*,*,*,ピピッ,ピピッ,ピピッ
ぴっぴっ	副詞,一般,*,*,*,*,ぴっぴっ,ピッピッ,ピッピッ
ピッピッ	副詞,一般,*,*,*,*,ピッピッ,ピッピッ,ピッピッ
ぴぴって	副詞,一般,*,*,*,*,ぴぴって,ピピッテ,ピピッテ
ピピッて	副詞,一般,*,*,*,*,ピピッて,ピピッテ,ピピッテ
ぴっぴって	副詞,一般,*,*,*,*,ぴっぴって,ピッピッテ,ピッピッテ
ピッピッて	副詞,一般,*,*,*,*,ピッピッて,ピッピッテ,ピッピッテ
ぴぴっと	副詞,一般,*,*,*,*,ぴぴっと,ピピット,ピピット
ピピッと	副詞,一般,*,*,*,*,ピピッと,ピピット,ピピット
ぴっぴっと	副詞,一般,*,*,*,*,ぴっぴっと,ピッピット,ピッピット
ピッピッと	副詞,一般,*,*,*,*,ピッピッと,ピッピット,ピッピット
ぴー	副詞,一般,*,*,*,*,ぴー,ピー,ピー
ピー	副詞,一般,*,*,*,*,ピー,ピー,ピー
ぷっ	副詞,一般,*,*,*,*,ぷっ,プッ,プッ
ぷって	副詞,一般,*,*,*,*,ぷって,プッテ,プッテ
ぷーって	副詞,一般,*,*,*,*,ぷーって,プーッテ,プーッテ
ぷっと	副詞,一般,*,*,*,*,ぷっと,プット,プット
ぷーっと	副詞,一般,*,*,*,*,ぷーっと,プーット,プーット
プって	副詞,一般,*,*,*,*,プって,プッテ,プッテ
プーって	副詞,一般,*,*,*,*,プーって,プーッテ,プーッテ
プっと	副詞,一般,*,*,*,*,プっと,プット,プット
プーっと	副詞,一般,*,*,*,*,プーっと,プーット,プーット
プッて	副詞,一般,*,*,*,*,プッて,プッテ,プッテ
プーッて	副詞,一般,*,*,*,*,プーッて,プーッテ,プーッテ
プッと	副詞,一般,*,*,*,*,プッと,プット,プット
プーッと	副詞,一般,*,*,*,*,プーッと,プーット,プーット
ぷぷ	副詞,一般,*,*,*,*,ぷぷ,ププ,ププ
ぷっぷ	副詞,一般,*,*,*,*,ぷっぷ,プップ,プップ
ププ	副詞,一般,*,*,*,*,ププ,ププ,ププ
プップ	副詞,一般,*,*,*,*,プップ,プップ,プップ
ぷぷ	副詞,一般,*,*,*,*,ぷぷ,ププ,ププ
ププッ	副詞,一般,*,*,*,*,ププッ,ププッ,ププッ
ぷっぷっ	副詞,一般,*,*,*,*,ぷっぷっ,プップッ,プップッ
プップッ	副詞,一般,*,*,*,*,プップッ,プップッ,プップッ
ぷぷって	副詞,一般,*,*,*,*,ぷぷって,ププッテ,ププッテ
ププッて	副詞,一般,*,*,*,*,ププッて,ププッテ,ププッテ
ぷっぷって	副詞,一般,*,*,*,*,ぷっぷって,プップッテ,プップッテ
プップッて	副詞,一般,*,*,*,*,プップッて,プップッテ,プップッテ
ぷぷっと	副詞,一般,*,*,*,*,ぷぷっと,ププット,ププット
ププッと	副詞,一般,*,*,*,*,ププッと,ププット,ププット
ぷっぷっと	副詞,一般,*,*,*,*,ぷっぷっと,プップット,プップット
プップッと	副詞,一般,*,*,*,*,プップッと,プップット,プップット
ぷー	副詞,一般,*,*,*,*,ぷー,プー,プー
プー	副詞,一般,*,*,*,*,プー,プー,プー
ひゃっ	副詞,一般,*,*,*,*,ひゃっ,ヒャッ,ヒャッ
ひゃって	副詞,一般,*,*,*,*,ひゃって,ヒャッテ,ヒャッテ
ひゃーって	副詞,一般,*,*,*,*,ひゃーって,ヒャーッテ,ヒャーッテ
ひゃっと	副詞,一般,*,*,*,*,ひゃっと,ヒャット,ヒャット
ひゃーっと	副詞,一般,*,*,*,*,ひゃーっと,ヒャーット,ヒャーット
ヒャって	副詞,一般,*,*,*,*,ヒャって,ヒャッテ,ヒャッテ
ヒャーって	副詞,一般,*,*,*,*,ヒャーって,ヒャーッテ,ヒャーッテ
ヒャっと	副詞,一般,*,*,*,*,ヒャっと,ヒャット,ヒャット
ヒャーっと	副詞,一般,*,*,*,*,ヒャーっと,ヒャーット,ヒャーット
ヒャッて	副詞,一般,*,*,*,*,ヒャッて,ヒャッテ,ヒャッテ
ヒャーッて	副詞,一般,*,*,*,*,ヒャーッて,ヒャーッテ,ヒャーッテ
ヒャッと	副詞,一般,*,*,*,*,ヒャッと,ヒャット,ヒャット
ヒャーッと	副詞,一般,*,*,*,*,ヒャーッと,ヒャーット,ヒャーット
ひゃひゃ	副詞,一般,*,*,*,*,ひゃひゃ,ヒャヒャ,ヒャヒャ
ひゃっひゃ	副詞,一般,*,*,*,*,ひゃっひゃ,ヒャッヒャ,ヒャッヒャ
ヒャヒャ	副詞,一般,*,*,*,*,ヒャヒャ,ヒャヒャ,ヒャヒャ
ヒャッヒャ	副詞,一般,*,*,*,*,ヒャッヒャ,ヒャッヒャ,ヒャッヒャ
ひゃひゃ	副詞,一般,*,*,*,*,ひゃひゃ,ヒャヒャ,ヒャヒャ
ヒャヒャッ	副詞,一般,*,*,*,*,ヒャヒャッ,ヒャヒャッ,ヒャヒャッ
ひゃっひゃっ	副詞,一般,*,*,*,*,ひゃっひゃっ,ヒャッヒャッ,ヒャッヒャッ
ヒャッヒャッ	副詞,一般,*,*,*,*,ヒャッヒャッ,ヒャッヒャッ,ヒャッヒャッ
ひゃひゃって	副詞,一般,*,*,*,*,ひゃひゃって,ヒャヒャッテ,ヒャヒャッテ
ヒャヒャッて	副詞,一般,*,*,*,*,ヒャヒャッて,ヒャヒャッテ,ヒャヒャッテ
ひゃっひゃって	副詞,一般,*,*,*,*,ひゃっひゃって,ヒャッヒャッテ,ヒャッヒャッテ
ヒャッヒャッて	副詞,一般,*,*,*,*,ヒャッヒャッて,ヒャッヒャッテ,ヒャッヒャッテ
ひゃひゃっと	副詞,一般,*,*,*,*,ひゃひゃっと,ヒャヒャット,ヒャヒャット
ヒャヒャッと	副詞,一般,*,*,*,*,ヒャヒャッと,ヒャヒャット,ヒャヒャット
ひゃっひゃっと	副詞,一般,*,*,*,*,ひゃっひゃっと,ヒャッヒャット,ヒャッヒャット
ヒャッヒャッと	副詞,一般,*,*,*,*,ヒャッヒャッと,ヒャッヒャット,ヒャッヒャット
ひゃー	副詞,一般,*,*,*,*,ひゃー,ヒャー,ヒャー
ヒャー	副詞,一般,*,*,*,*,ヒャー,ヒャー,ヒャー
びゃっ	副詞,一般,*,*,*,*,びゃっ,ビャッ,ビャッ
びゃって	副詞,一般,*,*,*,*,びゃって,ビャッテ,ビャッテ
びゃーって	副詞,一般,*,*,*,*,びゃーって,ビャーッテ,ビャーッテ
びゃっと	副詞,一般,*,*,*,*,びゃっと,ビャット,ビャット
びゃーっと	副詞,一般,*,*,*,*,びゃーっと,ビャーット,ビャーット
ビャって	副詞,一般,*,*,*,*,ビャって,ビャッテ,ビャッテ
ビャーって	副詞,一般,*,*,*,*,ビャーって,ビャーッテ,ビャーッテ
ビャっと	副詞,一般,*,*,*,*,ビャっと,ビャット,ビャット
ビャーっと	副詞,一般,*,*,*,*,ビャーっと,ビャーット,ビャーット
ビャッて	副詞,一般,*,*,*,*,ビャッて,ビャッテ,ビャッテ
ビャーッて	副詞,一般,*,*,*,*,ビャーッて,ビャーッテ,ビャーッテ
ビャッと	副詞,一般,*,*,*,*,ビャッと,ビャット,ビャット
ビャーッと	副詞,一般,*,*,*,*,ビャーッと,ビャーット,ビャーット
びゃびゃ	副詞,一般,*,*,*,*,びゃびゃ,ビャビャ,ビャビャ
びゃっびゃ	副詞,一般,*,*,*,*,びゃっびゃ,ビャッビャ,ビャッビャ
ビャビャ	副詞,一般,*,*,*,*,ビャビャ,ビャビャ,ビャビャ
ビャッビャ	副詞,一般,*,*,*,*,ビャッビャ,ビャッビャ,ビャッビャ
びゃびゃ	副詞,一般,*,*,*,*,びゃびゃ,ビャビャ,ビャビャ
ビャビャッ	副詞,一般,*,*,*,*,ビャビャッ,ビャビャッ,ビャビャッ
びゃっびゃっ	副詞,一般,*,*,*,*,びゃっびゃっ,ビャッビャッ,ビャッビャッ
ビャッビャッ	副詞,一般,*,*,*,*,ビャッビャッ,ビャッビャッ,ビャッビャッ
びゃびゃって	副詞,一般,*,*,*,*,びゃびゃって,ビャビャッテ,ビャビャッテ
ビャビャッて	副詞,一般,*,*,*,*,ビャビャッて,ビャビャッテ,ビャビャッテ
びゃっびゃって	副詞,一般,*,*,*,*,びゃっびゃって,ビャッビャッテ,ビャッビャッテ
ビャッビャッて	副詞,一般,*,*,*,*,ビャッビャッて,ビャッビャッテ,ビャッビャッテ
びゃびゃっと	副詞,一般,*,*,*,*,びゃびゃっと,ビャビャット,ビャビャット
ビャビャッと	副詞,一般,*,*,*,*,ビャビャッと,ビャビャット,ビャビャット
びゃっびゃっと	副詞,一般,*,*,*,*,びゃっびゃっと,ビャッビャット,ビャッビャット
ビャッビャッと	副詞,一般,*,*,*,*,ビャッビャッと,ビャッビャット,ビャッビャット
びゃー	副詞,一般,*,*,*,*,びゃー,ビャー,ビャー
ビャー	副詞,一般,*,*,*,*,ビャー,ビャー,ビャー
ぺっ	副詞,一般,*,*,*,*,ぺっ,ペッ,ペッ
ぺって	副詞,一般,*,*,*,*,ぺって,ペッテ,ペッテ
ぺーって	副詞,一般,*,*,*,*,ぺーって,ペーッテ,ペーッテ
ぺっと	副詞,一般,*,*,*,*,ぺっと,ペット,ペット
ぺーっと	副詞,一般,*,*,*,*,ぺーっと,ペーット,ペーット
ペって	副詞,一般,*,*,*,*,ペって,ペッテ,ペッテ
ペーって	副詞,一般,*,*,*,*,ペーって,ペーッテ,ペーッテ
ペっと	副詞,一般,*,*,*,*,ペっと,ペット,ペット
ペーっと	副詞,一般,*,*,*,*,ペーっと,ペーット,ペーット
ペッて	副詞,一般,*,*,*,*,ペッて,ペッテ,ペッテ
ペーッて	副詞,一般,*,*,*,*,ペーッて,ペーッテ,ペーッテ
ペッと	副詞,一般,*,*,*,*,ペッと,ペット,ペット
ペーッと	副詞,一般,*,*,*,*,ペーッと,ペーット,ペーット
ぺぺ	副詞,一般,*,*,*,*,ぺぺ,ペペ,ペペ
ぺっぺ	副詞,一般,*,*,*,*,ぺっぺ,ペッペ,ペッペ
ペペ	副詞,一般,*,*,*,*,ペペ,ペペ,ペペ
ペッペ	副詞,一般,*,*,*,*,ペッペ,ペッペ,ペッペ
ぺぺ	副詞,一般,*,*,*,*,ぺぺ,ペペ,ペペ
ペペッ	副詞,一般,*,*,*,*,ペペッ,ペペッ,ペペッ
ぺっぺっ	副詞,一般,*,*,*,*,ぺっぺっ,ペッペッ,ペッペッ
ペッペッ	副詞,一般,*,*,*,*,ペッペッ,ペッペッ,ペッペッ
ぺぺって	副詞,一般,*,*,*,*,ぺぺって,ペペッテ,ペペッテ
ペペッて	副詞,一般,*,*,*,*,ペペッて,ペペッテ,ペペッテ
ぺっぺって	副詞,一般,*,*,*,*,ぺっぺって,ペッペッテ,ペッペッテ
ペッペッて	副詞,一般,*,*,*,*,ペッペッて,ペッペッテ,ペッペッテ
ぺぺっと	副詞,一般,*,*,*,*,ぺぺっと,ペペット,ペペット
ペペッと	副詞,一般,*,*,*,*,ペペッと,ペペット,ペペット
ぺっぺっと	副詞,一般,*,*,*,*,ぺっぺっと,ペッペット,ペッペット
ペッペッと	副詞,一般,*,*,*,*,ペッペッと,ペッペット,ペッペット
ぺー	副詞,一般,*,*,*,*,ぺー,ペー,ペー
ペー	副詞,一般,*,*,*,*,ペー,ペー,ペー
ぽっ	副詞,一般,*,*,*,*,ぽっ,ポッ,ポッ
ぽって	副詞,一般,*,*,*,*,ぽって,ポッテ,ポッテ
ぽーって	副詞,一般,*,*,*,*,ぽーって,ポーッテ,ポーッテ
ぽっと	副詞,一般,*,*,*,*,ぽっと,ポット,ポット
ぽーっと	副詞,一般,*,*,*,*,ぽーっと,ポーット,ポーット
ポって	副詞,一般,*,*,*,*,ポって,ポッテ,ポッテ
ポーって	副詞,一般,*,*,*,*,ポーって,ポーッテ,ポーッテ
ポっと	副詞,一般,*,*,*,*,ポっと,ポット,ポット
ポーっと	副詞,一般,*,*,*,*,ポーっと,ポーット,ポーット
ポッて	副詞,一般,*,*,*,*,ポッて,ポッテ,ポッテ
ポーッて	副詞,一般,*,*,*,*,ポーッて,ポーッテ,ポーッテ
ポッと	副詞,一般,*,*,*,*,ポッと,ポット,ポット
ポーッと	副詞,一般,*,*,*,*,ポーッと,ポーット,ポーット
ぽぽ	副詞,一般,*,*,*,*,ぽぽ,ポポ,ポポ
ぽっぽ	副詞,一般,*,*,*,*,ぽっぽ,ポッポ,ポッポ
ポポ	副詞,一般,*,*,*,*,ポポ,ポポ,ポポ
ポッポ	副詞,一般,*,*,*,*,ポッポ,ポッポ,ポッポ
ぽぽ	副詞,一般,*,*,*,*,ぽぽ,ポポ,ポポ
ポポッ	副詞,一般,*,*,*,*,ポポッ,ポポッ,ポポッ
ぽっぽっ	副詞,一般,*,*,*,*,ぽっぽっ,ポッポッ,ポッポッ
ポッポッ	副詞,一般,*,*,*,*,ポッポッ,ポッポッ,ポッポッ
ぽぽって	副詞,一般,*,*,*,*,ぽぽって,ポポッテ,ポポッテ
ポポッて	副詞,一般,*,*,*,*,ポポッて,ポポッテ,ポポッテ
ぽっぽって	副詞,一般,*,*,*,*,ぽっぽって,ポッポッテ,ポッポッテ
ポッポッて	副詞,一般,*,*,*,*,ポッポッて,ポッポッテ,ポッポッテ
ぽぽっと	副詞,一般,*,*,*,*,ぽぽっと,ポポット,ポポット
ポポッと	副詞,一般,*,*,*,*,ポポッと,ポポット,ポポット
ぽっぽっと	副詞,一般,*,*,*,*,ぽっぽっと,ポッポット,ポッポット
ポッポッと	副詞,一般,*,*,*,*,ポッポッと,ポッポット,ポッポット
ぽー	副詞,一般,*,*,*,*,ぽー,ポー,ポー
ポー	副詞,一般,*,*,*,*,ポー,ポー,ポー
ぽこっ	副詞,一般,*,*,*,*,ぽこっ,ポコッ,ポコッ
ぽこって	副詞,一般,*,*,*,*,ぽこって,ポコッテ,ポコッテ
ぽこーって	副詞,一般,*,*,*,*,ぽこーって,ポコーッテ,ポコーッテ
ぽこっと	副詞,一般,*,*,*,*,ぽこっと,ポコット,ポコット
ぽこーっと	副詞,一般,*,*,*,*,ぽこーっと,ポコーット,ポコーット
ポコって	副詞,一般,*,*,*,*,ポコって,ポコッテ,ポコッテ
ポコーって	副詞,一般,*,*,*,*,ポコーって,ポコーッテ,ポコーッテ
ポコっと	副詞,一般,*,*,*,*,ポコっと,ポコット,ポコット
ポコーっと	副詞,一般,*,*,*,*,ポコーっと,ポコーット,ポコーット
ポコッて	副詞,一般,*,*,*,*,ポコッて,ポコッテ,ポコッテ
ポコーッて	副詞,一般,*,*,*,*,ポコーッて,ポコーッテ,ポコーッテ
ポコッと	副詞,一般,*,*,*,*,ポコッと,ポコット,ポコット
ポコーッと	副詞,一般,*,*,*,*,ポコーッと,ポコーット,ポコーット
ぽこぽこ	副詞,一般,*,*,*,*,ぽこぽこ,ポコポコ,ポコポコ
ぽこっぽこ	副詞,一般,*,*,*,*,ぽこっぽこ,ポコッポコ,ポコッポコ
ポコポコ	副詞,一般,*,*,*,*,ポコポコ,ポコポコ,ポコポコ
ポコッポコ	副詞,一般,*,*,*,*,ポコッポコ,ポコッポコ,ポコッポコ
ぽこぽこ	副詞,一般,*,*,*,*,ぽこぽこ,ポコポコ,ポコポコ
ポコポコッ	副詞,一般,*,*,*,*,ポコポコッ,ポコポコッ,ポコポコッ
ぽこっぽこっ	副詞,一般,*,*,*,*,ぽこっぽこっ,ポコッポコッ,ポコッポコッ
ポコッポコッ	副詞,一般,*,*,*,*,ポコッポコッ,ポコッポコッ,ポコッポコッ
ぽこぽこって	副詞,一般,*,*,*,*,ぽこぽこって,ポコポコッテ,ポコポコッテ
ポコポコッて	副詞,一般,*,*,*,*,ポコポコッて,ポコポコッテ,ポコポコッテ
ぽこっぽこって	副詞,一般,*,*,*,*,ぽこっぽこって,ポコッポコッテ,ポコッポコッテ
ポコッポコッて	副詞,一般,*,*,*,*,ポコッポコッて,ポコッポコッテ,ポコッポコッテ
ぽこぽこっと	副詞,一般,*,*,*,*,ぽこぽこっと,ポコポコット,ポコポコット
ポコポコッと	副詞,一般,*,*,*,*,ポコポコッと,ポコポコット,ポコポコット
ぽこっぽこっと	副詞,一般,*,*,*,*,ぽこっぽこっと,ポコッポコット,ポコッポコット
ポコッポコッと	副詞,一般,*,*,*,*,ポコッポコッと,ポコッポコット,ポコッポコット
ぽこー	副詞,一般,*,*,*,*,ぽこー,ポコー,ポコー
ポコー	副詞,一般,*,*,*,*,ポコー,ポコー,ポコー
さっ	副詞,一般,*,*,*,*,さっ,サッ,サッ
さって	副詞,一般,*,*,*,*,さって,サッテ,サッテ
さーって	副詞,一般,*,*,*,*,さーって,サーッテ,サーッテ
さっと	副詞,一般,*,*,*,*,さっと,サット,サット
さーっと	副詞,一般,*,*,*,*,さーっと,サーット,サーット
サって	副詞,一般,*,*,*,*,サって,サッテ,サッテ
サーって	副詞,一般,*,*,*,*,サーって,サーッテ,サーッテ
サっと	副詞,一般,*,*,*,*,サっと,サット,サット
サーっと	副詞,一般,*,*,*,*,サーっと,サーット,サーット
サッて	副詞,一般,*,*,*,*,サッて,サッテ,サッテ
サーッて	副詞,一般,*,*,*,*,サーッて,サーッテ,サーッテ
サッと	副詞,一般,*,*,*,*,サッと,サット,サット
サーッと	副詞,一般,*,*,*,*,サーッと,サーット,サーット
ささ	副詞,一般,*,*,*,*,ささ,ササ,ササ
さっさ	副詞,一般,*,*,*,*,さっさ,サッサ,サッサ
ササ	副詞,一般,*,*,*,*,ササ,ササ,ササ
サッサ	副詞,一般,*,*,*,*,サッサ,サッサ,サッサ
ささ	副詞,一般,*,*,*,*,ささ,ササ,ササ
ササッ	副詞,一般,*,*,*,*,ササッ,ササッ,ササッ
さっさっ	副詞,一般,*,*,*,*,さっさっ,サッサッ,サッサッ
サッサッ	副詞,一般,*,*,*,*,サッサッ,サッサッ,サッサッ
ささって	副詞,一般,*,*,*,*,ささって,ササッテ,ササッテ
ササッて	副詞,一般,*,*,*,*,ササッて,ササッテ,ササッテ
さっさって	副詞,一般,*,*,*,*,さっさって,サッサッテ,サッサッテ
サッサッて	副詞,一般,*,*,*,*,サッサッて,サッサッテ,サッサッテ
ささっと	副詞,一般,*,*,*,*,ささっと,ササット,ササット
ササッと	副詞,一般,*,*,*,*,ササッと,ササット,ササット
さっさっと	副詞,一般,*,*,*,*,さっさっと,サッサット,サッサット
サッサッと	副詞,一般,*,*,*,*,サッサッと,サッサット,サッサット
さー	副詞,一般,*,*,*,*,さー,サー,サー
サー	副詞,一般,*,*,*,*,サー,サー,サー
へこっ	副詞,一般,*,*,*,*,へこっ,ヘコッ,ヘコッ
へこって	副詞,一般,*,*,*,*,へこって,ヘコッテ,ヘコッテ
へこーって	副詞,一般,*,*,*,*,へこーって,ヘコーッテ,ヘコーッテ
へこっと	副詞,一般,*,*,*,*,へこっと,ヘコット,ヘコット
へこーっと	副詞,一般,*,*,*,*,へこーっと,ヘコーット,ヘコーット
ヘコって	副詞,一般,*,*,*,*,ヘコって,ヘコッテ,ヘコッテ
ヘコーって	副詞,一般,*,*,*,*,ヘコーって,ヘコーッテ,ヘコーッテ
ヘコっと	副詞,一般,*,*,*,*,ヘコっと,ヘコット,ヘコット
ヘコーっと	副詞,一般,*,*,*,*,ヘコーっと,ヘコーット,ヘコーット
ヘコッて	副詞,一般,*,*,*,*,ヘコッて,ヘコッテ,ヘコッテ
ヘコーッて	副詞,一般,*,*,*,*,ヘコーッて,ヘコーッテ,ヘコーッテ
ヘコッと	副詞,一般,*,*,*,*,ヘコッと,ヘコット,ヘコット
ヘコーッと	副詞,一般,*,*,*,*,ヘコーッと,ヘコーット,ヘコーット
へこへこ	副詞,一般,*,*,*,*,へこへこ,ヘコヘコ,ヘコヘコ
へこっへこ	副詞,一般,*,*,*,*,へこっへこ,ヘコッヘコ,ヘコッヘコ
ヘコヘコ	副詞,一般,*,*,*,*,ヘコヘコ,ヘコヘコ,ヘコヘコ
ヘコッヘコ	副詞,一般,*,*,*,*,ヘコッヘコ,ヘコッヘコ,ヘコッヘコ
へこへこ	副詞,一般,*,*,*,*,へこへこ,ヘコヘコ,ヘコヘコ
ヘコヘコッ	副詞,一般,*,*,*,*,ヘコヘコッ,ヘコヘコッ,ヘコヘコッ
へこっへこっ	副詞,一般,*,*,*,*,へこっへこっ,ヘコッヘコッ,ヘコッヘコッ
ヘコッヘコッ	副詞,一般,*,*,*,*,ヘコッヘコッ,ヘコッヘコッ,ヘコッヘコッ
へこへこって	副詞,一般,*,*,*,*,へこへこって,ヘコヘコッテ,ヘコヘコッテ
ヘコヘコッて	副詞,一般,*,*,*,*,ヘコヘコッて,ヘコヘコッテ,ヘコヘコッテ
へこっへこって	副詞,一般,*,*,*,*,へこっへこって,ヘコッヘコッテ,ヘコッヘコッテ
ヘコッヘコッて	副詞,一般,*,*,*,*,ヘコッヘコッて,ヘコッヘコッテ,ヘコッヘコッテ
へこへこっと	副詞,一般,*,*,*,*,へこへこっと,ヘコヘコット,ヘコヘコット
ヘコヘコッと	副詞,一般,*,*,*,*,ヘコヘコッと,ヘコヘコット,ヘコヘコット
へこっへこっと	副詞,一般,*,*,*,*,へこっへこっと,ヘコッヘコット,ヘコッヘコット
ヘコッヘコッと	副詞,一般,*,*,*,*,ヘコッヘコッと,ヘコッヘコット,ヘコッヘコット
へこー	副詞,一般,*,*,*,*,へこー,ヘコー,ヘコー
ヘコー	副詞,一般,*,*,*,*,ヘコー,ヘコー,ヘコー
ぐわっ	副詞,一般,*,*,*,*,ぐわっ,グワッ,グワッ
ぐわって	副詞,一般,*,*,*,*,ぐわって,グワッテ,グワッテ
ぐわーって	副詞,一般,*,*,*,*,ぐわーって,グワーッテ,グワーッテ
ぐわっと	副詞,一般,*,*,*,*,ぐわっと,グワット,グワット
ぐわーっと	副詞,一般,*,*,*,*,ぐわーっと,グワーット,グワーット
グワって	副詞,一般,*,*,*,*,グワって,グワッテ,グワッテ
グワーって	副詞,一般,*,*,*,*,グワーって,グワーッテ,グワーッテ
グワっと	副詞,一般,*,*,*,*,グワっと,グワット,グワット
グワーっと	副詞,一般,*,*,*,*,グワーっと,グワーット,グワーット
グワッて	副詞,一般,*,*,*,*,グワッて,グワッテ,グワッテ
グワーッて	副詞,一般,*,*,*,*,グワーッて,グワーッテ,グワーッテ
グワッと	副詞,一般,*,*,*,*,グワッと,グワット,グワット
グワーッと	副詞,一般,*,*,*,*,グワーッと,グワーット,グワーット
ぐわぐわ	副詞,一般,*,*,*,*,ぐわぐわ,グワグワ,グワグワ
ぐわっぐわ	副詞,一般,*,*,*,*,ぐわっぐわ,グワッグワ,グワッグワ
グワグワ	副詞,一般,*,*,*,*,グワグワ,グワグワ,グワグワ
グワッグワ	副詞,一般,*,*,*,*,グワッグワ,グワッグワ,グワッグワ
ぐわぐわ	副詞,一般,*,*,*,*,ぐわぐわ,グワグワ,グワグワ
グワグワッ	副詞,一般,*,*,*,*,グワグワッ,グワグワッ,グワグワッ
ぐわっぐわっ	副詞,一般,*,*,*,*,ぐわっぐわっ,グワッグワッ,グワッグワッ
グワッグワッ	副詞,一般,*,*,*,*,グワッグワッ,グワッグワッ,グワッグワッ
ぐわぐわって	副詞,一般,*,*,*,*,ぐわぐわって,グワグワッテ,グワグワッテ
グワグワッて	副詞,一般,*,*,*,*,グワグワッて,グワグワッテ,グワグワッテ
ぐわっぐわって	副詞,一般,*,*,*,*,ぐわっぐわって,グワッグワッテ,グワッグワッテ
グワッグワッて	副詞,一般,*,*,*,*,グワッグワッて,グワッグワッテ,グワッグワッテ
ぐわぐわっと	副詞,一般,*,*,*,*,ぐわぐわっと,グワグワット,グワグワット
グワグワッと	副詞,一般,*,*,*,*,グワグワッと,グワグワット,グワグワット
ぐわっぐわっと	副詞,一般,*,*,*,*,ぐわっぐわっと,グワッグワット,グワッグワット
グワッグワッと	副詞,一般,*,*,*,*,グワッグワッと,グワッグワット,グワッグワット
ぐわー	副詞,一般,*,*,*,*,ぐわー,グワー,グワー
グワー	副詞,一般,*,*,*,*,グワー,グワー,グワー
きゃっ	副詞,一般,*,*,*,*,きゃっ,キャッ,キャッ
きゃって	副詞,一般,*,*,*,*,きゃって,キャッテ,キャッテ
きゃーって	副詞,一般,*,*,*,*,きゃーって,キャーッテ,キャーッテ
きゃっと	副詞,一般,*,*,*,*,きゃっと,キャット,キャット
きゃーっと	副詞,一般,*,*,*,*,きゃーっと,キャーット,キャーット
キャって	副詞,一般,*,*,*,*,キャって,キャッテ,キャッテ
キャーって	副詞,一般,*,*,*,*,キャーって,キャーッテ,キャーッテ
キャっと	副詞,一般,*,*,*,*,キャっと,キャット,キャット
キャーっと	副詞,一般,*,*,*,*,キャーっと,キャーット,キャーット
キャッて	副詞,一般,*,*,*,*,キャッて,キャッテ,キャッテ
キャーッて	副詞,一般,*,*,*,*,キャーッて,キャーッテ,キャーッテ
キャッと	副詞,一般,*,*,*,*,キャッと,キャット,キャット
キャーッと	副詞,一般,*,*,*,*,キャーッと,キャーット,キャーット
きゃきゃ	副詞,一般,*,*,*,*,きゃきゃ,キャキャ,キャキャ
きゃっきゃ	副詞,一般,*,*,*,*,きゃっきゃ,キャッキャ,キャッキャ
キャキャ	副詞,一般,*,*,*,*,キャキャ,キャキャ,キャキャ
キャッキャ	副詞,一般,*,*,*,*,キャッキャ,キャッキャ,キャッキャ
きゃきゃ	副詞,一般,*,*,*,*,きゃきゃ,キャキャ,キャキャ
キャキャッ	副詞,一般,*,*,*,*,キャキャッ,キャキャッ,キャキャッ
きゃっきゃっ	副詞,一般,*,*,*,*,きゃっきゃっ,キャッキャッ,キャッキャッ
キャッキャッ	副詞,一般,*,*,*,*,キャッキャッ,キャッキャッ,キャッキャッ
きゃきゃって	副詞,一般,*,*,*,*,きゃきゃって,キャキャッテ,キャキャッテ
キャキャッて	副詞,一般,*,*,*,*,キャキャッて,キャキャッテ,キャキャッテ
きゃっきゃって	副詞,一般,*,*,*,*,きゃっきゃって,キャッキャッテ,キャッキャッテ
キャッキャッて	副詞,一般,*,*,*,*,キャッキャッて,キャッキャッテ,キャッキャッテ
きゃきゃっと	副詞,一般,*,*,*,*,きゃきゃっと,キャキャット,キャキャット
キャキャッと	副詞,一般,*,*,*,*,キャキャッと,キャキャット,キャキャット
きゃっきゃっと	副詞,一般,*,*,*,*,きゃっきゃっと,キャッキャット,キャッキャット
キャッキャッと	副詞,一般,*,*,*,*,キャッキャッと,キャッキャット,キャッキャット
きゃー	副詞,一般,*,*,*,*,きゃー,キャー,キャー
キャー	副詞,一般,*,*,*,*,キャー,キャー,キャー
きらっ	副詞,一般,*,*,*,*,きらっ,キラッ,キラッ
きらって	副詞,一般,*,*,*,*,きらって,キラッテ,キラッテ
きらーって	副詞,一般,*,*,*,*,きらーって,キラーッテ,キラーッテ
きらっと	副詞,一般,*,*,*,*,きらっと,キラット,キラット
きらーっと	副詞,一般,*,*,*,*,きらーっと,キラーット,キラーット
キラって	副詞,一般,*,*,*,*,キラって,キラッテ,キラッテ
キラーって	副詞,一般,*,*,*,*,キラーって,キラーッテ,キラーッテ
キラっと	副詞,一般,*,*,*,*,キラっと,キラット,キラット
キラーっと	副詞,一般,*,*,*,*,キラーっと,キラーット,キラーット
キラッて	副詞,一般,*,*,*,*,キラッて,キラッテ,キラッテ
キラーッて	副詞,一般,*,*,*,*,キラーッて,キラーッテ,キラーッテ
キラッと	副詞,一般,*,*,*,*,キラッと,キラット,キラット
キラーッと	副詞,一般,*,*,*,*,キラーッと,キラーット,キラーット
きらきら	副詞,一般,*,*,*,*,きらきら,キラキラ,キラキラ
きらっきら	副詞,一般,*,*,*,*,きらっきら,キラッキラ,キラッキラ
キラキラ	副詞,一般,*,*,*,*,キラキラ,キラキラ,キラキラ
キラッキラ	副詞,一般,*,*,*,*,キラッキラ,キラッキラ,キラッキラ
きらきら	副詞,一般,*,*,*,*,きらきら,キラキラ,キラキラ
キラキラッ	副詞,一般,*,*,*,*,キラキラッ,キラキラッ,キラキラッ
きらっきらっ	副詞,一般,*,*,*,*,きらっきらっ,キラッキラッ,キラッキラッ
キラッキラッ	副詞,一般,*,*,*,*,キラッキラッ,キラッキラッ,キラッキラッ
きらきらって	副詞,一般,*,*,*,*,きらきらって,キラキラッテ,キラキラッテ
キラキラッて	副詞,一般,*,*,*,*,キラキラッて,キラキラッテ,キラキラッテ
きらっきらって	副詞,一般,*,*,*,*,きらっきらって,キラッキラッテ,キラッキラッテ
キラッキラッて	副詞,一般,*,*,*,*,キラッキラッて,キラッキラッテ,キラッキラッテ
きらきらっと	副詞,一般,*,*,*,*,きらきらっと,キラキラット,キラキラット
キラキラッと	副詞,一般,*,*,*,*,キラキラッと,キラキラット,キラキラット
きらっきらっと	副詞,一般,*,*,*,*,きらっきらっと,キラッキラット,キラッキラット
キラッキラッと	副詞,一般,*,*,*,*,キラッキラッと,キラッキラット,キラッキラット
きらー	副詞,一般,*,*,*,*,きらー,キラー,キラー
キラー	副詞,一般,*,*,*,*,キラー,キラー,キラー
さらっ	副詞,一般,*,*,*,*,さらっ,サラッ,サラッ
さらって	副詞,一般,*,*,*,*,さらって,サラッテ,サラッテ
さらーって	副詞,一般,*,*,*,*,さらーって,サラーッテ,サラーッテ
さらっと	副詞,一般,*,*,*,*,さらっと,サラット,サラット
さらーっと	副詞,一般,*,*,*,*,さらーっと,サラーット,サラーット
サラって	副詞,一般,*,*,*,*,サラって,サラッテ,サラッテ
サラーって	副詞,一般,*,*,*,*,サラーって,サラーッテ,サラーッテ
サラっと	副詞,一般,*,*,*,*,サラっと,サラット,サラット
サラーっと	副詞,一般,*,*,*,*,サラーっと,サラーット,サラーット
サラッて	副詞,一般,*,*,*,*,サラッて,サラッテ,サラッテ
サラーッて	副詞,一般,*,*,*,*,サラーッて,サラーッテ,サラーッテ
サラッと	副詞,一般,*,*,*,*,サラッと,サラット,サラット
サラーッと	副詞,一般,*,*,*,*,サラーッと,サラーット,サラーット
さらさら	副詞,一般,*,*,*,*,さらさら,サラサラ,サラサラ
さらっさら	副詞,一般,*,*,*,*,さらっさら,サラッサラ,サラッサラ
サラサラ	副詞,一般,*,*,*,*,サラサラ,サラサラ,サラサラ
サラッサラ	副詞,一般,*,*,*,*,サラッサラ,サラッサラ,サラッサラ
さらさら	副詞,一般,*,*,*,*,さらさら,サラサラ,サラサラ
サラサラッ	副詞,一般,*,*,*,*,サラサラッ,サラサラッ,サラサラッ
さらっさらっ	副詞,一般,*,*,*,*,さらっさらっ,サラッサラッ,サラッサラッ
サラッサラッ	副詞,一般,*,*,*,*,サラッサラッ,サラッサラッ,サラッサラッ
さらさらって	副詞,一般,*,*,*,*,さらさらって,サラサラッテ,サラサラッテ
サラサラッて	副詞,一般,*,*,*,*,サラサラッて,サラサラッテ,サラサラッテ
さらっさらって	副詞,一般,*,*,*,*,さらっさらって,サラッサラッテ,サラッサラッテ
サラッサラッて	副詞,一般,*,*,*,*,サラッサラッて,サラッサラッテ,サラッサラッテ
さらさらっと	副詞,一般,*,*,*,*,さらさらっと,サラサラット,サラサラット
サラサラッと	副詞,一般,*,*,*,*,サラサラッと,サラサラット,サラサラット
さらっさらっと	副詞,一般,*,*,*,*,さらっさらっと,サラッサラット,サラッサラット
サラッサラッと	副詞,一般,*,*,*,*,サラッサラッと,サラッサラット,サラッサラット
さらー	副詞,一般,*,*,*,*,さらー,サラー,サラー
サラー	副詞,一般,*,*,*,*,サラー,サラー,サラー
ちゅっ	副詞,一般,*,*,*,*,ちゅっ,チュッ,チュッ
ちゅって	副詞,一般,*,*,*,*,ちゅって,チュッテ,チュッテ
ちゅーって	副詞,一般,*,*,*,*,ちゅーって,チューッテ,チューッテ
ちゅっと	副詞,一般,*,*,*,*,ちゅっと,チュット,チュット
ちゅーっと	副詞,一般,*,*,*,*,ちゅーっと,チューット,チューット
チュって	副詞,一般,*,*,*,*,チュって,チュッテ,チュッテ
チューって	副詞,一般,*,*,*,*,チューって,チューッテ,チューッテ
チュっと	副詞,一般,*,*,*,*,チュっと,チュット,チュット
チューっと	副詞,一般,*,*,*,*,チューっと,チューット,チューット
チュッて	副詞,一般,*,*,*,*,チュッて,チュッテ,チュッテ
チューッて	副詞,一般,*,*,*,*,チューッて,チューッテ,チューッテ
チュッと	副詞,一般,*,*,*,*,チュッと,チュット,チュット
チューッと	副詞,一般,*,*,*,*,チューッと,チューット,チューット
ちゅちゅ	副詞,一般,*,*,*,*,ちゅちゅ,チュチュ,チュチュ
ちゅっちゅ	副詞,一般,*,*,*,*,ちゅっちゅ,チュッチュ,チュッチュ
チュチュ	副詞,一般,*,*,*,*,チュチュ,チュチュ,チュチュ
チュッチュ	副詞,一般,*,*,*,*,チュッチュ,チュッチュ,チュッチュ
ちゅちゅ	副詞,一般,*,*,*,*,ちゅちゅ,チュチュ,チュチュ
チュチュッ	副詞,一般,*,*,*,*,チュチュッ,チュチュッ,チュチュッ
ちゅっちゅっ	副詞,一般,*,*,*,*,ちゅっちゅっ,チュッチュッ,チュッチュッ
チュッチュッ	副詞,一般,*,*,*,*,チュッチュッ,チュッチュッ,チュッチュッ
ちゅちゅって	副詞,一般,*,*,*,*,ちゅちゅって,チュチュッテ,チュチュッテ
チュチュッて	副詞,一般,*,*,*,*,チュチュッて,チュチュッテ,チュチュッテ
ちゅっちゅって	副詞,一般,*,*,*,*,ちゅっちゅって,チュッチュッテ,チュッチュッテ
チュッチュッて	副詞,一般,*,*,*,*,チュッチュッて,チュッチュッテ,チュッチュッテ
ちゅちゅっと	副詞,一般,*,*,*,*,ちゅちゅっと,チュチュット,チュチュット
チュチュッと	副詞,一般,*,*,*,*,チュチュッと,チュチュット,チュチュット
ちゅっちゅっと	副詞,一般,*,*,*,*,ちゅっちゅっと,チュッチュット,チュッチュット
チュッチュッと	副詞,一般,*,*,*,*,チュッチュッと,チュッチュット,チュッチュット
ちゅー	副詞,一般,*,*,*,*,ちゅー,チュー,チュー
チュー	副詞,一般,*,*,*,*,チュー,チュー,チュー
