うわっ,3,3,6420,副詞,一般,*,*,*,*,うわっ,ウワッ,ウワッ
うわって,3,3,6420,副詞,一般,*,*,*,*,うわって,ウワッテ,ウワッテ
うわーって,3,3,6420,副詞,一般,*,*,*,*,うわーって,ウワーッテ,ウワーッテ
うわっと,3,3,6420,副詞,一般,*,*,*,*,うわっと,ウワット,ウワット
うわーっと,3,3,6420,副詞,一般,*,*,*,*,うわーっと,ウワーット,ウワーット
ウワって,3,3,3981,副詞,一般,*,*,*,*,ウワって,ウワッテ,ウワッテ
ウワーって,3,3,3981,副詞,一般,*,*,*,*,ウワーって,ウワーッテ,ウワーッテ
ウワっと,3,3,3981,副詞,一般,*,*,*,*,ウワっと,ウワット,ウワット
ウワーっと,3,3,3981,副詞,一般,*,*,*,*,ウワーっと,ウワーット,ウワーット
ウワッて,3,3,3981,副詞,一般,*,*,*,*,ウワッて,ウワッテ,ウワッテ
ウワーッて,3,3,3981,副詞,一般,*,*,*,*,ウワーッて,ウワーッテ,ウワーッテ
ウワッと,3,3,3981,副詞,一般,*,*,*,*,ウワッと,ウワット,ウワット
ウワーッと,3,3,3981,副詞,一般,*,*,*,*,ウワーッと,ウワーット,ウワーット
うわうわ,3,3,6420,副詞,一般,*,*,*,*,うわうわ,ウワウワ,ウワウワ
うわっうわ,3,3,6420,副詞,一般,*,*,*,*,うわっうわ,ウワッウワ,ウワッウワ
ウワウワ,3,3,3981,副詞,一般,*,*,*,*,ウワウワ,ウワウワ,ウワウワ
ウワッウワ,3,3,3981,副詞,一般,*,*,*,*,ウワッウワ,ウワッウワ,ウワッウワ
うわうわ,3,3,6420,副詞,一般,*,*,*,*,うわうわ,ウワウワ,ウワウワ
ウワウワッ,3,3,3981,副詞,一般,*,*,*,*,ウワウワッ,ウワウワッ,ウワウワッ
うわっうわっ,3,3,6420,副詞,一般,*,*,*,*,うわっうわっ,ウワッウワッ,ウワッウワッ
ウワッウワッ,3,3,3981,副詞,一般,*,*,*,*,ウワッウワッ,ウワッウワッ,ウワッウワッ
うわうわって,3,3,6420,副詞,一般,*,*,*,*,うわうわって,ウワウワッテ,ウワウワッテ
ウワウワッて,3,3,3981,副詞,一般,*,*,*,*,ウワウワッて,ウワウワッテ,ウワウワッテ
うわっうわって,3,3,6420,副詞,一般,*,*,*,*,うわっうわって,ウワッウワッテ,ウワッウワッテ
ウワッウワッて,3,3,3981,副詞,一般,*,*,*,*,ウワッウワッて,ウワッウワッテ,ウワッウワッテ
うわうわっと,3,3,6420,副詞,一般,*,*,*,*,うわうわっと,ウワウワット,ウワウワット
ウワウワッと,3,3,3981,副詞,一般,*,*,*,*,ウワウワッと,ウワウワット,ウワウワット
うわっうわっと,3,3,6420,副詞,一般,*,*,*,*,うわっうわっと,ウワッウワット,ウワッウワット
ウワッウワッと,3,3,3981,副詞,一般,*,*,*,*,ウワッウワッと,ウワッウワット,ウワッウワット
うわー,3,3,6941,副詞,一般,*,*,*,*,うわー,ウワー,ウワー
ウワー,3,3,3978,副詞,一般,*,*,*,*,ウワー,ウワー,ウワー
きゃっ,3,3,6420,副詞,一般,*,*,*,*,きゃっ,キャッ,キャッ
きゃって,3,3,6420,副詞,一般,*,*,*,*,きゃって,キャッテ,キャッテ
きゃーって,3,3,6420,副詞,一般,*,*,*,*,きゃーって,キャーッテ,キャーッテ
きゃっと,3,3,6420,副詞,一般,*,*,*,*,きゃっと,キャット,キャット
きゃーっと,3,3,6420,副詞,一般,*,*,*,*,きゃーっと,キャーット,キャーット
キャって,3,3,3981,副詞,一般,*,*,*,*,キャって,キャッテ,キャッテ
キャーって,3,3,3981,副詞,一般,*,*,*,*,キャーって,キャーッテ,キャーッテ
キャっと,3,3,3981,副詞,一般,*,*,*,*,キャっと,キャット,キャット
キャーっと,3,3,3981,副詞,一般,*,*,*,*,キャーっと,キャーット,キャーット
キャッて,3,3,3981,副詞,一般,*,*,*,*,キャッて,キャッテ,キャッテ
キャーッて,3,3,3981,副詞,一般,*,*,*,*,キャーッて,キャーッテ,キャーッテ
キャッと,3,3,3981,副詞,一般,*,*,*,*,キャッと,キャット,キャット
キャーッと,3,3,3981,副詞,一般,*,*,*,*,キャーッと,キャーット,キャーット
きゃきゃ,3,3,6420,副詞,一般,*,*,*,*,きゃきゃ,キャキャ,キャキャ
きゃっきゃ,3,3,6420,副詞,一般,*,*,*,*,きゃっきゃ,キャッキャ,キャッキャ
キャキャ,3,3,3981,副詞,一般,*,*,*,*,キャキャ,キャキャ,キャキャ
キャッキャ,3,3,3981,副詞,一般,*,*,*,*,キャッキャ,キャッキャ,キャッキャ
きゃきゃ,3,3,6420,副詞,一般,*,*,*,*,きゃきゃ,キャキャ,キャキャ
キャキャッ,3,3,3981,副詞,一般,*,*,*,*,キャキャッ,キャキャッ,キャキャッ
きゃっきゃっ,3,3,6420,副詞,一般,*,*,*,*,きゃっきゃっ,キャッキャッ,キャッキャッ
キャッキャッ,3,3,3981,副詞,一般,*,*,*,*,キャッキャッ,キャッキャッ,キャッキャッ
きゃきゃって,3,3,6420,副詞,一般,*,*,*,*,きゃきゃって,キャキャッテ,キャキャッテ
キャキャッて,3,3,3981,副詞,一般,*,*,*,*,キャキャッて,キャキャッテ,キャキャッテ
きゃっきゃって,3,3,6420,副詞,一般,*,*,*,*,きゃっきゃって,キャッキャッテ,キャッキャッテ
キャッキャッて,3,3,3981,副詞,一般,*,*,*,*,キャッキャッて,キャッキャッテ,キャッキャッテ
きゃきゃっと,3,3,6420,副詞,一般,*,*,*,*,きゃきゃっと,キャキャット,キャキャット
キャキャッと,3,3,3981,副詞,一般,*,*,*,*,キャキャッと,キャキャット,キャキャット
きゃっきゃっと,3,3,6420,副詞,一般,*,*,*,*,きゃっきゃっと,キャッキャット,キャッキャット
キャッキャッと,3,3,3981,副詞,一般,*,*,*,*,キャッキャッと,キャッキャット,キャッキャット
きゃー,3,3,6420,副詞,一般,*,*,*,*,きゃー,キャー,キャー
キャー,3,3,3981,副詞,一般,*,*,*,*,キャー,キャー,キャー
ごじゃっ,3,3,6420,副詞,一般,*,*,*,*,ごじゃっ,ゴジャッ,ゴジャッ
ごじゃって,3,3,6420,副詞,一般,*,*,*,*,ごじゃって,ゴジャッテ,ゴジャッテ
ごじゃーって,3,3,6420,副詞,一般,*,*,*,*,ごじゃーって,ゴジャーッテ,ゴジャーッテ
ごじゃっと,3,3,6420,副詞,一般,*,*,*,*,ごじゃっと,ゴジャット,ゴジャット
ごじゃーっと,3,3,6420,副詞,一般,*,*,*,*,ごじゃーっと,ゴジャーット,ゴジャーット
ゴジャって,3,3,3981,副詞,一般,*,*,*,*,ゴジャって,ゴジャッテ,ゴジャッテ
ゴジャーって,3,3,3981,副詞,一般,*,*,*,*,ゴジャーって,ゴジャーッテ,ゴジャーッテ
ゴジャっと,3,3,3981,副詞,一般,*,*,*,*,ゴジャっと,ゴジャット,ゴジャット
ゴジャーっと,3,3,3981,副詞,一般,*,*,*,*,ゴジャーっと,ゴジャーット,ゴジャーット
ゴジャッて,3,3,3981,副詞,一般,*,*,*,*,ゴジャッて,ゴジャッテ,ゴジャッテ
ゴジャーッて,3,3,3981,副詞,一般,*,*,*,*,ゴジャーッて,ゴジャーッテ,ゴジャーッテ
ゴジャッと,3,3,3981,副詞,一般,*,*,*,*,ゴジャッと,ゴジャット,ゴジャット
ゴジャーッと,3,3,3981,副詞,一般,*,*,*,*,ゴジャーッと,ゴジャーット,ゴジャーット
ごじゃごじゃ,3,3,6420,副詞,一般,*,*,*,*,ごじゃごじゃ,ゴジャゴジャ,ゴジャゴジャ
ごじゃっごじゃ,3,3,6420,副詞,一般,*,*,*,*,ごじゃっごじゃ,ゴジャッゴジャ,ゴジャッゴジャ
ゴジャゴジャ,3,3,3981,副詞,一般,*,*,*,*,ゴジャゴジャ,ゴジャゴジャ,ゴジャゴジャ
ゴジャッゴジャ,3,3,3981,副詞,一般,*,*,*,*,ゴジャッゴジャ,ゴジャッゴジャ,ゴジャッゴジャ
ごじゃごじゃ,3,3,6420,副詞,一般,*,*,*,*,ごじゃごじゃ,ゴジャゴジャ,ゴジャゴジャ
ゴジャゴジャッ,3,3,3981,副詞,一般,*,*,*,*,ゴジャゴジャッ,ゴジャゴジャッ,ゴジャゴジャッ
ごじゃっごじゃっ,3,3,6420,副詞,一般,*,*,*,*,ごじゃっごじゃっ,ゴジャッゴジャッ,ゴジャッゴジャッ
ゴジャッゴジャッ,3,3,3981,副詞,一般,*,*,*,*,ゴジャッゴジャッ,ゴジャッゴジャッ,ゴジャッゴジャッ
ごじゃごじゃって,3,3,6420,副詞,一般,*,*,*,*,ごじゃごじゃって,ゴジャゴジャッテ,ゴジャゴジャッテ
ゴジャゴジャッて,3,3,3981,副詞,一般,*,*,*,*,ゴジャゴジャッて,ゴジャゴジャッテ,ゴジャゴジャッテ
ごじゃっごじゃって,3,3,6420,副詞,一般,*,*,*,*,ごじゃっごじゃって,ゴジャッゴジャッテ,ゴジャッゴジャッテ
ゴジャッゴジャッて,3,3,3981,副詞,一般,*,*,*,*,ゴジャッゴジャッて,ゴジャッゴジャッテ,ゴジャッゴジャッテ
ごじゃごじゃっと,3,3,6420,副詞,一般,*,*,*,*,ごじゃごじゃっと,ゴジャゴジャット,ゴジャゴジャット
ゴジャゴジャッと,3,3,3981,副詞,一般,*,*,*,*,ゴジャゴジャッと,ゴジャゴジャット,ゴジャゴジャット
ごじゃっごじゃっと,3,3,6420,副詞,一般,*,*,*,*,ごじゃっごじゃっと,ゴジャッゴジャット,ゴジャッゴジャット
ゴジャッゴジャッと,3,3,3981,副詞,一般,*,*,*,*,ゴジャッゴジャッと,ゴジャッゴジャット,ゴジャッゴジャット
ごじゃー,3,3,6420,副詞,一般,*,*,*,*,ごじゃー,ゴジャー,ゴジャー
ゴジャー,3,3,3981,副詞,一般,*,*,*,*,ゴジャー,ゴジャー,ゴジャー
はっ,3,3,6360,副詞,一般,*,*,*,*,はっ,ハッ,ハッ
はって,3,3,6768,副詞,一般,*,*,*,*,はって,ハッテ,ハッテ
はーって,3,3,6420,副詞,一般,*,*,*,*,はーって,ハーッテ,ハーッテ
はっと,3,3,6420,副詞,一般,*,*,*,*,はっと,ハット,ハット
はーっと,3,3,6420,副詞,一般,*,*,*,*,はーっと,ハーット,ハーット
ハって,3,3,4031,副詞,一般,*,*,*,*,ハって,ハッテ,ハッテ
ハーって,3,3,3981,副詞,一般,*,*,*,*,ハーって,ハーッテ,ハーッテ
ハっと,3,3,3981,副詞,一般,*,*,*,*,ハっと,ハット,ハット
ハーっと,3,3,3981,副詞,一般,*,*,*,*,ハーっと,ハーット,ハーット
ハッて,3,3,4031,副詞,一般,*,*,*,*,ハッて,ハッテ,ハッテ
ハーッて,3,3,3981,副詞,一般,*,*,*,*,ハーッて,ハーッテ,ハーッテ
ハッと,3,3,3981,副詞,一般,*,*,*,*,ハッと,ハット,ハット
ハーッと,3,3,3981,副詞,一般,*,*,*,*,ハーッと,ハーット,ハーット
はは,3,3,6440,副詞,一般,*,*,*,*,はは,ハハ,ハハ
はっは,3,3,6420,副詞,一般,*,*,*,*,はっは,ハッハ,ハッハ
ハハ,3,3,3988,副詞,一般,*,*,*,*,ハハ,ハハ,ハハ
ハッハ,3,3,3981,副詞,一般,*,*,*,*,ハッハ,ハッハ,ハッハ
はは,3,3,6440,副詞,一般,*,*,*,*,はは,ハハ,ハハ
ハハッ,3,3,3981,副詞,一般,*,*,*,*,ハハッ,ハハッ,ハハッ
はっはっ,3,3,6420,副詞,一般,*,*,*,*,はっはっ,ハッハッ,ハッハッ
ハッハッ,3,3,3981,副詞,一般,*,*,*,*,ハッハッ,ハッハッ,ハッハッ
ははって,3,3,6420,副詞,一般,*,*,*,*,ははって,ハハッテ,ハハッテ
ハハッて,3,3,3981,副詞,一般,*,*,*,*,ハハッて,ハハッテ,ハハッテ
はっはって,3,3,6420,副詞,一般,*,*,*,*,はっはって,ハッハッテ,ハッハッテ
ハッハッて,3,3,3981,副詞,一般,*,*,*,*,ハッハッて,ハッハッテ,ハッハッテ
ははっと,3,3,6420,副詞,一般,*,*,*,*,ははっと,ハハット,ハハット
ハハッと,3,3,3981,副詞,一般,*,*,*,*,ハハッと,ハハット,ハハット
はっはっと,3,3,6420,副詞,一般,*,*,*,*,はっはっと,ハッハット,ハッハット
ハッハッと,3,3,3981,副詞,一般,*,*,*,*,ハッハッと,ハッハット,ハッハット
はー,3,3,7352,副詞,一般,*,*,*,*,はー,ハー,ハー
ハー,3,3,4141,副詞,一般,*,*,*,*,ハー,ハー,ハー
ひっ,3,3,6423,副詞,一般,*,*,*,*,ひっ,ヒッ,ヒッ
ひって,3,3,6420,副詞,一般,*,*,*,*,ひって,ヒッテ,ヒッテ
ひーって,3,3,6420,副詞,一般,*,*,*,*,ひーって,ヒーッテ,ヒーッテ
ひっと,3,3,6420,副詞,一般,*,*,*,*,ひっと,ヒット,ヒット
ひーっと,3,3,6420,副詞,一般,*,*,*,*,ひーっと,ヒーット,ヒーット
ヒって,3,3,3981,副詞,一般,*,*,*,*,ヒって,ヒッテ,ヒッテ
ヒーって,3,3,3981,副詞,一般,*,*,*,*,ヒーって,ヒーッテ,ヒーッテ
ヒっと,3,3,3981,副詞,一般,*,*,*,*,ヒっと,ヒット,ヒット
ヒーっと,3,3,3981,副詞,一般,*,*,*,*,ヒーっと,ヒーット,ヒーット
ヒッて,3,3,3981,副詞,一般,*,*,*,*,ヒッて,ヒッテ,ヒッテ
ヒーッて,3,3,3981,副詞,一般,*,*,*,*,ヒーッて,ヒーッテ,ヒーッテ
ヒッと,3,3,3981,副詞,一般,*,*,*,*,ヒッと,ヒット,ヒット
ヒーッと,3,3,3981,副詞,一般,*,*,*,*,ヒーッと,ヒーット,ヒーット
ひひ,3,3,6420,副詞,一般,*,*,*,*,ひひ,ヒヒ,ヒヒ
ひっひ,3,3,6420,副詞,一般,*,*,*,*,ひっひ,ヒッヒ,ヒッヒ
ヒヒ,3,3,3981,副詞,一般,*,*,*,*,ヒヒ,ヒヒ,ヒヒ
ヒッヒ,3,3,3981,副詞,一般,*,*,*,*,ヒッヒ,ヒッヒ,ヒッヒ
ひひ,3,3,6420,副詞,一般,*,*,*,*,ひひ,ヒヒ,ヒヒ
ヒヒッ,3,3,3981,副詞,一般,*,*,*,*,ヒヒッ,ヒヒッ,ヒヒッ
ひっひっ,3,3,6420,副詞,一般,*,*,*,*,ひっひっ,ヒッヒッ,ヒッヒッ
ヒッヒッ,3,3,3981,副詞,一般,*,*,*,*,ヒッヒッ,ヒッヒッ,ヒッヒッ
ひひって,3,3,6420,副詞,一般,*,*,*,*,ひひって,ヒヒッテ,ヒヒッテ
ヒヒッて,3,3,3981,副詞,一般,*,*,*,*,ヒヒッて,ヒヒッテ,ヒヒッテ
ひっひって,3,3,6420,副詞,一般,*,*,*,*,ひっひって,ヒッヒッテ,ヒッヒッテ
ヒッヒッて,3,3,3981,副詞,一般,*,*,*,*,ヒッヒッて,ヒッヒッテ,ヒッヒッテ
ひひっと,3,3,6420,副詞,一般,*,*,*,*,ひひっと,ヒヒット,ヒヒット
ヒヒッと,3,3,3981,副詞,一般,*,*,*,*,ヒヒッと,ヒヒット,ヒヒット
ひっひっと,3,3,6420,副詞,一般,*,*,*,*,ひっひっと,ヒッヒット,ヒッヒット
ヒッヒッと,3,3,3981,副詞,一般,*,*,*,*,ヒッヒッと,ヒッヒット,ヒッヒット
ひー,3,3,6420,副詞,一般,*,*,*,*,ひー,ヒー,ヒー
ヒー,3,3,3982,副詞,一般,*,*,*,*,ヒー,ヒー,ヒー
ふっ,3,3,6427,副詞,一般,*,*,*,*,ふっ,フッ,フッ
ふって,3,3,6420,副詞,一般,*,*,*,*,ふって,フッテ,フッテ
ふーって,3,3,6420,副詞,一般,*,*,*,*,ふーって,フーッテ,フーッテ
ふっと,3,3,6420,副詞,一般,*,*,*,*,ふっと,フット,フット
ふーっと,3,3,6420,副詞,一般,*,*,*,*,ふーっと,フーット,フーット
フって,3,3,3981,副詞,一般,*,*,*,*,フって,フッテ,フッテ
フーって,3,3,3981,副詞,一般,*,*,*,*,フーって,フーッテ,フーッテ
フっと,3,3,3981,副詞,一般,*,*,*,*,フっと,フット,フット
フーっと,3,3,3981,副詞,一般,*,*,*,*,フーっと,フーット,フーット
フッて,3,3,3981,副詞,一般,*,*,*,*,フッて,フッテ,フッテ
フーッて,3,3,3981,副詞,一般,*,*,*,*,フーッて,フーッテ,フーッテ
フッと,3,3,3981,副詞,一般,*,*,*,*,フッと,フット,フット
フーッと,3,3,3981,副詞,一般,*,*,*,*,フーッと,フーット,フーット
ふふ,3,3,6420,副詞,一般,*,*,*,*,ふふ,フフ,フフ
ふっふ,3,3,6420,副詞,一般,*,*,*,*,ふっふ,フッフ,フッフ
フフ,3,3,3981,副詞,一般,*,*,*,*,フフ,フフ,フフ
フッフ,3,3,3981,副詞,一般,*,*,*,*,フッフ,フッフ,フッフ
ふふ,3,3,6420,副詞,一般,*,*,*,*,ふふ,フフ,フフ
フフッ,3,3,3981,副詞,一般,*,*,*,*,フフッ,フフッ,フフッ
ふっふっ,3,3,6420,副詞,一般,*,*,*,*,ふっふっ,フッフッ,フッフッ
フッフッ,3,3,3981,副詞,一般,*,*,*,*,フッフッ,フッフッ,フッフッ
ふふって,3,3,6420,副詞,一般,*,*,*,*,ふふって,フフッテ,フフッテ
フフッて,3,3,3981,副詞,一般,*,*,*,*,フフッて,フフッテ,フフッテ
ふっふって,3,3,6420,副詞,一般,*,*,*,*,ふっふって,フッフッテ,フッフッテ
フッフッて,3,3,3981,副詞,一般,*,*,*,*,フッフッて,フッフッテ,フッフッテ
ふふっと,3,3,6420,副詞,一般,*,*,*,*,ふふっと,フフット,フフット
フフッと,3,3,3981,副詞,一般,*,*,*,*,フフッと,フフット,フフット
ふっふっと,3,3,6420,副詞,一般,*,*,*,*,ふっふっと,フッフット,フッフット
フッフッと,3,3,3981,副詞,一般,*,*,*,*,フッフッと,フッフット,フッフット
ふー,3,3,6438,副詞,一般,*,*,*,*,ふー,フー,フー
フー,3,3,3984,副詞,一般,*,*,*,*,フー,フー,フー
へっ,3,3,6420,副詞,一般,*,*,*,*,へっ,ヘッ,ヘッ
へって,3,3,6420,副詞,一般,*,*,*,*,へって,ヘッテ,ヘッテ
へーって,3,3,6420,副詞,一般,*,*,*,*,へーって,ヘーッテ,ヘーッテ
へっと,3,3,6420,副詞,一般,*,*,*,*,へっと,ヘット,ヘット
へーっと,3,3,6420,副詞,一般,*,*,*,*,へーっと,ヘーット,ヘーット
ヘって,3,3,3981,副詞,一般,*,*,*,*,ヘって,ヘッテ,ヘッテ
ヘーって,3,3,3981,副詞,一般,*,*,*,*,ヘーって,ヘーッテ,ヘーッテ
ヘっと,3,3,3981,副詞,一般,*,*,*,*,ヘっと,ヘット,ヘット
ヘーっと,3,3,3981,副詞,一般,*,*,*,*,ヘーっと,ヘーット,ヘーット
ヘッて,3,3,3981,副詞,一般,*,*,*,*,ヘッて,ヘッテ,ヘッテ
ヘーッて,3,3,3981,副詞,一般,*,*,*,*,ヘーッて,ヘーッテ,ヘーッテ
ヘッと,3,3,3981,副詞,一般,*,*,*,*,ヘッと,ヘット,ヘット
ヘーッと,3,3,3981,副詞,一般,*,*,*,*,ヘーッと,ヘーット,ヘーット
へへ,3,3,6420,副詞,一般,*,*,*,*,へへ,ヘヘ,ヘヘ
へっへ,3,3,6420,副詞,一般,*,*,*,*,へっへ,ヘッヘ,ヘッヘ
ヘヘ,3,3,3981,副詞,一般,*,*,*,*,ヘヘ,ヘヘ,ヘヘ
ヘッヘ,3,3,3981,副詞,一般,*,*,*,*,ヘッヘ,ヘッヘ,ヘッヘ
へへ,3,3,6420,副詞,一般,*,*,*,*,へへ,ヘヘ,ヘヘ
ヘヘッ,3,3,3981,副詞,一般,*,*,*,*,ヘヘッ,ヘヘッ,ヘヘッ
へっへっ,3,3,6420,副詞,一般,*,*,*,*,へっへっ,ヘッヘッ,ヘッヘッ
ヘッヘッ,3,3,3981,副詞,一般,*,*,*,*,ヘッヘッ,ヘッヘッ,ヘッヘッ
へへって,3,3,6420,副詞,一般,*,*,*,*,へへって,ヘヘッテ,ヘヘッテ
ヘヘッて,3,3,3981,副詞,一般,*,*,*,*,ヘヘッて,ヘヘッテ,ヘヘッテ
へっへって,3,3,6420,副詞,一般,*,*,*,*,へっへって,ヘッヘッテ,ヘッヘッテ
ヘッヘッて,3,3,3981,副詞,一般,*,*,*,*,ヘッヘッて,ヘッヘッテ,ヘッヘッテ
へへっと,3,3,6420,副詞,一般,*,*,*,*,へへっと,ヘヘット,ヘヘット
ヘヘッと,3,3,3981,副詞,一般,*,*,*,*,ヘヘッと,ヘヘット,ヘヘット
へっへっと,3,3,6420,副詞,一般,*,*,*,*,へっへっと,ヘッヘット,ヘッヘット
ヘッヘッと,3,3,3981,副詞,一般,*,*,*,*,ヘッヘッと,ヘッヘット,ヘッヘット
へー,3,3,7618,副詞,一般,*,*,*,*,へー,ヘー,ヘー
ヘー,3,3,4032,副詞,一般,*,*,*,*,ヘー,ヘー,ヘー
ほっ,3,3,6421,副詞,一般,*,*,*,*,ほっ,ホッ,ホッ
ほって,3,3,6421,副詞,一般,*,*,*,*,ほって,ホッテ,ホッテ
ほーって,3,3,6420,副詞,一般,*,*,*,*,ほーって,ホーッテ,ホーッテ
ほっと,3,3,6420,副詞,一般,*,*,*,*,ほっと,ホット,ホット
ほーっと,3,3,6420,副詞,一般,*,*,*,*,ほーっと,ホーット,ホーット
ホって,3,3,3986,副詞,一般,*,*,*,*,ホって,ホッテ,ホッテ
ホーって,3,3,3981,副詞,一般,*,*,*,*,ホーって,ホーッテ,ホーッテ
ホっと,3,3,3981,副詞,一般,*,*,*,*,ホっと,ホット,ホット
ホーっと,3,3,3981,副詞,一般,*,*,*,*,ホーっと,ホーット,ホーット
ホッて,3,3,3982,副詞,一般,*,*,*,*,ホッて,ホッテ,ホッテ
ホーッて,3,3,3981,副詞,一般,*,*,*,*,ホーッて,ホーッテ,ホーッテ
ホッと,3,3,3981,副詞,一般,*,*,*,*,ホッと,ホット,ホット
ホーッと,3,3,3981,副詞,一般,*,*,*,*,ホーッと,ホーット,ホーット
ほほ,3,3,6420,副詞,一般,*,*,*,*,ほほ,ホホ,ホホ
ほっほ,3,3,6420,副詞,一般,*,*,*,*,ほっほ,ホッホ,ホッホ
ホホ,3,3,3981,副詞,一般,*,*,*,*,ホホ,ホホ,ホホ
ホッホ,3,3,3981,副詞,一般,*,*,*,*,ホッホ,ホッホ,ホッホ
ほほ,3,3,6420,副詞,一般,*,*,*,*,ほほ,ホホ,ホホ
ホホッ,3,3,3981,副詞,一般,*,*,*,*,ホホッ,ホホッ,ホホッ
ほっほっ,3,3,6420,副詞,一般,*,*,*,*,ほっほっ,ホッホッ,ホッホッ
ホッホッ,3,3,3981,副詞,一般,*,*,*,*,ホッホッ,ホッホッ,ホッホッ
ほほって,3,3,6420,副詞,一般,*,*,*,*,ほほって,ホホッテ,ホホッテ
ホホッて,3,3,3981,副詞,一般,*,*,*,*,ホホッて,ホホッテ,ホホッテ
ほっほって,3,3,6420,副詞,一般,*,*,*,*,ほっほって,ホッホッテ,ホッホッテ
ホッホッて,3,3,3981,副詞,一般,*,*,*,*,ホッホッて,ホッホッテ,ホッホッテ
ほほっと,3,3,6420,副詞,一般,*,*,*,*,ほほっと,ホホット,ホホット
ホホッと,3,3,3981,副詞,一般,*,*,*,*,ホホッと,ホホット,ホホット
ほっほっと,3,3,6420,副詞,一般,*,*,*,*,ほっほっと,ホッホット,ホッホット
ホッホッと,3,3,3981,副詞,一般,*,*,*,*,ホッホッと,ホッホット,ホッホット
ほー,3,3,6420,副詞,一般,*,*,*,*,ほー,ホー,ホー
ホー,3,3,3982,副詞,一般,*,*,*,*,ホー,ホー,ホー
ばっ,3,3,6591,副詞,一般,*,*,*,*,ばっ,バッ,バッ
ばって,3,3,6482,副詞,一般,*,*,*,*,ばって,バッテ,バッテ
ばーって,3,3,6309,副詞,一般,*,*,*,*,ばーって,バーッテ,バーッテ
ばっと,3,3,6420,副詞,一般,*,*,*,*,ばっと,バット,バット
ばーっと,3,3,6419,副詞,一般,*,*,*,*,ばーっと,バーット,バーット
バって,3,3,3990,副詞,一般,*,*,*,*,バって,バッテ,バッテ
バーって,3,3,3390,副詞,一般,*,*,*,*,バーって,バーッテ,バーッテ
バっと,3,3,3981,副詞,一般,*,*,*,*,バっと,バット,バット
バーっと,3,3,3981,副詞,一般,*,*,*,*,バーっと,バーット,バーット
バッて,3,3,3990,副詞,一般,*,*,*,*,バッて,バッテ,バッテ
バーッて,3,3,3894,副詞,一般,*,*,*,*,バーッて,バーッテ,バーッテ
バッと,3,3,3981,副詞,一般,*,*,*,*,バッと,バット,バット
バーッと,3,3,3981,副詞,一般,*,*,*,*,バーッと,バーット,バーット
ばば,3,3,6420,副詞,一般,*,*,*,*,ばば,ババ,ババ
ばっば,3,3,6420,副詞,一般,*,*,*,*,ばっば,バッバ,バッバ
ババ,3,3,3981,副詞,一般,*,*,*,*,ババ,ババ,ババ
バッバ,3,3,3981,副詞,一般,*,*,*,*,バッバ,バッバ,バッバ
ばば,3,3,6420,副詞,一般,*,*,*,*,ばば,ババ,ババ
ババッ,3,3,3981,副詞,一般,*,*,*,*,ババッ,ババッ,ババッ
ばっばっ,3,3,6420,副詞,一般,*,*,*,*,ばっばっ,バッバッ,バッバッ
バッバッ,3,3,3981,副詞,一般,*,*,*,*,バッバッ,バッバッ,バッバッ
ばばって,3,3,6420,副詞,一般,*,*,*,*,ばばって,ババッテ,ババッテ
ババッて,3,3,3981,副詞,一般,*,*,*,*,ババッて,ババッテ,ババッテ
ばっばって,3,3,6420,副詞,一般,*,*,*,*,ばっばって,バッバッテ,バッバッテ
バッバッて,3,3,3981,副詞,一般,*,*,*,*,バッバッて,バッバッテ,バッバッテ
ばばっと,3,3,6420,副詞,一般,*,*,*,*,ばばっと,ババット,ババット
ババッと,3,3,3981,副詞,一般,*,*,*,*,ババッと,ババット,ババット
ばっばっと,3,3,6420,副詞,一般,*,*,*,*,ばっばっと,バッバット,バッバット
バッバッと,3,3,3981,副詞,一般,*,*,*,*,バッバッと,バッバット,バッバット
ばー,3,3,6710,副詞,一般,*,*,*,*,ばー,バー,バー
バー,3,3,5417,副詞,一般,*,*,*,*,バー,バー,バー
びっ,3,3,6420,副詞,一般,*,*,*,*,びっ,ビッ,ビッ
びって,3,3,6420,副詞,一般,*,*,*,*,びって,ビッテ,ビッテ
びーって,3,3,6420,副詞,一般,*,*,*,*,びーって,ビーッテ,ビーッテ
びっと,3,3,6420,副詞,一般,*,*,*,*,びっと,ビット,ビット
びーっと,3,3,6420,副詞,一般,*,*,*,*,びーっと,ビーット,ビーット
ビって,3,3,3981,副詞,一般,*,*,*,*,ビって,ビッテ,ビッテ
ビーって,3,3,3981,副詞,一般,*,*,*,*,ビーって,ビーッテ,ビーッテ
ビっと,3,3,3981,副詞,一般,*,*,*,*,ビっと,ビット,ビット
ビーっと,3,3,3981,副詞,一般,*,*,*,*,ビーっと,ビーット,ビーット
ビッて,3,3,3981,副詞,一般,*,*,*,*,ビッて,ビッテ,ビッテ
ビーッて,3,3,3981,副詞,一般,*,*,*,*,ビーッて,ビーッテ,ビーッテ
ビッと,3,3,3981,副詞,一般,*,*,*,*,ビッと,ビット,ビット
ビーッと,3,3,3981,副詞,一般,*,*,*,*,ビーッと,ビーット,ビーット
びび,3,3,6420,副詞,一般,*,*,*,*,びび,ビビ,ビビ
びっび,3,3,6420,副詞,一般,*,*,*,*,びっび,ビッビ,ビッビ
ビビ,3,3,3981,副詞,一般,*,*,*,*,ビビ,ビビ,ビビ
ビッビ,3,3,3981,副詞,一般,*,*,*,*,ビッビ,ビッビ,ビッビ
びび,3,3,6420,副詞,一般,*,*,*,*,びび,ビビ,ビビ
ビビッ,3,3,3981,副詞,一般,*,*,*,*,ビビッ,ビビッ,ビビッ
びっびっ,3,3,6420,副詞,一般,*,*,*,*,びっびっ,ビッビッ,ビッビッ
ビッビッ,3,3,3981,副詞,一般,*,*,*,*,ビッビッ,ビッビッ,ビッビッ
びびって,3,3,6420,副詞,一般,*,*,*,*,びびって,ビビッテ,ビビッテ
ビビッて,3,3,3981,副詞,一般,*,*,*,*,ビビッて,ビビッテ,ビビッテ
びっびって,3,3,6420,副詞,一般,*,*,*,*,びっびって,ビッビッテ,ビッビッテ
ビッビッて,3,3,3981,副詞,一般,*,*,*,*,ビッビッて,ビッビッテ,ビッビッテ
びびっと,3,3,6420,副詞,一般,*,*,*,*,びびっと,ビビット,ビビット
ビビッと,3,3,3981,副詞,一般,*,*,*,*,ビビッと,ビビット,ビビット
びっびっと,3,3,6420,副詞,一般,*,*,*,*,びっびっと,ビッビット,ビッビット
ビッビッと,3,3,3981,副詞,一般,*,*,*,*,ビッビッと,ビッビット,ビッビット
びー,3,3,6495,副詞,一般,*,*,*,*,びー,ビー,ビー
ビー,3,3,4255,副詞,一般,*,*,*,*,ビー,ビー,ビー
ぶっ,3,3,6356,副詞,一般,*,*,*,*,ぶっ,ブッ,ブッ
ぶって,3,3,6420,副詞,一般,*,*,*,*,ぶって,ブッテ,ブッテ
ぶーって,3,3,6420,副詞,一般,*,*,*,*,ぶーって,ブーッテ,ブーッテ
ぶっと,3,3,6420,副詞,一般,*,*,*,*,ぶっと,ブット,ブット
ぶーっと,3,3,6420,副詞,一般,*,*,*,*,ぶーっと,ブーット,ブーット
ブって,3,3,3981,副詞,一般,*,*,*,*,ブって,ブッテ,ブッテ
ブーって,3,3,3981,副詞,一般,*,*,*,*,ブーって,ブーッテ,ブーッテ
ブっと,3,3,3981,副詞,一般,*,*,*,*,ブっと,ブット,ブット
ブーっと,3,3,3981,副詞,一般,*,*,*,*,ブーっと,ブーット,ブーット
ブッて,3,3,3981,副詞,一般,*,*,*,*,ブッて,ブッテ,ブッテ
ブーッて,3,3,3981,副詞,一般,*,*,*,*,ブーッて,ブーッテ,ブーッテ
ブッと,3,3,3981,副詞,一般,*,*,*,*,ブッと,ブット,ブット
ブーッと,3,3,3981,副詞,一般,*,*,*,*,ブーッと,ブーット,ブーット
ぶぶ,3,3,6420,副詞,一般,*,*,*,*,ぶぶ,ブブ,ブブ
ぶっぶ,3,3,6420,副詞,一般,*,*,*,*,ぶっぶ,ブッブ,ブッブ
ブブ,3,3,3981,副詞,一般,*,*,*,*,ブブ,ブブ,ブブ
ブッブ,3,3,3981,副詞,一般,*,*,*,*,ブッブ,ブッブ,ブッブ
ぶぶ,3,3,6420,副詞,一般,*,*,*,*,ぶぶ,ブブ,ブブ
ブブッ,3,3,3981,副詞,一般,*,*,*,*,ブブッ,ブブッ,ブブッ
ぶっぶっ,3,3,6420,副詞,一般,*,*,*,*,ぶっぶっ,ブッブッ,ブッブッ
ブッブッ,3,3,3981,副詞,一般,*,*,*,*,ブッブッ,ブッブッ,ブッブッ
ぶぶって,3,3,6420,副詞,一般,*,*,*,*,ぶぶって,ブブッテ,ブブッテ
ブブッて,3,3,3981,副詞,一般,*,*,*,*,ブブッて,ブブッテ,ブブッテ
ぶっぶって,3,3,6420,副詞,一般,*,*,*,*,ぶっぶって,ブッブッテ,ブッブッテ
ブッブッて,3,3,3981,副詞,一般,*,*,*,*,ブッブッて,ブッブッテ,ブッブッテ
ぶぶっと,3,3,6420,副詞,一般,*,*,*,*,ぶぶっと,ブブット,ブブット
ブブッと,3,3,3981,副詞,一般,*,*,*,*,ブブッと,ブブット,ブブット
ぶっぶっと,3,3,6420,副詞,一般,*,*,*,*,ぶっぶっと,ブッブット,ブッブット
ブッブッと,3,3,3981,副詞,一般,*,*,*,*,ブッブッと,ブッブット,ブッブット
ぶー,3,3,6420,副詞,一般,*,*,*,*,ぶー,ブー,ブー
ブー,3,3,3981,副詞,一般,*,*,*,*,ブー,ブー,ブー
べっ,3,3,6420,副詞,一般,*,*,*,*,べっ,ベッ,ベッ
べって,3,3,6420,副詞,一般,*,*,*,*,べって,ベッテ,ベッテ
べーって,3,3,6420,副詞,一般,*,*,*,*,べーって,ベーッテ,ベーッテ
べっと,3,3,6420,副詞,一般,*,*,*,*,べっと,ベット,ベット
べーっと,3,3,6420,副詞,一般,*,*,*,*,べーっと,ベーット,ベーット
ベって,3,3,3981,副詞,一般,*,*,*,*,ベって,ベッテ,ベッテ
ベーって,3,3,3981,副詞,一般,*,*,*,*,ベーって,ベーッテ,ベーッテ
ベっと,3,3,3981,副詞,一般,*,*,*,*,ベっと,ベット,ベット
ベーっと,3,3,3981,副詞,一般,*,*,*,*,ベーっと,ベーット,ベーット
ベッて,3,3,3981,副詞,一般,*,*,*,*,ベッて,ベッテ,ベッテ
ベーッて,3,3,3981,副詞,一般,*,*,*,*,ベーッて,ベーッテ,ベーッテ
ベッと,3,3,3981,副詞,一般,*,*,*,*,ベッと,ベット,ベット
ベーッと,3,3,3981,副詞,一般,*,*,*,*,ベーッと,ベーット,ベーット
べべ,3,3,6420,副詞,一般,*,*,*,*,べべ,ベベ,ベベ
べっべ,3,3,6420,副詞,一般,*,*,*,*,べっべ,ベッベ,ベッベ
ベベ,3,3,3981,副詞,一般,*,*,*,*,ベベ,ベベ,ベベ
ベッベ,3,3,3981,副詞,一般,*,*,*,*,ベッベ,ベッベ,ベッベ
べべ,3,3,6420,副詞,一般,*,*,*,*,べべ,ベベ,ベベ
ベベッ,3,3,3981,副詞,一般,*,*,*,*,ベベッ,ベベッ,ベベッ
べっべっ,3,3,6420,副詞,一般,*,*,*,*,べっべっ,ベッベッ,ベッベッ
ベッベッ,3,3,3981,副詞,一般,*,*,*,*,ベッベッ,ベッベッ,ベッベッ
べべって,3,3,6420,副詞,一般,*,*,*,*,べべって,ベベッテ,ベベッテ
ベベッて,3,3,3981,副詞,一般,*,*,*,*,ベベッて,ベベッテ,ベベッテ
べっべって,3,3,6420,副詞,一般,*,*,*,*,べっべって,ベッベッテ,ベッベッテ
ベッベッて,3,3,3981,副詞,一般,*,*,*,*,ベッベッて,ベッベッテ,ベッベッテ
べべっと,3,3,6420,副詞,一般,*,*,*,*,べべっと,ベベット,ベベット
ベベッと,3,3,3981,副詞,一般,*,*,*,*,ベベッと,ベベット,ベベット
べっべっと,3,3,6420,副詞,一般,*,*,*,*,べっべっと,ベッベット,ベッベット
ベッベッと,3,3,3981,副詞,一般,*,*,*,*,ベッベッと,ベッベット,ベッベット
べー,3,3,6420,副詞,一般,*,*,*,*,べー,ベー,ベー
ベー,3,3,3982,副詞,一般,*,*,*,*,ベー,ベー,ベー
ぼっ,3,3,6420,副詞,一般,*,*,*,*,ぼっ,ボッ,ボッ
ぼって,3,3,6420,副詞,一般,*,*,*,*,ぼって,ボッテ,ボッテ
ぼーって,3,3,6420,副詞,一般,*,*,*,*,ぼーって,ボーッテ,ボーッテ
ぼっと,3,3,6420,副詞,一般,*,*,*,*,ぼっと,ボット,ボット
ぼーっと,3,3,6419,副詞,一般,*,*,*,*,ぼーっと,ボーット,ボーット
ボって,3,3,3983,副詞,一般,*,*,*,*,ボって,ボッテ,ボッテ
ボーって,3,3,3981,副詞,一般,*,*,*,*,ボーって,ボーッテ,ボーッテ
ボっと,3,3,3981,副詞,一般,*,*,*,*,ボっと,ボット,ボット
ボーっと,3,3,3981,副詞,一般,*,*,*,*,ボーっと,ボーット,ボーット
ボッて,3,3,3982,副詞,一般,*,*,*,*,ボッて,ボッテ,ボッテ
ボーッて,3,3,3981,副詞,一般,*,*,*,*,ボーッて,ボーッテ,ボーッテ
ボッと,3,3,3981,副詞,一般,*,*,*,*,ボッと,ボット,ボット
ボーッと,3,3,3981,副詞,一般,*,*,*,*,ボーッと,ボーット,ボーット
ぼぼ,3,3,6420,副詞,一般,*,*,*,*,ぼぼ,ボボ,ボボ
ぼっぼ,3,3,6420,副詞,一般,*,*,*,*,ぼっぼ,ボッボ,ボッボ
ボボ,3,3,3981,副詞,一般,*,*,*,*,ボボ,ボボ,ボボ
ボッボ,3,3,3981,副詞,一般,*,*,*,*,ボッボ,ボッボ,ボッボ
ぼぼ,3,3,6420,副詞,一般,*,*,*,*,ぼぼ,ボボ,ボボ
ボボッ,3,3,3981,副詞,一般,*,*,*,*,ボボッ,ボボッ,ボボッ
ぼっぼっ,3,3,6420,副詞,一般,*,*,*,*,ぼっぼっ,ボッボッ,ボッボッ
ボッボッ,3,3,3981,副詞,一般,*,*,*,*,ボッボッ,ボッボッ,ボッボッ
ぼぼって,3,3,6420,副詞,一般,*,*,*,*,ぼぼって,ボボッテ,ボボッテ
ボボッて,3,3,3981,副詞,一般,*,*,*,*,ボボッて,ボボッテ,ボボッテ
ぼっぼって,3,3,6420,副詞,一般,*,*,*,*,ぼっぼって,ボッボッテ,ボッボッテ
ボッボッて,3,3,3981,副詞,一般,*,*,*,*,ボッボッて,ボッボッテ,ボッボッテ
ぼぼっと,3,3,6420,副詞,一般,*,*,*,*,ぼぼっと,ボボット,ボボット
ボボッと,3,3,3981,副詞,一般,*,*,*,*,ボボッと,ボボット,ボボット
ぼっぼっと,3,3,6420,副詞,一般,*,*,*,*,ぼっぼっと,ボッボット,ボッボット
ボッボッと,3,3,3981,副詞,一般,*,*,*,*,ボッボッと,ボッボット,ボッボット
ぼー,3,3,6456,副詞,一般,*,*,*,*,ぼー,ボー,ボー
ボー,3,3,4198,副詞,一般,*,*,*,*,ボー,ボー,ボー
ぱっ,3,3,6340,副詞,一般,*,*,*,*,ぱっ,パッ,パッ
ぱって,3,3,6511,副詞,一般,*,*,*,*,ぱって,パッテ,パッテ
ぱーって,3,3,6628,副詞,一般,*,*,*,*,ぱーって,パーッテ,パーッテ
ぱっと,3,3,6420,副詞,一般,*,*,*,*,ぱっと,パット,パット
ぱーっと,3,3,6420,副詞,一般,*,*,*,*,ぱーっと,パーット,パーット
パって,3,3,4073,副詞,一般,*,*,*,*,パって,パッテ,パッテ
パーって,3,3,5434,副詞,一般,*,*,*,*,パーって,パーッテ,パーッテ
パっと,3,3,3981,副詞,一般,*,*,*,*,パっと,パット,パット
パーっと,3,3,3981,副詞,一般,*,*,*,*,パーっと,パーット,パーット
パッて,3,3,4621,副詞,一般,*,*,*,*,パッて,パッテ,パッテ
パーッて,3,3,4189,副詞,一般,*,*,*,*,パーッて,パーッテ,パーッテ
パッと,3,3,3981,副詞,一般,*,*,*,*,パッと,パット,パット
パーッと,3,3,3981,副詞,一般,*,*,*,*,パーッと,パーット,パーット
ぱぱ,3,3,6420,副詞,一般,*,*,*,*,ぱぱ,パパ,パパ
ぱっぱ,3,3,6420,副詞,一般,*,*,*,*,ぱっぱ,パッパ,パッパ
パパ,3,3,4610,副詞,一般,*,*,*,*,パパ,パパ,パパ
パッパ,3,3,3981,副詞,一般,*,*,*,*,パッパ,パッパ,パッパ
ぱぱ,3,3,6420,副詞,一般,*,*,*,*,ぱぱ,パパ,パパ
パパッ,3,3,3981,副詞,一般,*,*,*,*,パパッ,パパッ,パパッ
ぱっぱっ,3,3,6420,副詞,一般,*,*,*,*,ぱっぱっ,パッパッ,パッパッ
パッパッ,3,3,3981,副詞,一般,*,*,*,*,パッパッ,パッパッ,パッパッ
ぱぱって,3,3,6420,副詞,一般,*,*,*,*,ぱぱって,パパッテ,パパッテ
パパッて,3,3,3981,副詞,一般,*,*,*,*,パパッて,パパッテ,パパッテ
ぱっぱって,3,3,6420,副詞,一般,*,*,*,*,ぱっぱって,パッパッテ,パッパッテ
パッパッて,3,3,3981,副詞,一般,*,*,*,*,パッパッて,パッパッテ,パッパッテ
ぱぱっと,3,3,6420,副詞,一般,*,*,*,*,ぱぱっと,パパット,パパット
パパッと,3,3,3981,副詞,一般,*,*,*,*,パパッと,パパット,パパット
ぱっぱっと,3,3,6420,副詞,一般,*,*,*,*,ぱっぱっと,パッパット,パッパット
パッパッと,3,3,3981,副詞,一般,*,*,*,*,パッパッと,パッパット,パッパット
ぱー,3,3,6253,副詞,一般,*,*,*,*,ぱー,パー,パー
パー,3,3,4099,副詞,一般,*,*,*,*,パー,パー,パー
ぴっ,3,3,6420,副詞,一般,*,*,*,*,ぴっ,ピッ,ピッ
ぴって,3,3,6420,副詞,一般,*,*,*,*,ぴって,ピッテ,ピッテ
ぴーって,3,3,6420,副詞,一般,*,*,*,*,ぴーって,ピーッテ,ピーッテ
ぴっと,3,3,6420,副詞,一般,*,*,*,*,ぴっと,ピット,ピット
ぴーっと,3,3,6420,副詞,一般,*,*,*,*,ぴーっと,ピーット,ピーット
ピって,3,3,3981,副詞,一般,*,*,*,*,ピって,ピッテ,ピッテ
ピーって,3,3,3981,副詞,一般,*,*,*,*,ピーって,ピーッテ,ピーッテ
ピっと,3,3,3981,副詞,一般,*,*,*,*,ピっと,ピット,ピット
ピーっと,3,3,3981,副詞,一般,*,*,*,*,ピーっと,ピーット,ピーット
ピッて,3,3,3981,副詞,一般,*,*,*,*,ピッて,ピッテ,ピッテ
ピーッて,3,3,3981,副詞,一般,*,*,*,*,ピーッて,ピーッテ,ピーッテ
ピッと,3,3,3981,副詞,一般,*,*,*,*,ピッと,ピット,ピット
ピーッと,3,3,3981,副詞,一般,*,*,*,*,ピーッと,ピーット,ピーット
ぴぴ,3,3,6420,副詞,一般,*,*,*,*,ぴぴ,ピピ,ピピ
ぴっぴ,3,3,6420,副詞,一般,*,*,*,*,ぴっぴ,ピッピ,ピッピ
ピピ,3,3,3981,副詞,一般,*,*,*,*,ピピ,ピピ,ピピ
ピッピ,3,3,3981,副詞,一般,*,*,*,*,ピッピ,ピッピ,ピッピ
ぴぴ,3,3,6420,副詞,一般,*,*,*,*,ぴぴ,ピピ,ピピ
ピピッ,3,3,3981,副詞,一般,*,*,*,*,ピピッ,ピピッ,ピピッ
ぴっぴっ,3,3,6420,副詞,一般,*,*,*,*,ぴっぴっ,ピッピッ,ピッピッ
ピッピッ,3,3,3981,副詞,一般,*,*,*,*,ピッピッ,ピッピッ,ピッピッ
ぴぴって,3,3,6420,副詞,一般,*,*,*,*,ぴぴって,ピピッテ,ピピッテ
ピピッて,3,3,3981,副詞,一般,*,*,*,*,ピピッて,ピピッテ,ピピッテ
ぴっぴって,3,3,6420,副詞,一般,*,*,*,*,ぴっぴって,ピッピッテ,ピッピッテ
ピッピッて,3,3,3981,副詞,一般,*,*,*,*,ピッピッて,ピッピッテ,ピッピッテ
ぴぴっと,3,3,6420,副詞,一般,*,*,*,*,ぴぴっと,ピピット,ピピット
ピピッと,3,3,3981,副詞,一般,*,*,*,*,ピピッと,ピピット,ピピット
ぴっぴっと,3,3,6420,副詞,一般,*,*,*,*,ぴっぴっと,ピッピット,ピッピット
ピッピッと,3,3,3981,副詞,一般,*,*,*,*,ピッピッと,ピッピット,ピッピット
ぴー,3,3,6502,副詞,一般,*,*,*,*,ぴー,ピー,ピー
ピー,3,3,4149,副詞,一般,*,*,*,*,ピー,ピー,ピー
ぷっ,3,3,6420,副詞,一般,*,*,*,*,ぷっ,プッ,プッ
ぷって,3,3,6420,副詞,一般,*,*,*,*,ぷって,プッテ,プッテ
ぷーって,3,3,6420,副詞,一般,*,*,*,*,ぷーって,プーッテ,プーッテ
ぷっと,3,3,6420,副詞,一般,*,*,*,*,ぷっと,プット,プット
ぷーっと,3,3,6420,副詞,一般,*,*,*,*,ぷーっと,プーット,プーット
プって,3,3,3981,副詞,一般,*,*,*,*,プって,プッテ,プッテ
プーって,3,3,3981,副詞,一般,*,*,*,*,プーって,プーッテ,プーッテ
プっと,3,3,3981,副詞,一般,*,*,*,*,プっと,プット,プット
プーっと,3,3,3981,副詞,一般,*,*,*,*,プーっと,プーット,プーット
プッて,3,3,3981,副詞,一般,*,*,*,*,プッて,プッテ,プッテ
プーッて,3,3,3981,副詞,一般,*,*,*,*,プーッて,プーッテ,プーッテ
プッと,3,3,3981,副詞,一般,*,*,*,*,プッと,プット,プット
プーッと,3,3,3981,副詞,一般,*,*,*,*,プーッと,プーット,プーット
ぷぷ,3,3,6420,副詞,一般,*,*,*,*,ぷぷ,ププ,ププ
ぷっぷ,3,3,6420,副詞,一般,*,*,*,*,ぷっぷ,プップ,プップ
ププ,3,3,3981,副詞,一般,*,*,*,*,ププ,ププ,ププ
プップ,3,3,3981,副詞,一般,*,*,*,*,プップ,プップ,プップ
ぷぷ,3,3,6420,副詞,一般,*,*,*,*,ぷぷ,ププ,ププ
ププッ,3,3,3981,副詞,一般,*,*,*,*,ププッ,ププッ,ププッ
ぷっぷっ,3,3,6420,副詞,一般,*,*,*,*,ぷっぷっ,プップッ,プップッ
プップッ,3,3,3981,副詞,一般,*,*,*,*,プップッ,プップッ,プップッ
ぷぷって,3,3,6420,副詞,一般,*,*,*,*,ぷぷって,ププッテ,ププッテ
ププッて,3,3,3981,副詞,一般,*,*,*,*,ププッて,ププッテ,ププッテ
ぷっぷって,3,3,6420,副詞,一般,*,*,*,*,ぷっぷって,プップッテ,プップッテ
プップッて,3,3,3981,副詞,一般,*,*,*,*,プップッて,プップッテ,プップッテ
ぷぷっと,3,3,6420,副詞,一般,*,*,*,*,ぷぷっと,ププット,ププット
ププッと,3,3,3981,副詞,一般,*,*,*,*,ププッと,ププット,ププット
ぷっぷっと,3,3,6420,副詞,一般,*,*,*,*,ぷっぷっと,プップット,プップット
プップッと,3,3,3981,副詞,一般,*,*,*,*,プップッと,プップット,プップット
ぷー,3,3,6420,副詞,一般,*,*,*,*,ぷー,プー,プー
プー,3,3,3981,副詞,一般,*,*,*,*,プー,プー,プー
ひゃっ,3,3,6420,副詞,一般,*,*,*,*,ひゃっ,ヒャッ,ヒャッ
ひゃって,3,3,6420,副詞,一般,*,*,*,*,ひゃって,ヒャッテ,ヒャッテ
ひゃーって,3,3,6420,副詞,一般,*,*,*,*,ひゃーって,ヒャーッテ,ヒャーッテ
ひゃっと,3,3,6420,副詞,一般,*,*,*,*,ひゃっと,ヒャット,ヒャット
ひゃーっと,3,3,6420,副詞,一般,*,*,*,*,ひゃーっと,ヒャーット,ヒャーット
ヒャって,3,3,3981,副詞,一般,*,*,*,*,ヒャって,ヒャッテ,ヒャッテ
ヒャーって,3,3,3981,副詞,一般,*,*,*,*,ヒャーって,ヒャーッテ,ヒャーッテ
ヒャっと,3,3,3981,副詞,一般,*,*,*,*,ヒャっと,ヒャット,ヒャット
ヒャーっと,3,3,3981,副詞,一般,*,*,*,*,ヒャーっと,ヒャーット,ヒャーット
ヒャッて,3,3,3981,副詞,一般,*,*,*,*,ヒャッて,ヒャッテ,ヒャッテ
ヒャーッて,3,3,3981,副詞,一般,*,*,*,*,ヒャーッて,ヒャーッテ,ヒャーッテ
ヒャッと,3,3,3981,副詞,一般,*,*,*,*,ヒャッと,ヒャット,ヒャット
ヒャーッと,3,3,3981,副詞,一般,*,*,*,*,ヒャーッと,ヒャーット,ヒャーット
ひゃひゃ,3,3,6420,副詞,一般,*,*,*,*,ひゃひゃ,ヒャヒャ,ヒャヒャ
ひゃっひゃ,3,3,6420,副詞,一般,*,*,*,*,ひゃっひゃ,ヒャッヒャ,ヒャッヒャ
ヒャヒャ,3,3,3981,副詞,一般,*,*,*,*,ヒャヒャ,ヒャヒャ,ヒャヒャ
ヒャッヒャ,3,3,3981,副詞,一般,*,*,*,*,ヒャッヒャ,ヒャッヒャ,ヒャッヒャ
ひゃひゃ,3,3,6420,副詞,一般,*,*,*,*,ひゃひゃ,ヒャヒャ,ヒャヒャ
ヒャヒャッ,3,3,3981,副詞,一般,*,*,*,*,ヒャヒャッ,ヒャヒャッ,ヒャヒャッ
ひゃっひゃっ,3,3,6420,副詞,一般,*,*,*,*,ひゃっひゃっ,ヒャッヒャッ,ヒャッヒャッ
ヒャッヒャッ,3,3,3981,副詞,一般,*,*,*,*,ヒャッヒャッ,ヒャッヒャッ,ヒャッヒャッ
ひゃひゃって,3,3,6420,副詞,一般,*,*,*,*,ひゃひゃって,ヒャヒャッテ,ヒャヒャッテ
ヒャヒャッて,3,3,3981,副詞,一般,*,*,*,*,ヒャヒャッて,ヒャヒャッテ,ヒャヒャッテ
ひゃっひゃって,3,3,6420,副詞,一般,*,*,*,*,ひゃっひゃって,ヒャッヒャッテ,ヒャッヒャッテ
ヒャッヒャッて,3,3,3981,副詞,一般,*,*,*,*,ヒャッヒャッて,ヒャッヒャッテ,ヒャッヒャッテ
ひゃひゃっと,3,3,6420,副詞,一般,*,*,*,*,ひゃひゃっと,ヒャヒャット,ヒャヒャット
ヒャヒャッと,3,3,3981,副詞,一般,*,*,*,*,ヒャヒャッと,ヒャヒャット,ヒャヒャット
ひゃっひゃっと,3,3,6420,副詞,一般,*,*,*,*,ひゃっひゃっと,ヒャッヒャット,ヒャッヒャット
ヒャッヒャッと,3,3,3981,副詞,一般,*,*,*,*,ヒャッヒャッと,ヒャッヒャット,ヒャッヒャット
ひゃー,3,3,6420,副詞,一般,*,*,*,*,ひゃー,ヒャー,ヒャー
ヒャー,3,3,3981,副詞,一般,*,*,*,*,ヒャー,ヒャー,ヒャー
びゃっ,3,3,6420,副詞,一般,*,*,*,*,びゃっ,ビャッ,ビャッ
びゃって,3,3,6420,副詞,一般,*,*,*,*,びゃって,ビャッテ,ビャッテ
びゃーって,3,3,6420,副詞,一般,*,*,*,*,びゃーって,ビャーッテ,ビャーッテ
びゃっと,3,3,6420,副詞,一般,*,*,*,*,びゃっと,ビャット,ビャット
びゃーっと,3,3,6420,副詞,一般,*,*,*,*,びゃーっと,ビャーット,ビャーット
ビャって,3,3,3981,副詞,一般,*,*,*,*,ビャって,ビャッテ,ビャッテ
ビャーって,3,3,3981,副詞,一般,*,*,*,*,ビャーって,ビャーッテ,ビャーッテ
ビャっと,3,3,3981,副詞,一般,*,*,*,*,ビャっと,ビャット,ビャット
ビャーっと,3,3,3981,副詞,一般,*,*,*,*,ビャーっと,ビャーット,ビャーット
ビャッて,3,3,3981,副詞,一般,*,*,*,*,ビャッて,ビャッテ,ビャッテ
ビャーッて,3,3,3981,副詞,一般,*,*,*,*,ビャーッて,ビャーッテ,ビャーッテ
ビャッと,3,3,3981,副詞,一般,*,*,*,*,ビャッと,ビャット,ビャット
ビャーッと,3,3,3981,副詞,一般,*,*,*,*,ビャーッと,ビャーット,ビャーット
びゃびゃ,3,3,6420,副詞,一般,*,*,*,*,びゃびゃ,ビャビャ,ビャビャ
びゃっびゃ,3,3,6420,副詞,一般,*,*,*,*,びゃっびゃ,ビャッビャ,ビャッビャ
ビャビャ,3,3,3981,副詞,一般,*,*,*,*,ビャビャ,ビャビャ,ビャビャ
ビャッビャ,3,3,3981,副詞,一般,*,*,*,*,ビャッビャ,ビャッビャ,ビャッビャ
びゃびゃ,3,3,6420,副詞,一般,*,*,*,*,びゃびゃ,ビャビャ,ビャビャ
ビャビャッ,3,3,3981,副詞,一般,*,*,*,*,ビャビャッ,ビャビャッ,ビャビャッ
びゃっびゃっ,3,3,6420,副詞,一般,*,*,*,*,びゃっびゃっ,ビャッビャッ,ビャッビャッ
ビャッビャッ,3,3,3981,副詞,一般,*,*,*,*,ビャッビャッ,ビャッビャッ,ビャッビャッ
びゃびゃって,3,3,6420,副詞,一般,*,*,*,*,びゃびゃって,ビャビャッテ,ビャビャッテ
ビャビャッて,3,3,3981,副詞,一般,*,*,*,*,ビャビャッて,ビャビャッテ,ビャビャッテ
びゃっびゃって,3,3,6420,副詞,一般,*,*,*,*,びゃっびゃって,ビャッビャッテ,ビャッビャッテ
ビャッビャッて,3,3,3981,副詞,一般,*,*,*,*,ビャッビャッて,ビャッビャッテ,ビャッビャッテ
びゃびゃっと,3,3,6420,副詞,一般,*,*,*,*,びゃびゃっと,ビャビャット,ビャビャット
ビャビャッと,3,3,3981,副詞,一般,*,*,*,*,ビャビャッと,ビャビャット,ビャビャット
びゃっびゃっと,3,3,6420,副詞,一般,*,*,*,*,びゃっびゃっと,ビャッビャット,ビャッビャット
ビャッビャッと,3,3,3981,副詞,一般,*,*,*,*,ビャッビャッと,ビャッビャット,ビャッビャット
びゃー,3,3,6420,副詞,一般,*,*,*,*,びゃー,ビャー,ビャー
ビャー,3,3,3981,副詞,一般,*,*,*,*,ビャー,ビャー,ビャー
ぺっ,3,3,6420,副詞,一般,*,*,*,*,ぺっ,ペッ,ペッ
ぺって,3,3,6420,副詞,一般,*,*,*,*,ぺって,ペッテ,ペッテ
ぺーって,3,3,6420,副詞,一般,*,*,*,*,ぺーって,ペーッテ,ペーッテ
ぺっと,3,3,6420,副詞,一般,*,*,*,*,ぺっと,ペット,ペット
ぺーっと,3,3,6420,副詞,一般,*,*,*,*,ぺーっと,ペーット,ペーット
ペって,3,3,3981,副詞,一般,*,*,*,*,ペって,ペッテ,ペッテ
ペーって,3,3,3981,副詞,一般,*,*,*,*,ペーって,ペーッテ,ペーッテ
ペっと,3,3,3981,副詞,一般,*,*,*,*,ペっと,ペット,ペット
ペーっと,3,3,3981,副詞,一般,*,*,*,*,ペーっと,ペーット,ペーット
ペッて,3,3,3981,副詞,一般,*,*,*,*,ペッて,ペッテ,ペッテ
ペーッて,3,3,3981,副詞,一般,*,*,*,*,ペーッて,ペーッテ,ペーッテ
ペッと,3,3,3981,副詞,一般,*,*,*,*,ペッと,ペット,ペット
ペーッと,3,3,3981,副詞,一般,*,*,*,*,ペーッと,ペーット,ペーット
ぺぺ,3,3,6420,副詞,一般,*,*,*,*,ぺぺ,ペペ,ペペ
ぺっぺ,3,3,6420,副詞,一般,*,*,*,*,ぺっぺ,ペッペ,ペッペ
ペペ,3,3,3981,副詞,一般,*,*,*,*,ペペ,ペペ,ペペ
ペッペ,3,3,3981,副詞,一般,*,*,*,*,ペッペ,ペッペ,ペッペ
ぺぺ,3,3,6420,副詞,一般,*,*,*,*,ぺぺ,ペペ,ペペ
ペペッ,3,3,3981,副詞,一般,*,*,*,*,ペペッ,ペペッ,ペペッ
ぺっぺっ,3,3,6420,副詞,一般,*,*,*,*,ぺっぺっ,ペッペッ,ペッペッ
ペッペッ,3,3,3981,副詞,一般,*,*,*,*,ペッペッ,ペッペッ,ペッペッ
ぺぺって,3,3,6420,副詞,一般,*,*,*,*,ぺぺって,ペペッテ,ペペッテ
ペペッて,3,3,3981,副詞,一般,*,*,*,*,ペペッて,ペペッテ,ペペッテ
ぺっぺって,3,3,6420,副詞,一般,*,*,*,*,ぺっぺって,ペッペッテ,ペッペッテ
ペッペッて,3,3,3981,副詞,一般,*,*,*,*,ペッペッて,ペッペッテ,ペッペッテ
ぺぺっと,3,3,6420,副詞,一般,*,*,*,*,ぺぺっと,ペペット,ペペット
ペペッと,3,3,3981,副詞,一般,*,*,*,*,ペペッと,ペペット,ペペット
ぺっぺっと,3,3,6420,副詞,一般,*,*,*,*,ぺっぺっと,ペッペット,ペッペット
ペッペッと,3,3,3981,副詞,一般,*,*,*,*,ペッペッと,ペッペット,ペッペット
ぺー,3,3,6420,副詞,一般,*,*,*,*,ぺー,ペー,ペー
ペー,3,3,3983,副詞,一般,*,*,*,*,ペー,ペー,ペー
ぽっ,3,3,6420,副詞,一般,*,*,*,*,ぽっ,ポッ,ポッ
ぽって,3,3,6420,副詞,一般,*,*,*,*,ぽって,ポッテ,ポッテ
ぽーって,3,3,6420,副詞,一般,*,*,*,*,ぽーって,ポーッテ,ポーッテ
ぽっと,3,3,6420,副詞,一般,*,*,*,*,ぽっと,ポット,ポット
ぽーっと,3,3,6420,副詞,一般,*,*,*,*,ぽーっと,ポーット,ポーット
ポって,3,3,3981,副詞,一般,*,*,*,*,ポって,ポッテ,ポッテ
ポーって,3,3,3981,副詞,一般,*,*,*,*,ポーって,ポーッテ,ポーッテ
ポっと,3,3,3981,副詞,一般,*,*,*,*,ポっと,ポット,ポット
ポーっと,3,3,3981,副詞,一般,*,*,*,*,ポーっと,ポーット,ポーット
ポッて,3,3,3981,副詞,一般,*,*,*,*,ポッて,ポッテ,ポッテ
ポーッて,3,3,3981,副詞,一般,*,*,*,*,ポーッて,ポーッテ,ポーッテ
ポッと,3,3,3981,副詞,一般,*,*,*,*,ポッと,ポット,ポット
ポーッと,3,3,3981,副詞,一般,*,*,*,*,ポーッと,ポーット,ポーット
ぽぽ,3,3,6420,副詞,一般,*,*,*,*,ぽぽ,ポポ,ポポ
ぽっぽ,3,3,6420,副詞,一般,*,*,*,*,ぽっぽ,ポッポ,ポッポ
ポポ,3,3,3981,副詞,一般,*,*,*,*,ポポ,ポポ,ポポ
ポッポ,3,3,3981,副詞,一般,*,*,*,*,ポッポ,ポッポ,ポッポ
ぽぽ,3,3,6420,副詞,一般,*,*,*,*,ぽぽ,ポポ,ポポ
ポポッ,3,3,3981,副詞,一般,*,*,*,*,ポポッ,ポポッ,ポポッ
ぽっぽっ,3,3,6420,副詞,一般,*,*,*,*,ぽっぽっ,ポッポッ,ポッポッ
ポッポッ,3,3,3981,副詞,一般,*,*,*,*,ポッポッ,ポッポッ,ポッポッ
ぽぽって,3,3,6420,副詞,一般,*,*,*,*,ぽぽって,ポポッテ,ポポッテ
ポポッて,3,3,3981,副詞,一般,*,*,*,*,ポポッて,ポポッテ,ポポッテ
ぽっぽって,3,3,6420,副詞,一般,*,*,*,*,ぽっぽって,ポッポッテ,ポッポッテ
ポッポッて,3,3,3981,副詞,一般,*,*,*,*,ポッポッて,ポッポッテ,ポッポッテ
ぽぽっと,3,3,6420,副詞,一般,*,*,*,*,ぽぽっと,ポポット,ポポット
ポポッと,3,3,3981,副詞,一般,*,*,*,*,ポポッと,ポポット,ポポット
ぽっぽっと,3,3,6420,副詞,一般,*,*,*,*,ぽっぽっと,ポッポット,ポッポット
ポッポッと,3,3,3981,副詞,一般,*,*,*,*,ポッポッと,ポッポット,ポッポット
ぽー,3,3,6420,副詞,一般,*,*,*,*,ぽー,ポー,ポー
ポー,3,3,3982,副詞,一般,*,*,*,*,ポー,ポー,ポー
ぽこっ,3,3,6420,副詞,一般,*,*,*,*,ぽこっ,ポコッ,ポコッ
ぽこって,3,3,6420,副詞,一般,*,*,*,*,ぽこって,ポコッテ,ポコッテ
ぽこーって,3,3,6420,副詞,一般,*,*,*,*,ぽこーって,ポコーッテ,ポコーッテ
ぽこっと,3,3,6420,副詞,一般,*,*,*,*,ぽこっと,ポコット,ポコット
ぽこーっと,3,3,6420,副詞,一般,*,*,*,*,ぽこーっと,ポコーット,ポコーット
ポコって,3,3,3981,副詞,一般,*,*,*,*,ポコって,ポコッテ,ポコッテ
ポコーって,3,3,3981,副詞,一般,*,*,*,*,ポコーって,ポコーッテ,ポコーッテ
ポコっと,3,3,3981,副詞,一般,*,*,*,*,ポコっと,ポコット,ポコット
ポコーっと,3,3,3981,副詞,一般,*,*,*,*,ポコーっと,ポコーット,ポコーット
ポコッて,3,3,3981,副詞,一般,*,*,*,*,ポコッて,ポコッテ,ポコッテ
ポコーッて,3,3,3981,副詞,一般,*,*,*,*,ポコーッて,ポコーッテ,ポコーッテ
ポコッと,3,3,3981,副詞,一般,*,*,*,*,ポコッと,ポコット,ポコット
ポコーッと,3,3,3981,副詞,一般,*,*,*,*,ポコーッと,ポコーット,ポコーット
ぽこぽこ,3,3,6420,副詞,一般,*,*,*,*,ぽこぽこ,ポコポコ,ポコポコ
ぽこっぽこ,3,3,6420,副詞,一般,*,*,*,*,ぽこっぽこ,ポコッポコ,ポコッポコ
ポコポコ,3,3,3981,副詞,一般,*,*,*,*,ポコポコ,ポコポコ,ポコポコ
ポコッポコ,3,3,3981,副詞,一般,*,*,*,*,ポコッポコ,ポコッポコ,ポコッポコ
ぽこぽこ,3,3,6420,副詞,一般,*,*,*,*,ぽこぽこ,ポコポコ,ポコポコ
ポコポコッ,3,3,3981,副詞,一般,*,*,*,*,ポコポコッ,ポコポコッ,ポコポコッ
ぽこっぽこっ,3,3,6420,副詞,一般,*,*,*,*,ぽこっぽこっ,ポコッポコッ,ポコッポコッ
ポコッポコッ,3,3,3981,副詞,一般,*,*,*,*,ポコッポコッ,ポコッポコッ,ポコッポコッ
ぽこぽこって,3,3,6420,副詞,一般,*,*,*,*,ぽこぽこって,ポコポコッテ,ポコポコッテ
ポコポコッて,3,3,3981,副詞,一般,*,*,*,*,ポコポコッて,ポコポコッテ,ポコポコッテ
ぽこっぽこって,3,3,6420,副詞,一般,*,*,*,*,ぽこっぽこって,ポコッポコッテ,ポコッポコッテ
ポコッポコッて,3,3,3981,副詞,一般,*,*,*,*,ポコッポコッて,ポコッポコッテ,ポコッポコッテ
ぽこぽこっと,3,3,6420,副詞,一般,*,*,*,*,ぽこぽこっと,ポコポコット,ポコポコット
ポコポコッと,3,3,3981,副詞,一般,*,*,*,*,ポコポコッと,ポコポコット,ポコポコット
ぽこっぽこっと,3,3,6420,副詞,一般,*,*,*,*,ぽこっぽこっと,ポコッポコット,ポコッポコット
ポコッポコッと,3,3,3981,副詞,一般,*,*,*,*,ポコッポコッと,ポコッポコット,ポコッポコット
ぽこー,3,3,6420,副詞,一般,*,*,*,*,ぽこー,ポコー,ポコー
ポコー,3,3,3981,副詞,一般,*,*,*,*,ポコー,ポコー,ポコー
さっ,3,3,6622,副詞,一般,*,*,*,*,さっ,サッ,サッ
さって,3,3,6421,副詞,一般,*,*,*,*,さって,サッテ,サッテ
さーって,3,3,6420,副詞,一般,*,*,*,*,さーって,サーッテ,サーッテ
さっと,3,3,6420,副詞,一般,*,*,*,*,さっと,サット,サット
さーっと,3,3,6420,副詞,一般,*,*,*,*,さーっと,サーット,サーット
サって,3,3,3981,副詞,一般,*,*,*,*,サって,サッテ,サッテ
サーって,3,3,3981,副詞,一般,*,*,*,*,サーって,サーッテ,サーッテ
サっと,3,3,3981,副詞,一般,*,*,*,*,サっと,サット,サット
サーっと,3,3,3981,副詞,一般,*,*,*,*,サーっと,サーット,サーット
サッて,3,3,3981,副詞,一般,*,*,*,*,サッて,サッテ,サッテ
サーッて,3,3,3981,副詞,一般,*,*,*,*,サーッて,サーッテ,サーッテ
サッと,3,3,3981,副詞,一般,*,*,*,*,サッと,サット,サット
サーッと,3,3,3981,副詞,一般,*,*,*,*,サーッと,サーット,サーット
ささ,3,3,6371,副詞,一般,*,*,*,*,ささ,ササ,ササ
さっさ,3,3,6420,副詞,一般,*,*,*,*,さっさ,サッサ,サッサ
ササ,3,3,3930,副詞,一般,*,*,*,*,ササ,ササ,ササ
サッサ,3,3,3981,副詞,一般,*,*,*,*,サッサ,サッサ,サッサ
ささ,3,3,6371,副詞,一般,*,*,*,*,ささ,ササ,ササ
ササッ,3,3,3981,副詞,一般,*,*,*,*,ササッ,ササッ,ササッ
さっさっ,3,3,6420,副詞,一般,*,*,*,*,さっさっ,サッサッ,サッサッ
サッサッ,3,3,3981,副詞,一般,*,*,*,*,サッサッ,サッサッ,サッサッ
ささって,3,3,6420,副詞,一般,*,*,*,*,ささって,ササッテ,ササッテ
ササッて,3,3,3981,副詞,一般,*,*,*,*,ササッて,ササッテ,ササッテ
さっさって,3,3,6420,副詞,一般,*,*,*,*,さっさって,サッサッテ,サッサッテ
サッサッて,3,3,3981,副詞,一般,*,*,*,*,サッサッて,サッサッテ,サッサッテ
ささっと,3,3,6420,副詞,一般,*,*,*,*,ささっと,ササット,ササット
ササッと,3,3,3981,副詞,一般,*,*,*,*,ササッと,ササット,ササット
さっさっと,3,3,6420,副詞,一般,*,*,*,*,さっさっと,サッサット,サッサット
サッサッと,3,3,3981,副詞,一般,*,*,*,*,サッサッと,サッサット,サッサット
さー,3,3,6831,副詞,一般,*,*,*,*,さー,サー,サー
サー,3,3,4466,副詞,一般,*,*,*,*,サー,サー,サー
へこっ,3,3,6420,副詞,一般,*,*,*,*,へこっ,ヘコッ,ヘコッ
へこって,3,3,6420,副詞,一般,*,*,*,*,へこって,ヘコッテ,ヘコッテ
へこーって,3,3,6420,副詞,一般,*,*,*,*,へこーって,ヘコーッテ,ヘコーッテ
へこっと,3,3,6420,副詞,一般,*,*,*,*,へこっと,ヘコット,ヘコット
へこーっと,3,3,6420,副詞,一般,*,*,*,*,へこーっと,ヘコーット,ヘコーット
ヘコって,3,3,3981,副詞,一般,*,*,*,*,ヘコって,ヘコッテ,ヘコッテ
ヘコーって,3,3,3981,副詞,一般,*,*,*,*,ヘコーって,ヘコーッテ,ヘコーッテ
ヘコっと,3,3,3981,副詞,一般,*,*,*,*,ヘコっと,ヘコット,ヘコット
ヘコーっと,3,3,3981,副詞,一般,*,*,*,*,ヘコーっと,ヘコーット,ヘコーット
ヘコッて,3,3,3981,副詞,一般,*,*,*,*,ヘコッて,ヘコッテ,ヘコッテ
ヘコーッて,3,3,3981,副詞,一般,*,*,*,*,ヘコーッて,ヘコーッテ,ヘコーッテ
ヘコッと,3,3,3981,副詞,一般,*,*,*,*,ヘコッと,ヘコット,ヘコット
ヘコーッと,3,3,3981,副詞,一般,*,*,*,*,ヘコーッと,ヘコーット,ヘコーット
へこへこ,3,3,6420,副詞,一般,*,*,*,*,へこへこ,ヘコヘコ,ヘコヘコ
へこっへこ,3,3,6420,副詞,一般,*,*,*,*,へこっへこ,ヘコッヘコ,ヘコッヘコ
ヘコヘコ,3,3,3981,副詞,一般,*,*,*,*,ヘコヘコ,ヘコヘコ,ヘコヘコ
ヘコッヘコ,3,3,3981,副詞,一般,*,*,*,*,ヘコッヘコ,ヘコッヘコ,ヘコッヘコ
へこへこ,3,3,6420,副詞,一般,*,*,*,*,へこへこ,ヘコヘコ,ヘコヘコ
ヘコヘコッ,3,3,3981,副詞,一般,*,*,*,*,ヘコヘコッ,ヘコヘコッ,ヘコヘコッ
へこっへこっ,3,3,6420,副詞,一般,*,*,*,*,へこっへこっ,ヘコッヘコッ,ヘコッヘコッ
ヘコッヘコッ,3,3,3981,副詞,一般,*,*,*,*,ヘコッヘコッ,ヘコッヘコッ,ヘコッヘコッ
へこへこって,3,3,6420,副詞,一般,*,*,*,*,へこへこって,ヘコヘコッテ,ヘコヘコッテ
ヘコヘコッて,3,3,3981,副詞,一般,*,*,*,*,ヘコヘコッて,ヘコヘコッテ,ヘコヘコッテ
へこっへこって,3,3,6420,副詞,一般,*,*,*,*,へこっへこって,ヘコッヘコッテ,ヘコッヘコッテ
ヘコッヘコッて,3,3,3981,副詞,一般,*,*,*,*,ヘコッヘコッて,ヘコッヘコッテ,ヘコッヘコッテ
へこへこっと,3,3,6420,副詞,一般,*,*,*,*,へこへこっと,ヘコヘコット,ヘコヘコット
ヘコヘコッと,3,3,3981,副詞,一般,*,*,*,*,ヘコヘコッと,ヘコヘコット,ヘコヘコット
へこっへこっと,3,3,6420,副詞,一般,*,*,*,*,へこっへこっと,ヘコッヘコット,ヘコッヘコット
ヘコッヘコッと,3,3,3981,副詞,一般,*,*,*,*,ヘコッヘコッと,ヘコッヘコット,ヘコッヘコット
へこー,3,3,6420,副詞,一般,*,*,*,*,へこー,ヘコー,ヘコー
ヘコー,3,3,3981,副詞,一般,*,*,*,*,ヘコー,ヘコー,ヘコー
ぐわっ,3,3,6448,副詞,一般,*,*,*,*,ぐわっ,グワッ,グワッ
ぐわって,3,3,6391,副詞,一般,*,*,*,*,ぐわって,グワッテ,グワッテ
ぐわーって,3,3,6420,副詞,一般,*,*,*,*,ぐわーって,グワーッテ,グワーッテ
ぐわっと,3,3,6420,副詞,一般,*,*,*,*,ぐわっと,グワット,グワット
ぐわーっと,3,3,6420,副詞,一般,*,*,*,*,ぐわーっと,グワーット,グワーット
グワって,3,3,3977,副詞,一般,*,*,*,*,グワって,グワッテ,グワッテ
グワーって,3,3,3981,副詞,一般,*,*,*,*,グワーって,グワーッテ,グワーッテ
グワっと,3,3,3981,副詞,一般,*,*,*,*,グワっと,グワット,グワット
グワーっと,3,3,3981,副詞,一般,*,*,*,*,グワーっと,グワーット,グワーット
グワッて,3,3,3977,副詞,一般,*,*,*,*,グワッて,グワッテ,グワッテ
グワーッて,3,3,3981,副詞,一般,*,*,*,*,グワーッて,グワーッテ,グワーッテ
グワッと,3,3,3981,副詞,一般,*,*,*,*,グワッと,グワット,グワット
グワーッと,3,3,3981,副詞,一般,*,*,*,*,グワーッと,グワーット,グワーット
ぐわぐわ,3,3,6420,副詞,一般,*,*,*,*,ぐわぐわ,グワグワ,グワグワ
ぐわっぐわ,3,3,6420,副詞,一般,*,*,*,*,ぐわっぐわ,グワッグワ,グワッグワ
グワグワ,3,3,3981,副詞,一般,*,*,*,*,グワグワ,グワグワ,グワグワ
グワッグワ,3,3,3981,副詞,一般,*,*,*,*,グワッグワ,グワッグワ,グワッグワ
ぐわぐわ,3,3,6420,副詞,一般,*,*,*,*,ぐわぐわ,グワグワ,グワグワ
グワグワッ,3,3,3981,副詞,一般,*,*,*,*,グワグワッ,グワグワッ,グワグワッ
ぐわっぐわっ,3,3,6420,副詞,一般,*,*,*,*,ぐわっぐわっ,グワッグワッ,グワッグワッ
グワッグワッ,3,3,3981,副詞,一般,*,*,*,*,グワッグワッ,グワッグワッ,グワッグワッ
ぐわぐわって,3,3,6420,副詞,一般,*,*,*,*,ぐわぐわって,グワグワッテ,グワグワッテ
グワグワッて,3,3,3981,副詞,一般,*,*,*,*,グワグワッて,グワグワッテ,グワグワッテ
ぐわっぐわって,3,3,6420,副詞,一般,*,*,*,*,ぐわっぐわって,グワッグワッテ,グワッグワッテ
グワッグワッて,3,3,3981,副詞,一般,*,*,*,*,グワッグワッて,グワッグワッテ,グワッグワッテ
ぐわぐわっと,3,3,6420,副詞,一般,*,*,*,*,ぐわぐわっと,グワグワット,グワグワット
グワグワッと,3,3,3981,副詞,一般,*,*,*,*,グワグワッと,グワグワット,グワグワット
ぐわっぐわっと,3,3,6420,副詞,一般,*,*,*,*,ぐわっぐわっと,グワッグワット,グワッグワット
グワッグワッと,3,3,3981,副詞,一般,*,*,*,*,グワッグワッと,グワッグワット,グワッグワット
ぐわー,3,3,6420,副詞,一般,*,*,*,*,ぐわー,グワー,グワー
グワー,3,3,3981,副詞,一般,*,*,*,*,グワー,グワー,グワー
きゃっ,3,3,6420,副詞,一般,*,*,*,*,きゃっ,キャッ,キャッ
きゃって,3,3,6420,副詞,一般,*,*,*,*,きゃって,キャッテ,キャッテ
きゃーって,3,3,6420,副詞,一般,*,*,*,*,きゃーって,キャーッテ,キャーッテ
きゃっと,3,3,6420,副詞,一般,*,*,*,*,きゃっと,キャット,キャット
きゃーっと,3,3,6420,副詞,一般,*,*,*,*,きゃーっと,キャーット,キャーット
キャって,3,3,3981,副詞,一般,*,*,*,*,キャって,キャッテ,キャッテ
キャーって,3,3,3981,副詞,一般,*,*,*,*,キャーって,キャーッテ,キャーッテ
キャっと,3,3,3981,副詞,一般,*,*,*,*,キャっと,キャット,キャット
キャーっと,3,3,3981,副詞,一般,*,*,*,*,キャーっと,キャーット,キャーット
キャッて,3,3,3981,副詞,一般,*,*,*,*,キャッて,キャッテ,キャッテ
キャーッて,3,3,3981,副詞,一般,*,*,*,*,キャーッて,キャーッテ,キャーッテ
キャッと,3,3,3981,副詞,一般,*,*,*,*,キャッと,キャット,キャット
キャーッと,3,3,3981,副詞,一般,*,*,*,*,キャーッと,キャーット,キャーット
きゃきゃ,3,3,6420,副詞,一般,*,*,*,*,きゃきゃ,キャキャ,キャキャ
きゃっきゃ,3,3,6420,副詞,一般,*,*,*,*,きゃっきゃ,キャッキャ,キャッキャ
キャキャ,3,3,3981,副詞,一般,*,*,*,*,キャキャ,キャキャ,キャキャ
キャッキャ,3,3,3981,副詞,一般,*,*,*,*,キャッキャ,キャッキャ,キャッキャ
きゃきゃ,3,3,6420,副詞,一般,*,*,*,*,きゃきゃ,キャキャ,キャキャ
キャキャッ,3,3,3981,副詞,一般,*,*,*,*,キャキャッ,キャキャッ,キャキャッ
きゃっきゃっ,3,3,6420,副詞,一般,*,*,*,*,きゃっきゃっ,キャッキャッ,キャッキャッ
キャッキャッ,3,3,3981,副詞,一般,*,*,*,*,キャッキャッ,キャッキャッ,キャッキャッ
きゃきゃって,3,3,6420,副詞,一般,*,*,*,*,きゃきゃって,キャキャッテ,キャキャッテ
キャキャッて,3,3,3981,副詞,一般,*,*,*,*,キャキャッて,キャキャッテ,キャキャッテ
きゃっきゃって,3,3,6420,副詞,一般,*,*,*,*,きゃっきゃって,キャッキャッテ,キャッキャッテ
キャッキャッて,3,3,3981,副詞,一般,*,*,*,*,キャッキャッて,キャッキャッテ,キャッキャッテ
きゃきゃっと,3,3,6420,副詞,一般,*,*,*,*,きゃきゃっと,キャキャット,キャキャット
キャキャッと,3,3,3981,副詞,一般,*,*,*,*,キャキャッと,キャキャット,キャキャット
きゃっきゃっと,3,3,6420,副詞,一般,*,*,*,*,きゃっきゃっと,キャッキャット,キャッキャット
キャッキャッと,3,3,3981,副詞,一般,*,*,*,*,キャッキャッと,キャッキャット,キャッキャット
きゃー,3,3,6420,副詞,一般,*,*,*,*,きゃー,キャー,キャー
キャー,3,3,3981,副詞,一般,*,*,*,*,キャー,キャー,キャー
きらっ,3,3,6412,副詞,一般,*,*,*,*,きらっ,キラッ,キラッ
きらって,3,3,6420,副詞,一般,*,*,*,*,きらって,キラッテ,キラッテ
きらーって,3,3,6420,副詞,一般,*,*,*,*,きらーって,キラーッテ,キラーッテ
きらっと,3,3,6420,副詞,一般,*,*,*,*,きらっと,キラット,キラット
きらーっと,3,3,6420,副詞,一般,*,*,*,*,きらーっと,キラーット,キラーット
キラって,3,3,3981,副詞,一般,*,*,*,*,キラって,キラッテ,キラッテ
キラーって,3,3,3981,副詞,一般,*,*,*,*,キラーって,キラーッテ,キラーッテ
キラっと,3,3,3981,副詞,一般,*,*,*,*,キラっと,キラット,キラット
キラーっと,3,3,3981,副詞,一般,*,*,*,*,キラーっと,キラーット,キラーット
キラッて,3,3,3981,副詞,一般,*,*,*,*,キラッて,キラッテ,キラッテ
キラーッて,3,3,3981,副詞,一般,*,*,*,*,キラーッて,キラーッテ,キラーッテ
キラッと,3,3,3981,副詞,一般,*,*,*,*,キラッと,キラット,キラット
キラーッと,3,3,3981,副詞,一般,*,*,*,*,キラーッと,キラーット,キラーット
きらきら,3,3,6420,副詞,一般,*,*,*,*,きらきら,キラキラ,キラキラ
きらっきら,3,3,6420,副詞,一般,*,*,*,*,きらっきら,キラッキラ,キラッキラ
キラキラ,3,3,3981,副詞,一般,*,*,*,*,キラキラ,キラキラ,キラキラ
キラッキラ,3,3,3981,副詞,一般,*,*,*,*,キラッキラ,キラッキラ,キラッキラ
きらきら,3,3,6420,副詞,一般,*,*,*,*,きらきら,キラキラ,キラキラ
キラキラッ,3,3,3981,副詞,一般,*,*,*,*,キラキラッ,キラキラッ,キラキラッ
きらっきらっ,3,3,6420,副詞,一般,*,*,*,*,きらっきらっ,キラッキラッ,キラッキラッ
キラッキラッ,3,3,3981,副詞,一般,*,*,*,*,キラッキラッ,キラッキラッ,キラッキラッ
きらきらって,3,3,6420,副詞,一般,*,*,*,*,きらきらって,キラキラッテ,キラキラッテ
キラキラッて,3,3,3981,副詞,一般,*,*,*,*,キラキラッて,キラキラッテ,キラキラッテ
きらっきらって,3,3,6420,副詞,一般,*,*,*,*,きらっきらって,キラッキラッテ,キラッキラッテ
キラッキラッて,3,3,3981,副詞,一般,*,*,*,*,キラッキラッて,キラッキラッテ,キラッキラッテ
きらきらっと,3,3,6420,副詞,一般,*,*,*,*,きらきらっと,キラキラット,キラキラット
キラキラッと,3,3,3981,副詞,一般,*,*,*,*,キラキラッと,キラキラット,キラキラット
きらっきらっと,3,3,6420,副詞,一般,*,*,*,*,きらっきらっと,キラッキラット,キラッキラット
キラッキラッと,3,3,3981,副詞,一般,*,*,*,*,キラッキラッと,キラッキラット,キラッキラット
きらー,3,3,6420,副詞,一般,*,*,*,*,きらー,キラー,キラー
キラー,3,3,3981,副詞,一般,*,*,*,*,キラー,キラー,キラー
さらっ,3,3,6420,副詞,一般,*,*,*,*,さらっ,サラッ,サラッ
さらって,3,3,6420,副詞,一般,*,*,*,*,さらって,サラッテ,サラッテ
さらーって,3,3,6420,副詞,一般,*,*,*,*,さらーって,サラーッテ,サラーッテ
さらっと,3,3,6420,副詞,一般,*,*,*,*,さらっと,サラット,サラット
さらーっと,3,3,6420,副詞,一般,*,*,*,*,さらーっと,サラーット,サラーット
サラって,3,3,3981,副詞,一般,*,*,*,*,サラって,サラッテ,サラッテ
サラーって,3,3,3981,副詞,一般,*,*,*,*,サラーって,サラーッテ,サラーッテ
サラっと,3,3,3981,副詞,一般,*,*,*,*,サラっと,サラット,サラット
サラーっと,3,3,3981,副詞,一般,*,*,*,*,サラーっと,サラーット,サラーット
サラッて,3,3,3981,副詞,一般,*,*,*,*,サラッて,サラッテ,サラッテ
サラーッて,3,3,3981,副詞,一般,*,*,*,*,サラーッて,サラーッテ,サラーッテ
サラッと,3,3,3981,副詞,一般,*,*,*,*,サラッと,サラット,サラット
サラーッと,3,3,3981,副詞,一般,*,*,*,*,サラーッと,サラーット,サラーット
さらさら,3,3,6420,副詞,一般,*,*,*,*,さらさら,サラサラ,サラサラ
さらっさら,3,3,6420,副詞,一般,*,*,*,*,さらっさら,サラッサラ,サラッサラ
サラサラ,3,3,3981,副詞,一般,*,*,*,*,サラサラ,サラサラ,サラサラ
サラッサラ,3,3,3981,副詞,一般,*,*,*,*,サラッサラ,サラッサラ,サラッサラ
さらさら,3,3,6420,副詞,一般,*,*,*,*,さらさら,サラサラ,サラサラ
サラサラッ,3,3,3981,副詞,一般,*,*,*,*,サラサラッ,サラサラッ,サラサラッ
さらっさらっ,3,3,6420,副詞,一般,*,*,*,*,さらっさらっ,サラッサラッ,サラッサラッ
サラッサラッ,3,3,3981,副詞,一般,*,*,*,*,サラッサラッ,サラッサラッ,サラッサラッ
さらさらって,3,3,6420,副詞,一般,*,*,*,*,さらさらって,サラサラッテ,サラサラッテ
サラサラッて,3,3,3981,副詞,一般,*,*,*,*,サラサラッて,サラサラッテ,サラサラッテ
さらっさらって,3,3,6420,副詞,一般,*,*,*,*,さらっさらって,サラッサラッテ,サラッサラッテ
サラッサラッて,3,3,3981,副詞,一般,*,*,*,*,サラッサラッて,サラッサラッテ,サラッサラッテ
さらさらっと,3,3,6420,副詞,一般,*,*,*,*,さらさらっと,サラサラット,サラサラット
サラサラッと,3,3,3981,副詞,一般,*,*,*,*,サラサラッと,サラサラット,サラサラット
さらっさらっと,3,3,6420,副詞,一般,*,*,*,*,さらっさらっと,サラッサラット,サラッサラット
サラッサラッと,3,3,3981,副詞,一般,*,*,*,*,サラッサラッと,サラッサラット,サラッサラット
さらー,3,3,6420,副詞,一般,*,*,*,*,さらー,サラー,サラー
サラー,3,3,3981,副詞,一般,*,*,*,*,サラー,サラー,サラー
ちゅっ,3,3,6420,副詞,一般,*,*,*,*,ちゅっ,チュッ,チュッ
ちゅって,3,3,6420,副詞,一般,*,*,*,*,ちゅって,チュッテ,チュッテ
ちゅーって,3,3,6420,副詞,一般,*,*,*,*,ちゅーって,チューッテ,チューッテ
ちゅっと,3,3,6420,副詞,一般,*,*,*,*,ちゅっと,チュット,チュット
ちゅーっと,3,3,6420,副詞,一般,*,*,*,*,ちゅーっと,チューット,チューット
チュって,3,3,3981,副詞,一般,*,*,*,*,チュって,チュッテ,チュッテ
チューって,3,3,3981,副詞,一般,*,*,*,*,チューって,チューッテ,チューッテ
チュっと,3,3,3981,副詞,一般,*,*,*,*,チュっと,チュット,チュット
チューっと,3,3,3981,副詞,一般,*,*,*,*,チューっと,チューット,チューット
チュッて,3,3,3981,副詞,一般,*,*,*,*,チュッて,チュッテ,チュッテ
チューッて,3,3,3981,副詞,一般,*,*,*,*,チューッて,チューッテ,チューッテ
チュッと,3,3,3981,副詞,一般,*,*,*,*,チュッと,チュット,チュット
チューッと,3,3,3981,副詞,一般,*,*,*,*,チューッと,チューット,チューット
ちゅちゅ,3,3,6420,副詞,一般,*,*,*,*,ちゅちゅ,チュチュ,チュチュ
ちゅっちゅ,3,3,6420,副詞,一般,*,*,*,*,ちゅっちゅ,チュッチュ,チュッチュ
チュチュ,3,3,3981,副詞,一般,*,*,*,*,チュチュ,チュチュ,チュチュ
チュッチュ,3,3,3981,副詞,一般,*,*,*,*,チュッチュ,チュッチュ,チュッチュ
ちゅちゅ,3,3,6420,副詞,一般,*,*,*,*,ちゅちゅ,チュチュ,チュチュ
チュチュッ,3,3,3981,副詞,一般,*,*,*,*,チュチュッ,チュチュッ,チュチュッ
ちゅっちゅっ,3,3,6420,副詞,一般,*,*,*,*,ちゅっちゅっ,チュッチュッ,チュッチュッ
チュッチュッ,3,3,3981,副詞,一般,*,*,*,*,チュッチュッ,チュッチュッ,チュッチュッ
ちゅちゅって,3,3,6420,副詞,一般,*,*,*,*,ちゅちゅって,チュチュッテ,チュチュッテ
チュチュッて,3,3,3981,副詞,一般,*,*,*,*,チュチュッて,チュチュッテ,チュチュッテ
ちゅっちゅって,3,3,6420,副詞,一般,*,*,*,*,ちゅっちゅって,チュッチュッテ,チュッチュッテ
チュッチュッて,3,3,3981,副詞,一般,*,*,*,*,チュッチュッて,チュッチュッテ,チュッチュッテ
ちゅちゅっと,3,3,6420,副詞,一般,*,*,*,*,ちゅちゅっと,チュチュット,チュチュット
チュチュッと,3,3,3981,副詞,一般,*,*,*,*,チュチュッと,チュチュット,チュチュット
ちゅっちゅっと,3,3,6420,副詞,一般,*,*,*,*,ちゅっちゅっと,チュッチュット,チュッチュット
チュッチュッと,3,3,3981,副詞,一般,*,*,*,*,チュッチュッと,チュッチュット,チュッチュット
ちゅー,3,3,6420,副詞,一般,*,*,*,*,ちゅー,チュー,チュー
チュー,3,3,3981,副詞,一般,*,*,*,*,チュー,チュー,チュー
