バー,0,0,0,副詞,一般,*,*,*,*,バー,バー,バー
カー,0,0,0,副詞,一般,*,*,*,*,カー,カー,カー
昏々,0,0,0,副詞,一般,*,*,*,*,昏々,昏々,昏々
割と,0,0,0,副詞,一般,*,*,*,*,割と,ワリト,ワリト
サン,0,0,0,副詞,一般,*,*,*,*,サン,サン,サン
クン,0,0,0,副詞,一般,*,*,*,*,クン,クン,クン
ブン,0,0,0,副詞,一般,*,*,*,*,ブン,ブン,ブン
フン,0,0,0,副詞,一般,*,*,*,*,フン,フン,フン
バー,0,0,0,副詞,一般,*,*,*,*,バー,バー,バー
エー,0,0,0,副詞,一般,*,*,*,*,エー,エー,エー
エン,0,0,0,副詞,一般,*,*,*,*,エン,エン,エン
ササ,0,0,0,副詞,一般,*,*,*,*,ササ,ササ,ササ
ペタ,0,0,0,副詞,一般,*,*,*,*,ペタ,ペタ,ペタ
スン,0,0,0,副詞,一般,*,*,*,*,スン,スン,スン
ボン,0,0,0,副詞,一般,*,*,*,*,ボン,ボン,ボン
ビン,0,0,0,副詞,一般,*,*,*,*,ビン,ビン,ビン
グル,0,0,0,副詞,一般,*,*,*,*,グル,グル,グル
ウン,0,0,0,副詞,一般,*,*,*,*,ウン,ウン,ウン
ガー,0,0,0,副詞,一般,*,*,*,*,ガー,ガー,ガー
ワー,0,0,0,副詞,一般,*,*,*,*,ワー,ワー,ワー
グワ,0,0,0,副詞,一般,*,*,*,*,グワ,グワ,グワ
カー,0,0,0,副詞,一般,*,*,*,*,カー,カー,カー
ジー,0,0,0,副詞,一般,*,*,*,*,ジー,ジー,ジー
アン,0,0,0,副詞,一般,*,*,*,*,アン,アン,アン
アー,0,0,0,副詞,一般,*,*,*,*,アー,アー,アー
イラ,0,0,0,副詞,一般,*,*,*,*,イラ,イラ,イラ
ウワ,0,0,0,副詞,一般,*,*,*,*,ウワ,ウワ,ウワ
ウン,0,0,0,副詞,一般,*,*,*,*,ウン,ウン,ウン
ウー,0,0,0,副詞,一般,*,*,*,*,ウー,ウー,ウー
エン,0,0,0,副詞,一般,*,*,*,*,エン,エン,エン
オエ,0,0,0,副詞,一般,*,*,*,*,オエ,オエ,オエ
オン,0,0,0,副詞,一般,*,*,*,*,オン,オン,オン
オー,0,0,0,副詞,一般,*,*,*,*,オー,オー,オー
カチ,0,0,0,副詞,一般,*,*,*,*,カチ,カチ,カチ
カラ,0,0,0,副詞,一般,*,*,*,*,カラ,カラ,カラ
カン,0,0,0,副詞,一般,*,*,*,*,カン,カン,カン
カー,0,0,0,副詞,一般,*,*,*,*,カー,カー,カー
ガク,0,0,0,副詞,一般,*,*,*,*,ガク,ガク,ガク
ガツ,0,0,0,副詞,一般,*,*,*,*,ガツ,ガツ,ガツ
ガラ,0,0,0,副詞,一般,*,*,*,*,ガラ,ガラ,ガラ
ガン,0,0,0,副詞,一般,*,*,*,*,ガン,ガン,ガン
ガー,0,0,0,副詞,一般,*,*,*,*,ガー,ガー,ガー
キャ,0,0,0,副詞,一般,*,*,*,*,キャ,キャ,キャ
キュ,0,0,0,副詞,一般,*,*,*,*,キュ,キュ,キュ
キラ,0,0,0,副詞,一般,*,*,*,*,キラ,キラ,キラ
キン,0,0,0,副詞,一般,*,*,*,*,キン,キン,キン
キー,0,0,0,副詞,一般,*,*,*,*,キー,キー,キー
ギャ,0,0,0,副詞,一般,*,*,*,*,ギャ,ギャ,ギャ
ギュ,0,0,0,副詞,一般,*,*,*,*,ギュ,ギュ,ギュ
クル,0,0,0,副詞,一般,*,*,*,*,クル,クル,クル
クン,0,0,0,副詞,一般,*,*,*,*,クン,クン,クン
クー,0,0,0,副詞,一般,*,*,*,*,クー,クー,クー
グァ,0,0,0,副詞,一般,*,*,*,*,グァ,グァ,グァ
グキ,0,0,0,副詞,一般,*,*,*,*,グキ,グキ,グキ
グサ,0,0,0,副詞,一般,*,*,*,*,グサ,グサ,グサ
グル,0,0,0,副詞,一般,*,*,*,*,グル,グル,グル
グワ,0,0,0,副詞,一般,*,*,*,*,グワ,グワ,グワ
グン,0,0,0,副詞,一般,*,*,*,*,グン,グン,グン
グー,0,0,0,副詞,一般,*,*,*,*,グー,グー,グー
ケロ,0,0,0,副詞,一般,*,*,*,*,ケロ,ケロ,ケロ
コソ,0,0,0,副詞,一般,*,*,*,*,コソ,コソ,コソ
コロ,0,0,0,副詞,一般,*,*,*,*,コロ,コロ,コロ
ゴロ,0,0,0,副詞,一般,*,*,*,*,ゴロ,ゴロ,ゴロ
サク,0,0,0,副詞,一般,*,*,*,*,サク,サク,サク
ササ,0,0,0,副詞,一般,*,*,*,*,ササ,ササ,ササ
サラ,0,0,0,副詞,一般,*,*,*,*,サラ,サラ,サラ
サン,0,0,0,副詞,一般,*,*,*,*,サン,サン,サン
サー,0,0,0,副詞,一般,*,*,*,*,サー,サー,サー
ザバ,0,0,0,副詞,一般,*,*,*,*,ザバ,ザバ,ザバ
ザン,0,0,0,副詞,一般,*,*,*,*,ザン,ザン,ザン
ザー,0,0,0,副詞,一般,*,*,*,*,ザー,ザー,ザー
シャ,0,0,0,副詞,一般,*,*,*,*,シャ,シャ,シャ
シュ,0,0,0,副詞,一般,*,*,*,*,シュ,シュ,シュ
シン,0,0,0,副詞,一般,*,*,*,*,シン,シン,シン
シー,0,0,0,副詞,一般,*,*,*,*,シー,シー,シー
ジン,0,0,0,副詞,一般,*,*,*,*,ジン,ジン,ジン
ジー,0,0,0,副詞,一般,*,*,*,*,ジー,ジー,ジー
スカ,0,0,0,副詞,一般,*,*,*,*,スカ,スカ,スカ
スコ,0,0,0,副詞,一般,*,*,*,*,スコ,スコ,スコ
スパ,0,0,0,副詞,一般,*,*,*,*,スパ,スパ,スパ
スポ,0,0,0,副詞,一般,*,*,*,*,スポ,スポ,スポ
スラ,0,0,0,副詞,一般,*,*,*,*,スラ,スラ,スラ
スル,0,0,0,副詞,一般,*,*,*,*,スル,スル,スル
スン,0,0,0,副詞,一般,*,*,*,*,スン,スン,スン
スー,0,0,0,副詞,一般,*,*,*,*,スー,スー,スー
ズテ,0,0,0,副詞,一般,*,*,*,*,ズテ,ズテ,ズテ
ズラ,0,0,0,副詞,一般,*,*,*,*,ズラ,ズラ,ズラ
ズン,0,0,0,副詞,一般,*,*,*,*,ズン,ズン,ズン
ズー,0,0,0,副詞,一般,*,*,*,*,ズー,ズー,ズー
ゾン,0,0,0,副詞,一般,*,*,*,*,ゾン,ゾン,ゾン
ゾー,0,0,0,副詞,一般,*,*,*,*,ゾー,ゾー,ゾー
ダラ,0,0,0,副詞,一般,*,*,*,*,ダラ,ダラ,ダラ
ダン,0,0,0,副詞,一般,*,*,*,*,ダン,ダン,ダン
ダー,0,0,0,副詞,一般,*,*,*,*,ダー,ダー,ダー
チュ,0,0,0,副詞,一般,*,*,*,*,チュ,チュ,チュ
チラ,0,0,0,副詞,一般,*,*,*,*,チラ,チラ,チラ
ツル,0,0,0,副詞,一般,*,*,*,*,ツル,ツル,ツル
トロ,0,0,0,副詞,一般,*,*,*,*,トロ,トロ,トロ
トン,0,0,0,副詞,一般,*,*,*,*,トン,トン,トン
ドカ,0,0,0,副詞,一般,*,*,*,*,ドカ,ドカ,ドカ
ドサ,0,0,0,副詞,一般,*,*,*,*,ドサ,ドサ,ドサ
ドシ,0,0,0,副詞,一般,*,*,*,*,ドシ,ドシ,ドシ
ドワ,0,0,0,副詞,一般,*,*,*,*,ドワ,ドワ,ドワ
ドン,0,0,0,副詞,一般,*,*,*,*,ドン,ドン,ドン
ドー,0,0,0,副詞,一般,*,*,*,*,ドー,ドー,ドー
ニコ,0,0,0,副詞,一般,*,*,*,*,ニコ,ニコ,ニコ
ハハ,0,0,0,副詞,一般,*,*,*,*,ハハ,ハハ,ハハ
ハン,0,0,0,副詞,一般,*,*,*,*,ハン,ハン,ハン
ハー,0,0,0,副詞,一般,*,*,*,*,ハー,ハー,ハー
バキ,0,0,0,副詞,一般,*,*,*,*,バキ,バキ,バキ
バサ,0,0,0,副詞,一般,*,*,*,*,バサ,バサ,バサ
バシ,0,0,0,副詞,一般,*,*,*,*,バシ,バシ,バシ
バチ,0,0,0,副詞,一般,*,*,*,*,バチ,バチ,バチ
ババ,0,0,0,副詞,一般,*,*,*,*,ババ,ババ,ババ
バン,0,0,0,副詞,一般,*,*,*,*,バン,バン,バン
バー,0,0,0,副詞,一般,*,*,*,*,バー,バー,バー
パカ,0,0,0,副詞,一般,*,*,*,*,パカ,パカ,パカ
パク,0,0,0,副詞,一般,*,*,*,*,パク,パク,パク
パタ,0,0,0,副詞,一般,*,*,*,*,パタ,パタ,パタ
パパ,0,0,0,副詞,一般,*,*,*,*,パパ,パパ,パパ
パリ,0,0,0,副詞,一般,*,*,*,*,パリ,パリ,パリ
パン,0,0,0,副詞,一般,*,*,*,*,パン,パン,パン
パー,0,0,0,副詞,一般,*,*,*,*,パー,パー,パー
ヒエ,0,0,0,副詞,一般,*,*,*,*,ヒエ,ヒエ,ヒエ
ヒヒ,0,0,0,副詞,一般,*,*,*,*,ヒヒ,ヒヒ,ヒヒ
ヒャ,0,0,0,副詞,一般,*,*,*,*,ヒャ,ヒャ,ヒャ
ヒヤ,0,0,0,副詞,一般,*,*,*,*,ヒヤ,ヒヤ,ヒヤ
ヒュ,0,0,0,副詞,一般,*,*,*,*,ヒュ,ヒュ,ヒュ
ヒン,0,0,0,副詞,一般,*,*,*,*,ヒン,ヒン,ヒン
ヒー,0,0,0,副詞,一般,*,*,*,*,ヒー,ヒー,ヒー
ビシ,0,0,0,副詞,一般,*,*,*,*,ビシ,ビシ,ビシ
ビタ,0,0,0,副詞,一般,*,*,*,*,ビタ,ビタ,ビタ
ビビ,0,0,0,副詞,一般,*,*,*,*,ビビ,ビビ,ビビ
ビャ,0,0,0,副詞,一般,*,*,*,*,ビャ,ビャ,ビャ
ビュ,0,0,0,副詞,一般,*,*,*,*,ビュ,ビュ,ビュ
ビン,0,0,0,副詞,一般,*,*,*,*,ビン,ビン,ビン
ビー,0,0,0,副詞,一般,*,*,*,*,ビー,ビー,ビー
ピキ,0,0,0,副詞,一般,*,*,*,*,ピキ,ピキ,ピキ
ピシ,0,0,0,副詞,一般,*,*,*,*,ピシ,ピシ,ピシ
ピタ,0,0,0,副詞,一般,*,*,*,*,ピタ,ピタ,ピタ
ピチ,0,0,0,副詞,一般,*,*,*,*,ピチ,ピチ,ピチ
ピピ,0,0,0,副詞,一般,*,*,*,*,ピピ,ピピ,ピピ
ピャ,0,0,0,副詞,一般,*,*,*,*,ピャ,ピャ,ピャ
ピヤ,0,0,0,副詞,一般,*,*,*,*,ピヤ,ピヤ,ピヤ
ピュ,0,0,0,副詞,一般,*,*,*,*,ピュ,ピュ,ピュ
ピョ,0,0,0,副詞,一般,*,*,*,*,ピョ,ピョ,ピョ
ピン,0,0,0,副詞,一般,*,*,*,*,ピン,ピン,ピン
ピー,0,0,0,副詞,一般,*,*,*,*,ピー,ピー,ピー
フフ,0,0,0,副詞,一般,*,*,*,*,フフ,フフ,フフ
フワ,0,0,0,副詞,一般,*,*,*,*,フワ,フワ,フワ
フン,0,0,0,副詞,一般,*,*,*,*,フン,フン,フン
フー,0,0,0,副詞,一般,*,*,*,*,フー,フー,フー
ブチ,0,0,0,副詞,一般,*,*,*,*,ブチ,ブチ,ブチ
ブブ,0,0,0,副詞,一般,*,*,*,*,ブブ,ブブ,ブブ
ブワ,0,0,0,副詞,一般,*,*,*,*,ブワ,ブワ,ブワ
ブン,0,0,0,副詞,一般,*,*,*,*,ブン,ブン,ブン
ブー,0,0,0,副詞,一般,*,*,*,*,ブー,ブー,ブー
プチ,0,0,0,副詞,一般,*,*,*,*,プチ,プチ,プチ
ププ,0,0,0,副詞,一般,*,*,*,*,ププ,ププ,ププ
プラ,0,0,0,副詞,一般,*,*,*,*,プラ,プラ,プラ
プン,0,0,0,副詞,一般,*,*,*,*,プン,プン,プン
プー,0,0,0,副詞,一般,*,*,*,*,プー,プー,プー
ヘコ,0,0,0,副詞,一般,*,*,*,*,ヘコ,ヘコ,ヘコ
ヘヘ,0,0,0,副詞,一般,*,*,*,*,ヘヘ,ヘヘ,ヘヘ
ヘー,0,0,0,副詞,一般,*,*,*,*,ヘー,ヘー,ヘー
ベタ,0,0,0,副詞,一般,*,*,*,*,ベタ,ベタ,ベタ
ベベ,0,0,0,副詞,一般,*,*,*,*,ベベ,ベベ,ベベ
ベン,0,0,0,副詞,一般,*,*,*,*,ベン,ベン,ベン
ベー,0,0,0,副詞,一般,*,*,*,*,ベー,ベー,ベー
ペタ,0,0,0,副詞,一般,*,*,*,*,ペタ,ペタ,ペタ
ペペ,0,0,0,副詞,一般,*,*,*,*,ペペ,ペペ,ペペ
ペラ,0,0,0,副詞,一般,*,*,*,*,ペラ,ペラ,ペラ
ペン,0,0,0,副詞,一般,*,*,*,*,ペン,ペン,ペン
ペー,0,0,0,副詞,一般,*,*,*,*,ペー,ペー,ペー
ホイ,0,0,0,副詞,一般,*,*,*,*,ホイ,ホイ,ホイ
ホホ,0,0,0,副詞,一般,*,*,*,*,ホホ,ホホ,ホホ
ホン,0,0,0,副詞,一般,*,*,*,*,ホン,ホン,ホン
ホー,0,0,0,副詞,一般,*,*,*,*,ホー,ホー,ホー
ボイ,0,0,0,副詞,一般,*,*,*,*,ボイ,ボイ,ボイ
ボキ,0,0,0,副詞,一般,*,*,*,*,ボキ,ボキ,ボキ
ボボ,0,0,0,副詞,一般,*,*,*,*,ボボ,ボボ,ボボ
ボン,0,0,0,副詞,一般,*,*,*,*,ボン,ボン,ボン
ボー,0,0,0,副詞,一般,*,*,*,*,ボー,ボー,ボー
ポコ,0,0,0,副詞,一般,*,*,*,*,ポコ,ポコ,ポコ
ポツ,0,0,0,副詞,一般,*,*,*,*,ポツ,ポツ,ポツ
ポポ,0,0,0,副詞,一般,*,*,*,*,ポポ,ポポ,ポポ
ポヨ,0,0,0,副詞,一般,*,*,*,*,ポヨ,ポヨ,ポヨ
ポロ,0,0,0,副詞,一般,*,*,*,*,ポロ,ポロ,ポロ
ポン,0,0,0,副詞,一般,*,*,*,*,ポン,ポン,ポン
ポー,0,0,0,副詞,一般,*,*,*,*,ポー,ポー,ポー
ムン,0,0,0,副詞,一般,*,*,*,*,ムン,ムン,ムン
ムー,0,0,0,副詞,一般,*,*,*,*,ムー,ムー,ムー
ワン,0,0,0,副詞,一般,*,*,*,*,ワン,ワン,ワン
ワー,0,0,0,副詞,一般,*,*,*,*,ワー,ワー,ワー
アン,0,0,0,副詞,一般,*,*,*,*,アン,アン,アンッと
ウン,0,0,0,副詞,一般,*,*,*,*,ウン,ウン,ウンッと
エン,0,0,0,副詞,一般,*,*,*,*,エン,エン,エンッと
オン,0,0,0,副詞,一般,*,*,*,*,オン,オン,オンッと
カン,0,0,0,副詞,一般,*,*,*,*,カン,カン,カンッと
ガン,0,0,0,副詞,一般,*,*,*,*,ガン,ガン,ガンッと
キン,0,0,0,副詞,一般,*,*,*,*,キン,キン,キンッと
クン,0,0,0,副詞,一般,*,*,*,*,クン,クン,クンッと
グン,0,0,0,副詞,一般,*,*,*,*,グン,グン,グンッと
サン,0,0,0,副詞,一般,*,*,*,*,サン,サン,サンッと
ザン,0,0,0,副詞,一般,*,*,*,*,ザン,ザン,ザンッと
シン,0,0,0,副詞,一般,*,*,*,*,シン,シン,シンッと
ジン,0,0,0,副詞,一般,*,*,*,*,ジン,ジン,ジンッと
スン,0,0,0,副詞,一般,*,*,*,*,スン,スン,スンッと
ズン,0,0,0,副詞,一般,*,*,*,*,ズン,ズン,ズンッと
ゾン,0,0,0,副詞,一般,*,*,*,*,ゾン,ゾン,ゾンッと
ダン,0,0,0,副詞,一般,*,*,*,*,ダン,ダン,ダンッと
ドン,0,0,0,副詞,一般,*,*,*,*,ドン,ドン,ドンッと
ハン,0,0,0,副詞,一般,*,*,*,*,ハン,ハン,ハンッと
バン,0,0,0,副詞,一般,*,*,*,*,バン,バン,バンッと
パン,0,0,0,副詞,一般,*,*,*,*,パン,パン,パンッと
ヒン,0,0,0,副詞,一般,*,*,*,*,ヒン,ヒン,ヒンッと
ビン,0,0,0,副詞,一般,*,*,*,*,ビン,ビン,ビンッと
ピン,0,0,0,副詞,一般,*,*,*,*,ピン,ピン,ピンッと
フン,0,0,0,副詞,一般,*,*,*,*,フン,フン,フンッと
ブン,0,0,0,副詞,一般,*,*,*,*,ブン,ブン,ブンッと
プン,0,0,0,副詞,一般,*,*,*,*,プン,プン,プンッと
ベン,0,0,0,副詞,一般,*,*,*,*,ベン,ベン,ベンッと
ペン,0,0,0,副詞,一般,*,*,*,*,ペン,ペン,ペンッと
ホン,0,0,0,副詞,一般,*,*,*,*,ホン,ホン,ホンッと
ボン,0,0,0,副詞,一般,*,*,*,*,ボン,ボン,ボンッと
ポン,0,0,0,副詞,一般,*,*,*,*,ポン,ポン,ポンッと
ムン,0,0,0,副詞,一般,*,*,*,*,ムン,ムン,ムンッと
ワン,0,0,0,副詞,一般,*,*,*,*,ワン,ワン,ワンッと
エー,0,0,0,副詞,一般,*,*,*,*,エー,エー,エー
グン,0,0,0,副詞,一般,*,*,*,*,グン,グン,グン
ジー,0,0,0,副詞,一般,*,*,*,*,ジー,ジー,ジー
ヒン,0,0,0,副詞,一般,*,*,*,*,ヒン,ヒン,ヒン
ヒー,0,0,0,副詞,一般,*,*,*,*,ヒー,ヒー,ヒー
ベン,0,0,0,副詞,一般,*,*,*,*,ベン,ベン,ベン
ベー,0,0,0,副詞,一般,*,*,*,*,ベー,ベー,ベー
ホー,0,0,0,副詞,一般,*,*,*,*,ホー,ホー,ホー
ポー,0,0,0,副詞,一般,*,*,*,*,ポー,ポー,ポー
キー,0,0,0,副詞,一般,*,*,*,*,キー,キー,キー
フン,0,0,0,副詞,一般,*,*,*,*,フン,フン,フン
ペー,0,0,0,副詞,一般,*,*,*,*,ペー,ペー,ペー
フー,0,0,0,副詞,一般,*,*,*,*,フー,フー,フー
ムー,0,0,0,副詞,一般,*,*,*,*,ムー,ムー,ムー
クル,0,0,0,副詞,一般,*,*,*,*,クル,クル,クル
スー,0,0,0,副詞,一般,*,*,*,*,スー,スー,スー
ペン,0,0,0,副詞,一般,*,*,*,*,ペン,ペン,ペン
ハハ,0,0,0,副詞,一般,*,*,*,*,ハハ,ハハ,ハハ
パン,0,0,0,副詞,一般,*,*,*,*,パン,パン,パン
ヒン,0,0,0,副詞,一般,*,*,*,*,ヒン,ヒン,ヒン
ズー,0,0,0,副詞,一般,*,*,*,*,ズー,ズー,ズー
ウー,0,0,0,副詞,一般,*,*,*,*,ウー,ウー,ウー
ポン,0,0,0,副詞,一般,*,*,*,*,ポン,ポン,ポン
カラ,0,0,0,副詞,一般,*,*,*,*,カラ,カラ,カラ
クル,0,0,0,副詞,一般,*,*,*,*,クル,クル,クル
ジン,0,0,0,副詞,一般,*,*,*,*,ジン,ジン,ジン
サン,0,0,0,副詞,一般,*,*,*,*,サン,サン,サン
ホン,0,0,0,副詞,一般,*,*,*,*,ホン,ホン,ホン
ザン,0,0,0,副詞,一般,*,*,*,*,ザン,ザン,ザン
ヘー,0,0,0,副詞,一般,*,*,*,*,ヘー,ヘー,ヘー
オン,0,0,0,副詞,一般,*,*,*,*,オン,オン,オン
パン,0,0,0,副詞,一般,*,*,*,*,パン,パン,パン
ワン,0,0,0,副詞,一般,*,*,*,*,ワン,ワン,ワン
シー,0,0,0,副詞,一般,*,*,*,*,シー,シー,シー
オー,0,0,0,副詞,一般,*,*,*,*,オー,オー,オー
パー,0,0,0,副詞,一般,*,*,*,*,パー,パー,パー
ダー,0,0,0,副詞,一般,*,*,*,*,ダー,ダー,ダー
キン,0,0,0,副詞,一般,*,*,*,*,キン,キン,キン
ハー,0,0,0,副詞,一般,*,*,*,*,ハー,ハー,ハー
ピー,0,0,0,副詞,一般,*,*,*,*,ピー,ピー,ピー
エー,0,0,0,副詞,一般,*,*,*,*,エー,エー,エー
パー,0,0,0,副詞,一般,*,*,*,*,パー,パー,パー
ボー,0,0,0,副詞,一般,*,*,*,*,ボー,ボー,ボー
プン,0,0,0,副詞,一般,*,*,*,*,プン,プン,プン
ワー,0,0,0,副詞,一般,*,*,*,*,ワー,ワー,ワー
ドン,0,0,0,副詞,一般,*,*,*,*,ドン,ドン,ドン
ガン,0,0,0,副詞,一般,*,*,*,*,ガン,ガン,ガン
シン,0,0,0,副詞,一般,*,*,*,*,シン,シン,シン
ビー,0,0,0,副詞,一般,*,*,*,*,ビー,ビー,ビー
ハン,0,0,0,副詞,一般,*,*,*,*,ハン,ハン,ハン
アー,0,0,0,副詞,一般,*,*,*,*,アー,アー,アー
アン,0,0,0,副詞,一般,*,*,*,*,アン,アン,アン
サー,0,0,0,副詞,一般,*,*,*,*,サー,サー,サー
ダン,0,0,0,副詞,一般,*,*,*,*,ダン,ダン,ダン
パパ,0,0,0,副詞,一般,*,*,*,*,パパ,パパ,パパ
バン,0,0,0,副詞,一般,*,*,*,*,バン,バン,バン
カン,0,0,0,副詞,一般,*,*,*,*,カン,カン,カン
パン,0,0,0,副詞,一般,*,*,*,*,パン,パン,パン
ずー,0,0,0,副詞,一般,*,*,*,*,ずー,ズー,ズー
バー,0,0,0,副詞,一般,*,*,*,*,バー,バー,バー
パー,0,0,0,副詞,一般,*,*,*,*,パー,パー,パー
ぺた,0,0,0,副詞,一般,*,*,*,*,ぺた,ペタ,ペタ
ぱー,0,0,0,副詞,一般,*,*,*,*,ぱー,パー,パー
おっ,0,0,0,副詞,一般,*,*,*,*,おっ,オッ,オッ
ばー,0,0,0,副詞,一般,*,*,*,*,ばー,バー,バー
ぱっ,0,0,0,副詞,一般,*,*,*,*,ぱっ,パッ,パッ
ぐる,0,0,0,副詞,一般,*,*,*,*,ぐる,グル,グル
がっ,0,0,0,副詞,一般,*,*,*,*,がっ,ガッ,ガッ
ぶっ,0,0,0,副詞,一般,*,*,*,*,ぶっ,ブッ,ブッ
はっ,0,0,0,副詞,一般,*,*,*,*,はっ,ハッ,ハッ
えん,0,0,0,副詞,一般,*,*,*,*,えん,エン,エン
ささ,0,0,0,副詞,一般,*,*,*,*,ささ,ササ,ササ
ぐわ,0,0,0,副詞,一般,*,*,*,*,ぐわ,グワ,グワ
びん,0,0,0,副詞,一般,*,*,*,*,びん,ビン,ビン
しっ,0,0,0,副詞,一般,*,*,*,*,しっ,シッ,シッ
がー,0,0,0,副詞,一般,*,*,*,*,がー,ガー,ガー
ばー,0,0,0,副詞,一般,*,*,*,*,ばー,バー,バー
ぼー,0,0,0,副詞,一般,*,*,*,*,ぼー,ボー,ボー
わー,0,0,0,副詞,一般,*,*,*,*,わー,ワー,ワー
あん,0,0,0,副詞,一般,*,*,*,*,あん,アン,アン
あー,0,0,0,副詞,一般,*,*,*,*,あー,アー,アー
いら,0,0,0,副詞,一般,*,*,*,*,いら,イラ,イラ
うわ,0,0,0,副詞,一般,*,*,*,*,うわ,ウワ,ウワ
うん,0,0,0,副詞,一般,*,*,*,*,うん,ウン,ウン
うー,0,0,0,副詞,一般,*,*,*,*,うー,ウー,ウー
えん,0,0,0,副詞,一般,*,*,*,*,えん,エン,エン
おん,0,0,0,副詞,一般,*,*,*,*,おん,オン,オン
おー,0,0,0,副詞,一般,*,*,*,*,おー,オー,オー
かち,0,0,0,副詞,一般,*,*,*,*,かち,カチ,カチ
から,0,0,0,副詞,一般,*,*,*,*,から,カラ,カラ
かん,0,0,0,副詞,一般,*,*,*,*,かん,カン,カン
かー,0,0,0,副詞,一般,*,*,*,*,かー,カー,カー
がく,0,0,0,副詞,一般,*,*,*,*,がく,ガク,ガク
がつ,0,0,0,副詞,一般,*,*,*,*,がつ,ガツ,ガツ
がら,0,0,0,副詞,一般,*,*,*,*,がら,ガラ,ガラ
がん,0,0,0,副詞,一般,*,*,*,*,がん,ガン,ガン
がー,0,0,0,副詞,一般,*,*,*,*,がー,ガー,ガー
きゃ,0,0,0,副詞,一般,*,*,*,*,きゃ,キャ,キャ
きゅ,0,0,0,副詞,一般,*,*,*,*,きゅ,キュ,キュ
きら,0,0,0,副詞,一般,*,*,*,*,きら,キラ,キラ
きん,0,0,0,副詞,一般,*,*,*,*,きん,キン,キン
きー,0,0,0,副詞,一般,*,*,*,*,きー,キー,キー
ぎゃ,0,0,0,副詞,一般,*,*,*,*,ぎゃ,ギャ,ギャ
ぎゅ,0,0,0,副詞,一般,*,*,*,*,ぎゅ,ギュ,ギュ
くる,0,0,0,副詞,一般,*,*,*,*,くる,クル,クル
くん,0,0,0,副詞,一般,*,*,*,*,くん,クン,クン
くー,0,0,0,副詞,一般,*,*,*,*,くー,クー,クー
ぐっ,0,0,0,副詞,一般,*,*,*,*,ぐっ,グッ,グッ
ぐる,0,0,0,副詞,一般,*,*,*,*,ぐる,グル,グル
ぐわ,0,0,0,副詞,一般,*,*,*,*,ぐわ,グワ,グワ
ぐん,0,0,0,副詞,一般,*,*,*,*,ぐん,グン,グン
ぐー,0,0,0,副詞,一般,*,*,*,*,ぐー,グー,グー
けろ,0,0,0,副詞,一般,*,*,*,*,けろ,ケロ,ケロ
こそ,0,0,0,副詞,一般,*,*,*,*,こそ,コソ,コソ
ころ,0,0,0,副詞,一般,*,*,*,*,ころ,コロ,コロ
ごろ,0,0,0,副詞,一般,*,*,*,*,ごろ,ゴロ,ゴロ
ささ,0,0,0,副詞,一般,*,*,*,*,ささ,ササ,ササ
さら,0,0,0,副詞,一般,*,*,*,*,さら,サラ,サラ
さん,0,0,0,副詞,一般,*,*,*,*,さん,サン,サン
さー,0,0,0,副詞,一般,*,*,*,*,さー,サー,サー
ざっ,0,0,0,副詞,一般,*,*,*,*,ざっ,ザッ,ザッ
ざば,0,0,0,副詞,一般,*,*,*,*,ざば,ザバ,ザバ
ざん,0,0,0,副詞,一般,*,*,*,*,ざん,ザン,ザン
ざー,0,0,0,副詞,一般,*,*,*,*,ざー,ザー,ザー
しゃ,0,0,0,副詞,一般,*,*,*,*,しゃ,シャ,シャ
しゅ,0,0,0,副詞,一般,*,*,*,*,しゅ,シュ,シュ
しん,0,0,0,副詞,一般,*,*,*,*,しん,シン,シン
しー,0,0,0,副詞,一般,*,*,*,*,しー,シー,シー
じん,0,0,0,副詞,一般,*,*,*,*,じん,ジン,ジン
じー,0,0,0,副詞,一般,*,*,*,*,じー,ジー,ジー
すこ,0,0,0,副詞,一般,*,*,*,*,すこ,スコ,スコ
すぱ,0,0,0,副詞,一般,*,*,*,*,すぱ,スパ,スパ
すら,0,0,0,副詞,一般,*,*,*,*,すら,スラ,スラ
すん,0,0,0,副詞,一般,*,*,*,*,すん,スン,スン
すー,0,0,0,副詞,一般,*,*,*,*,すー,スー,スー
ずて,0,0,0,副詞,一般,*,*,*,*,ずて,ズテ,ズテ
ずら,0,0,0,副詞,一般,*,*,*,*,ずら,ズラ,ズラ
ずん,0,0,0,副詞,一般,*,*,*,*,ずん,ズン,ズン
ずー,0,0,0,副詞,一般,*,*,*,*,ずー,ズー,ズー
そー,0,0,0,副詞,一般,*,*,*,*,そー,ソー,ソー
ぞっ,0,0,0,副詞,一般,*,*,*,*,ぞっ,ゾッ,ゾッ
ぞん,0,0,0,副詞,一般,*,*,*,*,ぞん,ゾン,ゾン
ぞー,0,0,0,副詞,一般,*,*,*,*,ぞー,ゾー,ゾー
だら,0,0,0,副詞,一般,*,*,*,*,だら,ダラ,ダラ
だん,0,0,0,副詞,一般,*,*,*,*,だん,ダン,ダン
だー,0,0,0,副詞,一般,*,*,*,*,だー,ダー,ダー
ちゅ,0,0,0,副詞,一般,*,*,*,*,ちゅ,チュ,チュ
ちら,0,0,0,副詞,一般,*,*,*,*,ちら,チラ,チラ
つる,0,0,0,副詞,一般,*,*,*,*,つる,ツル,ツル
つー,0,0,0,副詞,一般,*,*,*,*,つー,ツー,ツー
とろ,0,0,0,副詞,一般,*,*,*,*,とろ,トロ,トロ
とん,0,0,0,副詞,一般,*,*,*,*,とん,トン,トン
どか,0,0,0,副詞,一般,*,*,*,*,どか,ドカ,ドカ
どさ,0,0,0,副詞,一般,*,*,*,*,どさ,ドサ,ドサ
どし,0,0,0,副詞,一般,*,*,*,*,どし,ドシ,ドシ
どわ,0,0,0,副詞,一般,*,*,*,*,どわ,ドワ,ドワ
どん,0,0,0,副詞,一般,*,*,*,*,どん,ドン,ドン
どー,0,0,0,副詞,一般,*,*,*,*,どー,ドー,ドー
なし,0,0,0,副詞,一般,*,*,*,*,なし,ナシ,ナシ
なよ,0,0,0,副詞,一般,*,*,*,*,なよ,ナヨ,ナヨ
にこ,0,0,0,副詞,一般,*,*,*,*,にこ,ニコ,ニコ
はは,0,0,0,副詞,一般,*,*,*,*,はは,ハハ,ハハ
はん,0,0,0,副詞,一般,*,*,*,*,はん,ハン,ハン
はー,0,0,0,副詞,一般,*,*,*,*,はー,ハー,ハー
ばき,0,0,0,副詞,一般,*,*,*,*,ばき,バキ,バキ
ばし,0,0,0,副詞,一般,*,*,*,*,ばし,バシ,バシ
ばば,0,0,0,副詞,一般,*,*,*,*,ばば,ババ,ババ
ばん,0,0,0,副詞,一般,*,*,*,*,ばん,バン,バン
ぱか,0,0,0,副詞,一般,*,*,*,*,ぱか,パカ,パカ
ぱぱ,0,0,0,副詞,一般,*,*,*,*,ぱぱ,パパ,パパ
ぱり,0,0,0,副詞,一般,*,*,*,*,ぱり,パリ,パリ
ぱん,0,0,0,副詞,一般,*,*,*,*,ぱん,パン,パン
ぱー,0,0,0,副詞,一般,*,*,*,*,ぱー,パー,パー
ひえ,0,0,0,副詞,一般,*,*,*,*,ひえ,ヒエ,ヒエ
ひた,0,0,0,副詞,一般,*,*,*,*,ひた,ヒタ,ヒタ
ひひ,0,0,0,副詞,一般,*,*,*,*,ひひ,ヒヒ,ヒヒ
ひゃ,0,0,0,副詞,一般,*,*,*,*,ひゃ,ヒャ,ヒャ
ひや,0,0,0,副詞,一般,*,*,*,*,ひや,ヒヤ,ヒヤ
ひゅ,0,0,0,副詞,一般,*,*,*,*,ひゅ,ヒュ,ヒュ
ひん,0,0,0,副詞,一般,*,*,*,*,ひん,ヒン,ヒン
ひー,0,0,0,副詞,一般,*,*,*,*,ひー,ヒー,ヒー
びし,0,0,0,副詞,一般,*,*,*,*,びし,ビシ,ビシ
びっ,0,0,0,副詞,一般,*,*,*,*,びっ,ビッ,ビッ
びび,0,0,0,副詞,一般,*,*,*,*,びび,ビビ,ビビ
びゃ,0,0,0,副詞,一般,*,*,*,*,びゃ,ビャ,ビャ
びゅ,0,0,0,副詞,一般,*,*,*,*,びゅ,ビュ,ビュ
びん,0,0,0,副詞,一般,*,*,*,*,びん,ビン,ビン
びー,0,0,0,副詞,一般,*,*,*,*,びー,ビー,ビー
ぴし,0,0,0,副詞,一般,*,*,*,*,ぴし,ピシ,ピシ
ぴた,0,0,0,副詞,一般,*,*,*,*,ぴた,ピタ,ピタ
ぴっ,0,0,0,副詞,一般,*,*,*,*,ぴっ,ピッ,ピッ
ぴぴ,0,0,0,副詞,一般,*,*,*,*,ぴぴ,ピピ,ピピ
ぴゃ,0,0,0,副詞,一般,*,*,*,*,ぴゃ,ピャ,ピャ
ぴや,0,0,0,副詞,一般,*,*,*,*,ぴや,ピヤ,ピヤ
ぴゅ,0,0,0,副詞,一般,*,*,*,*,ぴゅ,ピュ,ピュ
ぴん,0,0,0,副詞,一般,*,*,*,*,ぴん,ピン,ピン
ぴー,0,0,0,副詞,一般,*,*,*,*,ぴー,ピー,ピー
ふふ,0,0,0,副詞,一般,*,*,*,*,ふふ,フフ,フフ
ふわ,0,0,0,副詞,一般,*,*,*,*,ふわ,フワ,フワ
ふん,0,0,0,副詞,一般,*,*,*,*,ふん,フン,フン
ふー,0,0,0,副詞,一般,*,*,*,*,ふー,フー,フー
ぶす,0,0,0,副詞,一般,*,*,*,*,ぶす,ブス,ブス
ぶち,0,0,0,副詞,一般,*,*,*,*,ぶち,ブチ,ブチ
ぶぶ,0,0,0,副詞,一般,*,*,*,*,ぶぶ,ブブ,ブブ
ぶわ,0,0,0,副詞,一般,*,*,*,*,ぶわ,ブワ,ブワ
ぶん,0,0,0,副詞,一般,*,*,*,*,ぶん,ブン,ブン
ぶー,0,0,0,副詞,一般,*,*,*,*,ぶー,ブー,ブー
ぷち,0,0,0,副詞,一般,*,*,*,*,ぷち,プチ,プチ
ぷっ,0,0,0,副詞,一般,*,*,*,*,ぷっ,プッ,プッ
ぷぷ,0,0,0,副詞,一般,*,*,*,*,ぷぷ,ププ,ププ
ぷら,0,0,0,副詞,一般,*,*,*,*,ぷら,プラ,プラ
ぷん,0,0,0,副詞,一般,*,*,*,*,ぷん,プン,プン
ぷー,0,0,0,副詞,一般,*,*,*,*,ぷー,プー,プー
へこ,0,0,0,副詞,一般,*,*,*,*,へこ,ヘコ,ヘコ
へっ,0,0,0,副詞,一般,*,*,*,*,へっ,ヘッ,ヘッ
へへ,0,0,0,副詞,一般,*,*,*,*,へへ,ヘヘ,ヘヘ
へー,0,0,0,副詞,一般,*,*,*,*,へー,ヘー,ヘー
べた,0,0,0,副詞,一般,*,*,*,*,べた,ベタ,ベタ
べっ,0,0,0,副詞,一般,*,*,*,*,べっ,ベッ,ベッ
べべ,0,0,0,副詞,一般,*,*,*,*,べべ,ベベ,ベベ
べん,0,0,0,副詞,一般,*,*,*,*,べん,ベン,ベン
べー,0,0,0,副詞,一般,*,*,*,*,べー,ベー,ベー
ぺた,0,0,0,副詞,一般,*,*,*,*,ぺた,ペタ,ペタ
ぺっ,0,0,0,副詞,一般,*,*,*,*,ぺっ,ペッ,ペッ
ぺぺ,0,0,0,副詞,一般,*,*,*,*,ぺぺ,ペペ,ペペ
ぺん,0,0,0,副詞,一般,*,*,*,*,ぺん,ペン,ペン
ぺー,0,0,0,副詞,一般,*,*,*,*,ぺー,ペー,ペー
ほい,0,0,0,副詞,一般,*,*,*,*,ほい,ホイ,ホイ
ほほ,0,0,0,副詞,一般,*,*,*,*,ほほ,ホホ,ホホ
ほん,0,0,0,副詞,一般,*,*,*,*,ほん,ホン,ホン
ほー,0,0,0,副詞,一般,*,*,*,*,ほー,ホー,ホー
ぼき,0,0,0,副詞,一般,*,*,*,*,ぼき,ボキ,ボキ
ぼっ,0,0,0,副詞,一般,*,*,*,*,ぼっ,ボッ,ボッ
ぼぼ,0,0,0,副詞,一般,*,*,*,*,ぼぼ,ボボ,ボボ
ぼん,0,0,0,副詞,一般,*,*,*,*,ぼん,ボン,ボン
ぼー,0,0,0,副詞,一般,*,*,*,*,ぼー,ボー,ボー
ぽこ,0,0,0,副詞,一般,*,*,*,*,ぽこ,ポコ,ポコ
ぽっ,0,0,0,副詞,一般,*,*,*,*,ぽっ,ポッ,ポッ
ぽつ,0,0,0,副詞,一般,*,*,*,*,ぽつ,ポツ,ポツ
ぽぽ,0,0,0,副詞,一般,*,*,*,*,ぽぽ,ポポ,ポポ
ぽよ,0,0,0,副詞,一般,*,*,*,*,ぽよ,ポヨ,ポヨ
ぽろ,0,0,0,副詞,一般,*,*,*,*,ぽろ,ポロ,ポロ
ぽん,0,0,0,副詞,一般,*,*,*,*,ぽん,ポン,ポン
ぽー,0,0,0,副詞,一般,*,*,*,*,ぽー,ポー,ポー
むん,0,0,0,副詞,一般,*,*,*,*,むん,ムン,ムン
むー,0,0,0,副詞,一般,*,*,*,*,むー,ムー,ムー
わん,0,0,0,副詞,一般,*,*,*,*,わん,ワン,ワン
わー,0,0,0,副詞,一般,*,*,*,*,わー,ワー,ワー
かん,0,0,0,副詞,一般,*,*,*,*,かん,カン,カン
きー,0,0,0,副詞,一般,*,*,*,*,きー,キー,キー
くっ,0,0,0,副詞,一般,*,*,*,*,くっ,クッ,クッ
すー,0,0,0,副詞,一般,*,*,*,*,すー,スー,スー
ほっ,0,0,0,副詞,一般,*,*,*,*,ほっ,ホッ,ホッ
じっ,0,0,0,副詞,一般,*,*,*,*,じっ,ジッ,ジッ
だん,0,0,0,副詞,一般,*,*,*,*,だん,ダン,ダン
ひっ,0,0,0,副詞,一般,*,*,*,*,ひっ,ヒッ,ヒッ
ひん,0,0,0,副詞,一般,*,*,*,*,ひん,ヒン,ヒン
ぽん,0,0,0,副詞,一般,*,*,*,*,ぽん,ポン,ポン
えー,0,0,0,副詞,一般,*,*,*,*,えー,エー,エー
ふっ,0,0,0,副詞,一般,*,*,*,*,ふっ,フッ,フッ
むっ,0,0,0,副詞,一般,*,*,*,*,むっ,ムッ,ムッ
くる,0,0,0,副詞,一般,*,*,*,*,くる,クル,クル
ぱん,0,0,0,副詞,一般,*,*,*,*,ぱん,パン,パン
ぺん,0,0,0,副詞,一般,*,*,*,*,ぺん,ペン,ペン
ぶん,0,0,0,副詞,一般,*,*,*,*,ぶん,ブン,ブン
ひん,0,0,0,副詞,一般,*,*,*,*,ひん,ヒン,ヒン
ふー,0,0,0,副詞,一般,*,*,*,*,ふー,フー,フー
おー,0,0,0,副詞,一般,*,*,*,*,おー,オー,オー
だー,0,0,0,副詞,一般,*,*,*,*,だー,ダー,ダー
はは,0,0,0,副詞,一般,*,*,*,*,はは,ハハ,ハハ
うん,0,0,0,副詞,一般,*,*,*,*,うん,ウン,ウン
しー,0,0,0,副詞,一般,*,*,*,*,しー,シー,シー
じん,0,0,0,副詞,一般,*,*,*,*,じん,ジン,ジン
わん,0,0,0,副詞,一般,*,*,*,*,わん,ワン,ワン
ぱん,0,0,0,副詞,一般,*,*,*,*,ぱん,パン,パン
わっ,0,0,0,副詞,一般,*,*,*,*,わっ,ワッ,ワッ
ぼー,0,0,0,副詞,一般,*,*,*,*,ぼー,ボー,ボー
さん,0,0,0,副詞,一般,*,*,*,*,さん,サン,サン
うっ,0,0,0,副詞,一般,*,*,*,*,うっ,ウッ,ウッ
ざん,0,0,0,副詞,一般,*,*,*,*,ざん,ザン,ザン
かっ,0,0,0,副詞,一般,*,*,*,*,かっ,カッ,カッ
びー,0,0,0,副詞,一般,*,*,*,*,びー,ビー,ビー
すっ,0,0,0,副詞,一般,*,*,*,*,すっ,スッ,スッ
ずー,0,0,0,副詞,一般,*,*,*,*,ずー,ズー,ズー
ぴー,0,0,0,副詞,一般,*,*,*,*,ぴー,ピー,ピー
うー,0,0,0,副詞,一般,*,*,*,*,うー,ウー,ウー
すん,0,0,0,副詞,一般,*,*,*,*,すん,スン,スン
かん,0,0,0,副詞,一般,*,*,*,*,かん,カン,カン
どっ,0,0,0,副詞,一般,*,*,*,*,どっ,ドッ,ドッ
から,0,0,0,副詞,一般,*,*,*,*,から,カラ,カラ
きん,0,0,0,副詞,一般,*,*,*,*,きん,キン,キン
だん,0,0,0,副詞,一般,*,*,*,*,だん,ダン,ダン
あー,0,0,0,副詞,一般,*,*,*,*,あー,アー,アー
ずー,0,0,0,副詞,一般,*,*,*,*,ず,ズー,ズー
ばっ,0,0,0,副詞,一般,*,*,*,*,ばっ,バッ,バッ
だっ,0,0,0,副詞,一般,*,*,*,*,だっ,ダッ,ダッ
さっ,0,0,0,副詞,一般,*,*,*,*,さっ,サッ,サッ
ずう,0,0,0,副詞,一般,*,*,*,*,ず,ズウ,ズー
あっ,0,0,0,副詞,一般,*,*,*,*,あっ,アッ,アッ
ぱー,0,0,0,副詞,一般,*,*,*,*,ぱー,パー,パー
かー,0,0,0,副詞,一般,*,*,*,*,かー,カー,カー
ぷん,0,0,0,副詞,一般,*,*,*,*,ぷん,プン,プン
ずっ,0,0,0,副詞,一般,*,*,*,*,ずっ,ズッ,ズッ
ばん,0,0,0,副詞,一般,*,*,*,*,ばん,バン,バン
くん,0,0,0,副詞,一般,*,*,*,*,くん,クン,クン
はん,0,0,0,副詞,一般,*,*,*,*,はん,ハン,ハン
さん,0,0,0,副詞,一般,*,*,*,*,さん,サン,サン
さん,0,0,0,副詞,一般,*,*,*,*,さん,サン,サン
えっ,0,0,0,副詞,一般,*,*,*,*,えっ,エッ,エッ
ほん,0,0,0,副詞,一般,*,*,*,*,ほん,ホン,ホン
ばー,0,0,0,副詞,一般,*,*,*,*,ばー,バー,バー
しん,0,0,0,副詞,一般,*,*,*,*,しん,シン,シン
きっ,0,0,0,副詞,一般,*,*,*,*,きっ,キッ,キッ
さん,0,0,0,副詞,一般,*,*,*,*,さん,サン,サン
がん,0,0,0,副詞,一般,*,*,*,*,がん,ガン,ガン
ふん,0,0,0,副詞,一般,*,*,*,*,ふん,フン,フン
さー,0,0,0,副詞,一般,*,*,*,*,さー,サー,サー
おん,0,0,0,副詞,一般,*,*,*,*,おん,オン,オン
かん,0,0,0,副詞,一般,*,*,*,*,かん,カン,カン
ずー,0,0,0,副詞,一般,*,*,*,*,ず,ズー,ズー
あん,0,0,0,副詞,一般,*,*,*,*,あん,アン,アン
ほん,0,0,0,副詞,一般,*,*,*,*,ほん,ホン,ホン
どん,0,0,0,副詞,一般,*,*,*,*,どん,ドン,ドン
はー,0,0,0,副詞,一般,*,*,*,*,はー,ハー,ハー
ぼん,0,0,0,副詞,一般,*,*,*,*,ぼん,ボン,ボン
わー,0,0,0,副詞,一般,*,*,*,*,わー,ワー,ワー
えー,0,0,0,副詞,一般,*,*,*,*,えー,エー,エー
へー,0,0,0,副詞,一般,*,*,*,*,へー,ヘー,ヘー
えー,0,0,0,副詞,一般,*,*,*,*,えー,エー,エー
うん,0,0,0,副詞,一般,*,*,*,*,うん,ウン,ウン
ガッて,0,0,0,副詞,一般,*,*,*,*,ガッて,ガッテ,ガッテ
エっと,0,0,0,副詞,一般,*,*,*,*,エっと,エット,エット
エッと,0,0,0,副詞,一般,*,*,*,*,エッと,エット,エット
ウーン,0,0,0,副詞,一般,*,*,*,*,ウーン,ウーン,ウーン
カッと,0,0,0,副詞,一般,*,*,*,*,カッと,カット,カット
ズっと,0,0,0,副詞,一般,*,*,*,*,ズっと,ズット,ズット
ズッと,0,0,0,副詞,一般,*,*,*,*,ズッと,ズット,ズット
ポツン,0,0,0,副詞,一般,*,*,*,*,ポツン,ポツン,ポツン
キっと,0,0,0,副詞,一般,*,*,*,*,キっと,キット,キット
キッと,0,0,0,副詞,一般,*,*,*,*,キッと,キット,キット
ガって,0,0,0,副詞,一般,*,*,*,*,ガって,ガッテ,ガッテ
バーン,0,0,0,副詞,一般,*,*,*,*,バーン,バーン,バーン
ブワー,0,0,0,副詞,一般,*,*,*,*,ブワー,ブワー,ブワー
ダって,0,0,0,副詞,一般,*,*,*,*,ダって,ダッテ,ダッテ
ダッて,0,0,0,副詞,一般,*,*,*,*,ダッて,ダッテ,ダッテ
ギャー,0,0,0,副詞,一般,*,*,*,*,ギャー,ギャー,ギャー
カっと,0,0,0,副詞,一般,*,*,*,*,カっと,カット,カット
ブワー,0,0,0,副詞,一般,*,*,*,*,ブワー,ブワー,ブワー
ウワー,0,0,0,副詞,一般,*,*,*,*,ウワー,ウワー,ウワー
ドっと,0,0,0,副詞,一般,*,*,*,*,ドっと,ドット,ドット
ドッと,0,0,0,副詞,一般,*,*,*,*,ドッと,ドット,ドット
フーン,0,0,0,副詞,一般,*,*,*,*,フーン,フーン,フーン
アっと,0,0,0,副詞,一般,*,*,*,*,アっと,アット,アット
アッと,0,0,0,副詞,一般,*,*,*,*,アッと,アット,アット
アーン,0,0,0,副詞,一般,*,*,*,*,アーン,アーン,アーン
イラン,0,0,0,副詞,一般,*,*,*,*,イラン,イラン,イラン
イラー,0,0,0,副詞,一般,*,*,*,*,イラー,イラー,イラー
ウワン,0,0,0,副詞,一般,*,*,*,*,ウワン,ウワン,ウワン
ウワー,0,0,0,副詞,一般,*,*,*,*,ウワー,ウワー,ウワー
ウーン,0,0,0,副詞,一般,*,*,*,*,ウーン,ウーン,ウーン
エって,0,0,0,副詞,一般,*,*,*,*,エって,エッテ,エッテ
エッて,0,0,0,副詞,一般,*,*,*,*,エッて,エッテ,エッテ
エーン,0,0,0,副詞,一般,*,*,*,*,エーン,エーン,エーン
オっと,0,0,0,副詞,一般,*,*,*,*,オっと,オット,オット
オッと,0,0,0,副詞,一般,*,*,*,*,オッと,オット,オット
オラー,0,0,0,副詞,一般,*,*,*,*,オラー,オラー,オラー
オーン,0,0,0,副詞,一般,*,*,*,*,オーン,オーン,オーン
カチャ,0,0,0,副詞,一般,*,*,*,*,カチャ,カチャ,カチャ
カチン,0,0,0,副詞,一般,*,*,*,*,カチン,カチン,カチン
カチー,0,0,0,副詞,一般,*,*,*,*,カチー,カチー,カチー
カラン,0,0,0,副詞,一般,*,*,*,*,カラン,カラン,カラン
カラー,0,0,0,副詞,一般,*,*,*,*,カラー,カラー,カラー
カーン,0,0,0,副詞,一般,*,*,*,*,カーン,カーン,カーン
ガクン,0,0,0,副詞,一般,*,*,*,*,ガクン,ガクン,ガクン
ガクー,0,0,0,副詞,一般,*,*,*,*,ガクー,ガクー,ガクー
ガシャ,0,0,0,副詞,一般,*,*,*,*,ガシャ,ガシャ,ガシャ
ガツン,0,0,0,副詞,一般,*,*,*,*,ガツン,ガツン,ガツン
ガツー,0,0,0,副詞,一般,*,*,*,*,ガツー,ガツー,ガツー
ガラン,0,0,0,副詞,一般,*,*,*,*,ガラン,ガラン,ガラン
ガラー,0,0,0,副詞,一般,*,*,*,*,ガラー,ガラー,ガラー
ガーン,0,0,0,副詞,一般,*,*,*,*,ガーン,ガーン,ガーン
キって,0,0,0,副詞,一般,*,*,*,*,キって,キッテ,キッテ
キッて,0,0,0,副詞,一般,*,*,*,*,キッて,キッテ,キッテ
キャン,0,0,0,副詞,一般,*,*,*,*,キャン,キャン,キャン
キャー,0,0,0,副詞,一般,*,*,*,*,キャー,キャー,キャー
キュン,0,0,0,副詞,一般,*,*,*,*,キュン,キュン,キュン
キュー,0,0,0,副詞,一般,*,*,*,*,キュー,キュー,キュー
キラー,0,0,0,副詞,一般,*,*,*,*,キラー,キラー,キラー
キーン,0,0,0,副詞,一般,*,*,*,*,キーン,キーン,キーン
ギトギ,0,0,0,副詞,一般,*,*,*,*,ギトギ,ギトギ,ギトギ
ギャン,0,0,0,副詞,一般,*,*,*,*,ギャン,ギャン,ギャン
ギャー,0,0,0,副詞,一般,*,*,*,*,ギャー,ギャー,ギャー
ギュン,0,0,0,副詞,一般,*,*,*,*,ギュン,ギュン,ギュン
ギュー,0,0,0,副詞,一般,*,*,*,*,ギュー,ギュー,ギュー
クって,0,0,0,副詞,一般,*,*,*,*,クって,クッテ,クッテ
クっと,0,0,0,副詞,一般,*,*,*,*,クっと,クット,クット
クッて,0,0,0,副詞,一般,*,*,*,*,クッて,クッテ,クッテ
クッと,0,0,0,副詞,一般,*,*,*,*,クッと,クット,クット
クルン,0,0,0,副詞,一般,*,*,*,*,クルン,クルン,クルン
クルー,0,0,0,副詞,一般,*,*,*,*,クルー,クルー,クルー
クーン,0,0,0,副詞,一般,*,*,*,*,クーン,クーン,クーン
グって,0,0,0,副詞,一般,*,*,*,*,グって,グッテ,グッテ
グっと,0,0,0,副詞,一般,*,*,*,*,グっと,グット,グット
グァー,0,0,0,副詞,一般,*,*,*,*,グァー,グァー,グァー
グアー,0,0,0,副詞,一般,*,*,*,*,グアー,グアー,グアー
グッて,0,0,0,副詞,一般,*,*,*,*,グッて,グッテ,グッテ
グッと,0,0,0,副詞,一般,*,*,*,*,グッと,グット,グット
グルン,0,0,0,副詞,一般,*,*,*,*,グルン,グルン,グルン
グルー,0,0,0,副詞,一般,*,*,*,*,グルー,グルー,グルー
グワン,0,0,0,副詞,一般,*,*,*,*,グワン,グワン,グワン
グワー,0,0,0,副詞,一般,*,*,*,*,グワー,グワー,グワー
グーン,0,0,0,副詞,一般,*,*,*,*,グーン,グーン,グーン
ケロン,0,0,0,副詞,一般,*,*,*,*,ケロン,ケロン,ケロン
ケロー,0,0,0,副詞,一般,*,*,*,*,ケロー,ケロー,ケロー
コソン,0,0,0,副詞,一般,*,*,*,*,コソン,コソン,コソン
コソー,0,0,0,副詞,一般,*,*,*,*,コソー,コソー,コソー
コロン,0,0,0,副詞,一般,*,*,*,*,コロン,コロン,コロン
コロー,0,0,0,副詞,一般,*,*,*,*,コロー,コロー,コロー
ゴジャ,0,0,0,副詞,一般,*,*,*,*,ゴジャ,ゴジャ,ゴジャ
ゴロン,0,0,0,副詞,一般,*,*,*,*,ゴロン,ゴロン,ゴロン
ゴロー,0,0,0,副詞,一般,*,*,*,*,ゴロー,ゴロー,ゴロー
サって,0,0,0,副詞,一般,*,*,*,*,サって,サッテ,サッテ
サっと,0,0,0,副詞,一般,*,*,*,*,サっと,サット,サット
ササッ,0,0,0,副詞,一般,*,*,*,*,ササッ,ササッ,ササッ
ササン,0,0,0,副詞,一般,*,*,*,*,ササン,ササン,ササン
ササー,0,0,0,副詞,一般,*,*,*,*,ササー,ササー,ササー
サッて,0,0,0,副詞,一般,*,*,*,*,サッて,サッテ,サッテ
サッと,0,0,0,副詞,一般,*,*,*,*,サッと,サット,サット
サッサ,0,0,0,副詞,一般,*,*,*,*,サッサ,サッサ,サッサ
サラー,0,0,0,副詞,一般,*,*,*,*,サラー,サラー,サラー
サーン,0,0,0,副詞,一般,*,*,*,*,サーン,サーン,サーン
ザって,0,0,0,副詞,一般,*,*,*,*,ザって,ザッテ,ザッテ
ザっと,0,0,0,副詞,一般,*,*,*,*,ザっと,ザット,ザット
ザッて,0,0,0,副詞,一般,*,*,*,*,ザッて,ザッテ,ザッテ
ザッと,0,0,0,副詞,一般,*,*,*,*,ザッと,ザット,ザット
ザバン,0,0,0,副詞,一般,*,*,*,*,ザバン,ザバン,ザバン
ザバー,0,0,0,副詞,一般,*,*,*,*,ザバー,ザバー,ザバー
ザーン,0,0,0,副詞,一般,*,*,*,*,ザーン,ザーン,ザーン
シって,0,0,0,副詞,一般,*,*,*,*,シって,シッテ,シッテ
シっと,0,0,0,副詞,一般,*,*,*,*,シっと,シット,シット
シッて,0,0,0,副詞,一般,*,*,*,*,シッて,シッテ,シッテ
シッと,0,0,0,副詞,一般,*,*,*,*,シッと,シット,シット
シャン,0,0,0,副詞,一般,*,*,*,*,シャン,シャン,シャン
シャー,0,0,0,副詞,一般,*,*,*,*,シャー,シャー,シャー
シュン,0,0,0,副詞,一般,*,*,*,*,シュン,シュン,シュン
シュー,0,0,0,副詞,一般,*,*,*,*,シュー,シュー,シュー
シーン,0,0,0,副詞,一般,*,*,*,*,シーン,シーン,シーン
ジっと,0,0,0,副詞,一般,*,*,*,*,ジっと,ジット,ジット
ジッと,0,0,0,副詞,一般,*,*,*,*,ジッと,ジット,ジット
ジャー,0,0,0,副詞,一般,*,*,*,*,ジャー,ジャー,ジャー
ジーン,0,0,0,副詞,一般,*,*,*,*,ジーン,ジーン,ジーン
スっと,0,0,0,副詞,一般,*,*,*,*,スっと,スット,スット
スコン,0,0,0,副詞,一般,*,*,*,*,スコン,スコン,スコン
スコー,0,0,0,副詞,一般,*,*,*,*,スコー,スコー,スコー
スッと,0,0,0,副詞,一般,*,*,*,*,スッと,スット,スット
ストン,0,0,0,副詞,一般,*,*,*,*,ストン,ストン,ストン
スパン,0,0,0,副詞,一般,*,*,*,*,スパン,スパン,スパン
スパー,0,0,0,副詞,一般,*,*,*,*,スパー,スパー,スパー
スラン,0,0,0,副詞,一般,*,*,*,*,スラン,スラン,スラン
スラー,0,0,0,副詞,一般,*,*,*,*,スラー,スラー,スラー
スーン,0,0,0,副詞,一般,*,*,*,*,スーン,スーン,スーン
ズって,0,0,0,副詞,一般,*,*,*,*,ズって,ズッテ,ズッテ
ズッて,0,0,0,副詞,一般,*,*,*,*,ズッて,ズッテ,ズッテ
ズテン,0,0,0,副詞,一般,*,*,*,*,ズテン,ズテン,ズテン
ズテー,0,0,0,副詞,一般,*,*,*,*,ズテー,ズテー,ズテー
ズラン,0,0,0,副詞,一般,*,*,*,*,ズラン,ズラン,ズラン
ズラー,0,0,0,副詞,一般,*,*,*,*,ズラー,ズラー,ズラー
ズーン,0,0,0,副詞,一般,*,*,*,*,ズーン,ズーン,ズーン
ゾって,0,0,0,副詞,一般,*,*,*,*,ゾって,ゾッテ,ゾッテ
ゾっと,0,0,0,副詞,一般,*,*,*,*,ゾっと,ゾット,ゾット
ゾッて,0,0,0,副詞,一般,*,*,*,*,ゾッて,ゾッテ,ゾッテ
ゾッと,0,0,0,副詞,一般,*,*,*,*,ゾッと,ゾット,ゾット
ゾーン,0,0,0,副詞,一般,*,*,*,*,ゾーン,ゾーン,ゾーン
ダっと,0,0,0,副詞,一般,*,*,*,*,ダっと,ダット,ダット
ダッと,0,0,0,副詞,一般,*,*,*,*,ダッと,ダット,ダット
ダラン,0,0,0,副詞,一般,*,*,*,*,ダラン,ダラン,ダラン
ダラー,0,0,0,副詞,一般,*,*,*,*,ダラー,ダラー,ダラー
ダーン,0,0,0,副詞,一般,*,*,*,*,ダーン,ダーン,ダーン
チャー,0,0,0,副詞,一般,*,*,*,*,チャー,チャー,チャー
チュー,0,0,0,副詞,一般,*,*,*,*,チュー,チュー,チュー
チョロ,0,0,0,副詞,一般,*,*,*,*,チョロ,チョロ,チョロ
チョン,0,0,0,副詞,一般,*,*,*,*,チョン,チョン,チョン
チラン,0,0,0,副詞,一般,*,*,*,*,チラン,チラン,チラン
チラー,0,0,0,副詞,一般,*,*,*,*,チラー,チラー,チラー
ツルン,0,0,0,副詞,一般,*,*,*,*,ツルン,ツルン,ツルン
ツルー,0,0,0,副詞,一般,*,*,*,*,ツルー,ツルー,ツルー
トロン,0,0,0,副詞,一般,*,*,*,*,トロン,トロン,トロン
トロー,0,0,0,副詞,一般,*,*,*,*,トロー,トロー,トロー
トンン,0,0,0,副詞,一般,*,*,*,*,トンン,トンン,トンン
トンー,0,0,0,副詞,一般,*,*,*,*,トンー,トンー,トンー
ドカン,0,0,0,副詞,一般,*,*,*,*,ドカン,ドカン,ドカン
ドカー,0,0,0,副詞,一般,*,*,*,*,ドカー,ドカー,ドカー
ドサン,0,0,0,副詞,一般,*,*,*,*,ドサン,ドサン,ドサン
ドサー,0,0,0,副詞,一般,*,*,*,*,ドサー,ドサー,ドサー
ドシン,0,0,0,副詞,一般,*,*,*,*,ドシン,ドシン,ドシン
ドシー,0,0,0,副詞,一般,*,*,*,*,ドシー,ドシー,ドシー
ドボン,0,0,0,副詞,一般,*,*,*,*,ドボン,ドボン,ドボン
ドワン,0,0,0,副詞,一般,*,*,*,*,ドワン,ドワン,ドワン
ドワー,0,0,0,副詞,一般,*,*,*,*,ドワー,ドワー,ドワー
ドーン,0,0,0,副詞,一般,*,*,*,*,ドーン,ドーン,ドーン
ニコン,0,0,0,副詞,一般,*,*,*,*,ニコン,ニコン,ニコン
ニコー,0,0,0,副詞,一般,*,*,*,*,ニコー,ニコー,ニコー
ニュル,0,0,0,副詞,一般,*,*,*,*,ニュル,ニュル,ニュル
ハっと,0,0,0,副詞,一般,*,*,*,*,ハっと,ハット,ハット
ハッと,0,0,0,副詞,一般,*,*,*,*,ハッと,ハット,ハット
ハッハ,0,0,0,副詞,一般,*,*,*,*,ハッハ,ハッハ,ハッハ
ハハッ,0,0,0,副詞,一般,*,*,*,*,ハハッ,ハハッ,ハハッ
ハーン,0,0,0,副詞,一般,*,*,*,*,ハーン,ハーン,ハーン
バっと,0,0,0,副詞,一般,*,*,*,*,バっと,バット,バット
バアン,0,0,0,副詞,一般,*,*,*,*,バアン,バアン,バアン
バキン,0,0,0,副詞,一般,*,*,*,*,バキン,バキン,バキン
バキー,0,0,0,副詞,一般,*,*,*,*,バキー,バキー,バキー
バコン,0,0,0,副詞,一般,*,*,*,*,バコン,バコン,バコン
バシャ,0,0,0,副詞,一般,*,*,*,*,バシャ,バシャ,バシャ
バシン,0,0,0,副詞,一般,*,*,*,*,バシン,バシン,バシン
バシー,0,0,0,副詞,一般,*,*,*,*,バシー,バシー,バシー
バッと,0,0,0,副詞,一般,*,*,*,*,バッと,バット,バット
バッバ,0,0,0,副詞,一般,*,*,*,*,バッバ,バッバ,バッバ
ババッ,0,0,0,副詞,一般,*,*,*,*,ババッ,ババッ,ババッ
バーン,0,0,0,副詞,一般,*,*,*,*,バーン,バーン,バーン
パっと,0,0,0,副詞,一般,*,*,*,*,パっと,パット,パット
パカン,0,0,0,副詞,一般,*,*,*,*,パカン,パカン,パカン
パカー,0,0,0,副詞,一般,*,*,*,*,パカー,パカー,パカー
パチン,0,0,0,副詞,一般,*,*,*,*,パチン,パチン,パチン
パッと,0,0,0,副詞,一般,*,*,*,*,パッと,パット,パット
パッパ,0,0,0,副詞,一般,*,*,*,*,パッパ,パッパ,パッパ
パパッ,0,0,0,副詞,一般,*,*,*,*,パパッ,パパッ,パパッ
パパン,0,0,0,副詞,一般,*,*,*,*,パパン,パパン,パパン
パパー,0,0,0,副詞,一般,*,*,*,*,パパー,パパー,パパー
パリン,0,0,0,副詞,一般,*,*,*,*,パリン,パリン,パリン
パリー,0,0,0,副詞,一般,*,*,*,*,パリー,パリー,パリー
パーン,0,0,0,副詞,一般,*,*,*,*,パーン,パーン,パーン
ヒって,0,0,0,副詞,一般,*,*,*,*,ヒって,ヒッテ,ヒッテ
ヒっと,0,0,0,副詞,一般,*,*,*,*,ヒっと,ヒット,ヒット
ヒエン,0,0,0,副詞,一般,*,*,*,*,ヒエン,ヒエン,ヒエン
ヒエー,0,0,0,副詞,一般,*,*,*,*,ヒエー,ヒエー,ヒエー
ヒッて,0,0,0,副詞,一般,*,*,*,*,ヒッて,ヒッテ,ヒッテ
ヒッと,0,0,0,副詞,一般,*,*,*,*,ヒッと,ヒット,ヒット
ヒック,0,0,0,副詞,一般,*,*,*,*,ヒック,ヒック,ヒック
ヒッヒ,0,0,0,副詞,一般,*,*,*,*,ヒッヒ,ヒッヒ,ヒッヒ
ヒヒッ,0,0,0,副詞,一般,*,*,*,*,ヒヒッ,ヒヒッ,ヒヒッ
ヒャン,0,0,0,副詞,一般,*,*,*,*,ヒャン,ヒャン,ヒャン
ヒャー,0,0,0,副詞,一般,*,*,*,*,ヒャー,ヒャー,ヒャー
ヒヤン,0,0,0,副詞,一般,*,*,*,*,ヒヤン,ヒヤン,ヒヤン
ヒヤー,0,0,0,副詞,一般,*,*,*,*,ヒヤー,ヒヤー,ヒヤー
ヒュン,0,0,0,副詞,一般,*,*,*,*,ヒュン,ヒュン,ヒュン
ヒュー,0,0,0,副詞,一般,*,*,*,*,ヒュー,ヒュー,ヒュー
ヒョロ,0,0,0,副詞,一般,*,*,*,*,ヒョロ,ヒョロ,ヒョロ
ヒーン,0,0,0,副詞,一般,*,*,*,*,ヒーン,ヒーン,ヒーン
ビって,0,0,0,副詞,一般,*,*,*,*,ビって,ビッテ,ビッテ
ビっと,0,0,0,副詞,一般,*,*,*,*,ビっと,ビット,ビット
ビシン,0,0,0,副詞,一般,*,*,*,*,ビシン,ビシン,ビシン
ビシー,0,0,0,副詞,一般,*,*,*,*,ビシー,ビシー,ビシー
ビッて,0,0,0,副詞,一般,*,*,*,*,ビッて,ビッテ,ビッテ
ビッと,0,0,0,副詞,一般,*,*,*,*,ビッと,ビット,ビット
ビッビ,0,0,0,副詞,一般,*,*,*,*,ビッビ,ビッビ,ビッビ
ビビッ,0,0,0,副詞,一般,*,*,*,*,ビビッ,ビビッ,ビビッ
ビャン,0,0,0,副詞,一般,*,*,*,*,ビャン,ビャン,ビャン
ビャー,0,0,0,副詞,一般,*,*,*,*,ビャー,ビャー,ビャー
ビュン,0,0,0,副詞,一般,*,*,*,*,ビュン,ビュン,ビュン
ビュー,0,0,0,副詞,一般,*,*,*,*,ビュー,ビュー,ビュー
ビーン,0,0,0,副詞,一般,*,*,*,*,ビーン,ビーン,ビーン
ピって,0,0,0,副詞,一般,*,*,*,*,ピって,ピッテ,ピッテ
ピっと,0,0,0,副詞,一般,*,*,*,*,ピっと,ピット,ピット
ピシン,0,0,0,副詞,一般,*,*,*,*,ピシン,ピシン,ピシン
ピシー,0,0,0,副詞,一般,*,*,*,*,ピシー,ピシー,ピシー
ピタン,0,0,0,副詞,一般,*,*,*,*,ピタン,ピタン,ピタン
ピター,0,0,0,副詞,一般,*,*,*,*,ピター,ピター,ピター
ピッて,0,0,0,副詞,一般,*,*,*,*,ピッて,ピッテ,ピッテ
ピッと,0,0,0,副詞,一般,*,*,*,*,ピッと,ピット,ピット
ピッピ,0,0,0,副詞,一般,*,*,*,*,ピッピ,ピッピ,ピッピ
ピピッ,0,0,0,副詞,一般,*,*,*,*,ピピッ,ピピッ,ピピッ
ピピン,0,0,0,副詞,一般,*,*,*,*,ピピン,ピピン,ピピン
ピピー,0,0,0,副詞,一般,*,*,*,*,ピピー,ピピー,ピピー
ピャン,0,0,0,副詞,一般,*,*,*,*,ピャン,ピャン,ピャン
ピャー,0,0,0,副詞,一般,*,*,*,*,ピャー,ピャー,ピャー
ピヤン,0,0,0,副詞,一般,*,*,*,*,ピヤン,ピヤン,ピヤン
ピヤー,0,0,0,副詞,一般,*,*,*,*,ピヤー,ピヤー,ピヤー
ピュン,0,0,0,副詞,一般,*,*,*,*,ピュン,ピュン,ピュン
ピュー,0,0,0,副詞,一般,*,*,*,*,ピュー,ピュー,ピュー
ピーン,0,0,0,副詞,一般,*,*,*,*,ピーン,ピーン,ピーン
フって,0,0,0,副詞,一般,*,*,*,*,フって,フッテ,フッテ
フっと,0,0,0,副詞,一般,*,*,*,*,フっと,フット,フット
フッて,0,0,0,副詞,一般,*,*,*,*,フッて,フッテ,フッテ
フッと,0,0,0,副詞,一般,*,*,*,*,フッと,フット,フット
フッフ,0,0,0,副詞,一般,*,*,*,*,フッフ,フッフ,フッフ
フフッ,0,0,0,副詞,一般,*,*,*,*,フフッ,フフッ,フフッ
フワン,0,0,0,副詞,一般,*,*,*,*,フワン,フワン,フワン
フワー,0,0,0,副詞,一般,*,*,*,*,フワー,フワー,フワー
フーン,0,0,0,副詞,一般,*,*,*,*,フーン,フーン,フーン
ブって,0,0,0,副詞,一般,*,*,*,*,ブって,ブッテ,ブッテ
ブっと,0,0,0,副詞,一般,*,*,*,*,ブっと,ブット,ブット
ブチン,0,0,0,副詞,一般,*,*,*,*,ブチン,ブチン,ブチン
ブチー,0,0,0,副詞,一般,*,*,*,*,ブチー,ブチー,ブチー
ブッて,0,0,0,副詞,一般,*,*,*,*,ブッて,ブッテ,ブッテ
ブッと,0,0,0,副詞,一般,*,*,*,*,ブッと,ブット,ブット
ブッブ,0,0,0,副詞,一般,*,*,*,*,ブッブ,ブッブ,ブッブ
ブブッ,0,0,0,副詞,一般,*,*,*,*,ブブッ,ブブッ,ブブッ
ブワン,0,0,0,副詞,一般,*,*,*,*,ブワン,ブワン,ブワン
ブワー,0,0,0,副詞,一般,*,*,*,*,ブワー,ブワー,ブワー
ブーン,0,0,0,副詞,一般,*,*,*,*,ブーン,ブーン,ブーン
プって,0,0,0,副詞,一般,*,*,*,*,プって,プッテ,プッテ
プっと,0,0,0,副詞,一般,*,*,*,*,プっと,プット,プット
プアー,0,0,0,副詞,一般,*,*,*,*,プアー,プアー,プアー
プクー,0,0,0,副詞,一般,*,*,*,*,プクー,プクー,プクー
プチン,0,0,0,副詞,一般,*,*,*,*,プチン,プチン,プチン
プチー,0,0,0,副詞,一般,*,*,*,*,プチー,プチー,プチー
プッて,0,0,0,副詞,一般,*,*,*,*,プッて,プッテ,プッテ
プッと,0,0,0,副詞,一般,*,*,*,*,プッと,プット,プット
プップ,0,0,0,副詞,一般,*,*,*,*,プップ,プップ,プップ
ププッ,0,0,0,副詞,一般,*,*,*,*,ププッ,ププッ,ププッ
プラン,0,0,0,副詞,一般,*,*,*,*,プラン,プラン,プラン
プラー,0,0,0,副詞,一般,*,*,*,*,プラー,プラー,プラー
プルル,0,0,0,副詞,一般,*,*,*,*,プルル,プルル,プルル
プーン,0,0,0,副詞,一般,*,*,*,*,プーン,プーン,プーン
ヘって,0,0,0,副詞,一般,*,*,*,*,ヘって,ヘッテ,ヘッテ
ヘっと,0,0,0,副詞,一般,*,*,*,*,ヘっと,ヘット,ヘット
ヘコー,0,0,0,副詞,一般,*,*,*,*,ヘコー,ヘコー,ヘコー
ヘッて,0,0,0,副詞,一般,*,*,*,*,ヘッて,ヘッテ,ヘッテ
ヘッと,0,0,0,副詞,一般,*,*,*,*,ヘッと,ヘット,ヘット
ヘッヘ,0,0,0,副詞,一般,*,*,*,*,ヘッヘ,ヘッヘ,ヘッヘ
ヘトヘ,0,0,0,副詞,一般,*,*,*,*,ヘトヘ,ヘトヘ,ヘトヘ
ヘヘッ,0,0,0,副詞,一般,*,*,*,*,ヘヘッ,ヘヘッ,ヘヘッ
ベって,0,0,0,副詞,一般,*,*,*,*,ベって,ベッテ,ベッテ
ベっと,0,0,0,副詞,一般,*,*,*,*,ベっと,ベット,ベット
ベタン,0,0,0,副詞,一般,*,*,*,*,ベタン,ベタン,ベタン
ベター,0,0,0,副詞,一般,*,*,*,*,ベター,ベター,ベター
ベッて,0,0,0,副詞,一般,*,*,*,*,ベッて,ベッテ,ベッテ
ベッと,0,0,0,副詞,一般,*,*,*,*,ベッと,ベット,ベット
ベッベ,0,0,0,副詞,一般,*,*,*,*,ベッベ,ベッベ,ベッベ
ベベッ,0,0,0,副詞,一般,*,*,*,*,ベベッ,ベベッ,ベベッ
ベーン,0,0,0,副詞,一般,*,*,*,*,ベーン,ベーン,ベーン
ペって,0,0,0,副詞,一般,*,*,*,*,ペって,ペッテ,ペッテ
ペっと,0,0,0,副詞,一般,*,*,*,*,ペっと,ペット,ペット
ペタン,0,0,0,副詞,一般,*,*,*,*,ペタン,ペタン,ペタン
ペター,0,0,0,副詞,一般,*,*,*,*,ペター,ペター,ペター
ペッて,0,0,0,副詞,一般,*,*,*,*,ペッて,ペッテ,ペッテ
ペッと,0,0,0,副詞,一般,*,*,*,*,ペッと,ペット,ペット
ペッペ,0,0,0,副詞,一般,*,*,*,*,ペッペ,ペッペ,ペッペ
ペペッ,0,0,0,副詞,一般,*,*,*,*,ペペッ,ペペッ,ペペッ
ペーン,0,0,0,副詞,一般,*,*,*,*,ペーン,ペーン,ペーン
ホっと,0,0,0,副詞,一般,*,*,*,*,ホっと,ホット,ホット
ホイン,0,0,0,副詞,一般,*,*,*,*,ホイン,ホイン,ホイン
ホイー,0,0,0,副詞,一般,*,*,*,*,ホイー,ホイー,ホイー
ホッと,0,0,0,副詞,一般,*,*,*,*,ホッと,ホット,ホット
ホッホ,0,0,0,副詞,一般,*,*,*,*,ホッホ,ホッホ,ホッホ
ホホッ,0,0,0,副詞,一般,*,*,*,*,ホホッ,ホホッ,ホホッ
ホーン,0,0,0,副詞,一般,*,*,*,*,ホーン,ホーン,ホーン
ボっと,0,0,0,副詞,一般,*,*,*,*,ボっと,ボット,ボット
ボキン,0,0,0,副詞,一般,*,*,*,*,ボキン,ボキン,ボキン
ボキー,0,0,0,副詞,一般,*,*,*,*,ボキー,ボキー,ボキー
ボッと,0,0,0,副詞,一般,*,*,*,*,ボッと,ボット,ボット
ボッボ,0,0,0,副詞,一般,*,*,*,*,ボッボ,ボッボ,ボッボ
ボボッ,0,0,0,副詞,一般,*,*,*,*,ボボッ,ボボッ,ボボッ
ボンン,0,0,0,副詞,一般,*,*,*,*,ボンン,ボンン,ボンン
ボンー,0,0,0,副詞,一般,*,*,*,*,ボンー,ボンー,ボンー
ボーン,0,0,0,副詞,一般,*,*,*,*,ボーン,ボーン,ボーン
ポって,0,0,0,副詞,一般,*,*,*,*,ポって,ポッテ,ポッテ
ポっと,0,0,0,副詞,一般,*,*,*,*,ポっと,ポット,ポット
ポカー,0,0,0,副詞,一般,*,*,*,*,ポカー,ポカー,ポカー
ポコー,0,0,0,副詞,一般,*,*,*,*,ポコー,ポコー,ポコー
ポチャ,0,0,0,副詞,一般,*,*,*,*,ポチャ,ポチャ,ポチャ
ポッて,0,0,0,副詞,一般,*,*,*,*,ポッて,ポッテ,ポッテ
ポッと,0,0,0,副詞,一般,*,*,*,*,ポッと,ポット,ポット
ポッポ,0,0,0,副詞,一般,*,*,*,*,ポッポ,ポッポ,ポッポ
ポツン,0,0,0,副詞,一般,*,*,*,*,ポツン,ポツン,ポツン
ポツー,0,0,0,副詞,一般,*,*,*,*,ポツー,ポツー,ポツー
ポポッ,0,0,0,副詞,一般,*,*,*,*,ポポッ,ポポッ,ポポッ
ポヨン,0,0,0,副詞,一般,*,*,*,*,ポヨン,ポヨン,ポヨン
ポヨー,0,0,0,副詞,一般,*,*,*,*,ポヨー,ポヨー,ポヨー
ポンン,0,0,0,副詞,一般,*,*,*,*,ポンン,ポンン,ポンン
ポンー,0,0,0,副詞,一般,*,*,*,*,ポンー,ポンー,ポンー
ポーン,0,0,0,副詞,一般,*,*,*,*,ポーン,ポーン,ポーン
ムっと,0,0,0,副詞,一般,*,*,*,*,ムっと,ムット,ムット
ムッと,0,0,0,副詞,一般,*,*,*,*,ムッと,ムット,ムット
ムーン,0,0,0,副詞,一般,*,*,*,*,ムーン,ムーン,ムーン
ワっと,0,0,0,副詞,一般,*,*,*,*,ワっと,ワット,ワット
ワッと,0,0,0,副詞,一般,*,*,*,*,ワッと,ワット,ワット
ワーン,0,0,0,副詞,一般,*,*,*,*,ワーン,ワーン,ワーン
イラン,0,0,0,副詞,一般,*,*,*,*,イラン,イラン,イランッと
ウワン,0,0,0,副詞,一般,*,*,*,*,ウワン,ウワン,ウワンッと
カチン,0,0,0,副詞,一般,*,*,*,*,カチン,カチン,カチンッと
カラン,0,0,0,副詞,一般,*,*,*,*,カラン,カラン,カランッと
ガクン,0,0,0,副詞,一般,*,*,*,*,ガクン,ガクン,ガクンッと
ガツン,0,0,0,副詞,一般,*,*,*,*,ガツン,ガツン,ガツンッと
ガラン,0,0,0,副詞,一般,*,*,*,*,ガラン,ガラン,ガランッと
キャン,0,0,0,副詞,一般,*,*,*,*,キャン,キャン,キャンッと
キュン,0,0,0,副詞,一般,*,*,*,*,キュン,キュン,キュンッと
ギャン,0,0,0,副詞,一般,*,*,*,*,ギャン,ギャン,ギャンッと
ギュン,0,0,0,副詞,一般,*,*,*,*,ギュン,ギュン,ギュンッと
クルン,0,0,0,副詞,一般,*,*,*,*,クルン,クルン,クルンッと
グルン,0,0,0,副詞,一般,*,*,*,*,グルン,グルン,グルンッと
グワン,0,0,0,副詞,一般,*,*,*,*,グワン,グワン,グワンッと
ケロン,0,0,0,副詞,一般,*,*,*,*,ケロン,ケロン,ケロンッと
コソン,0,0,0,副詞,一般,*,*,*,*,コソン,コソン,コソンッと
コロン,0,0,0,副詞,一般,*,*,*,*,コロン,コロン,コロンッと
ゴロン,0,0,0,副詞,一般,*,*,*,*,ゴロン,ゴロン,ゴロンッと
ササン,0,0,0,副詞,一般,*,*,*,*,ササン,ササン,ササンッと
ザバン,0,0,0,副詞,一般,*,*,*,*,ザバン,ザバン,ザバンッと
シャン,0,0,0,副詞,一般,*,*,*,*,シャン,シャン,シャンッと
シュン,0,0,0,副詞,一般,*,*,*,*,シュン,シュン,シュンッと
スコン,0,0,0,副詞,一般,*,*,*,*,スコン,スコン,スコンッと
スパン,0,0,0,副詞,一般,*,*,*,*,スパン,スパン,スパンッと
スラン,0,0,0,副詞,一般,*,*,*,*,スラン,スラン,スランッと
ズテン,0,0,0,副詞,一般,*,*,*,*,ズテン,ズテン,ズテンッと
ズラン,0,0,0,副詞,一般,*,*,*,*,ズラン,ズラン,ズランッと
ダラン,0,0,0,副詞,一般,*,*,*,*,ダラン,ダラン,ダランッと
チラン,0,0,0,副詞,一般,*,*,*,*,チラン,チラン,チランッと
ツルン,0,0,0,副詞,一般,*,*,*,*,ツルン,ツルン,ツルンッと
トロン,0,0,0,副詞,一般,*,*,*,*,トロン,トロン,トロンッと
トンン,0,0,0,副詞,一般,*,*,*,*,トンン,トンン,トンンッと
ドカン,0,0,0,副詞,一般,*,*,*,*,ドカン,ドカン,ドカンッと
ドサン,0,0,0,副詞,一般,*,*,*,*,ドサン,ドサン,ドサンッと
ドシン,0,0,0,副詞,一般,*,*,*,*,ドシン,ドシン,ドシンッと
ドワン,0,0,0,副詞,一般,*,*,*,*,ドワン,ドワン,ドワンッと
ニコン,0,0,0,副詞,一般,*,*,*,*,ニコン,ニコン,ニコンッと
バキン,0,0,0,副詞,一般,*,*,*,*,バキン,バキン,バキンッと
バシン,0,0,0,副詞,一般,*,*,*,*,バシン,バシン,バシンッと
パカン,0,0,0,副詞,一般,*,*,*,*,パカン,パカン,パカンッと
パパン,0,0,0,副詞,一般,*,*,*,*,パパン,パパン,パパンッと
パリン,0,0,0,副詞,一般,*,*,*,*,パリン,パリン,パリンッと
ヒエン,0,0,0,副詞,一般,*,*,*,*,ヒエン,ヒエン,ヒエンッと
ヒャン,0,0,0,副詞,一般,*,*,*,*,ヒャン,ヒャン,ヒャンッと
ヒヤン,0,0,0,副詞,一般,*,*,*,*,ヒヤン,ヒヤン,ヒヤンッと
ヒュン,0,0,0,副詞,一般,*,*,*,*,ヒュン,ヒュン,ヒュンッと
ビシン,0,0,0,副詞,一般,*,*,*,*,ビシン,ビシン,ビシンッと
ビャン,0,0,0,副詞,一般,*,*,*,*,ビャン,ビャン,ビャンッと
ビュン,0,0,0,副詞,一般,*,*,*,*,ビュン,ビュン,ビュンッと
ピシン,0,0,0,副詞,一般,*,*,*,*,ピシン,ピシン,ピシンッと
ピタン,0,0,0,副詞,一般,*,*,*,*,ピタン,ピタン,ピタンッと
ピピン,0,0,0,副詞,一般,*,*,*,*,ピピン,ピピン,ピピンッと
ピャン,0,0,0,副詞,一般,*,*,*,*,ピャン,ピャン,ピャンッと
ピヤン,0,0,0,副詞,一般,*,*,*,*,ピヤン,ピヤン,ピヤンッと
ピュン,0,0,0,副詞,一般,*,*,*,*,ピュン,ピュン,ピュンッと
フワン,0,0,0,副詞,一般,*,*,*,*,フワン,フワン,フワンッと
ブチン,0,0,0,副詞,一般,*,*,*,*,ブチン,ブチン,ブチンッと
ブワン,0,0,0,副詞,一般,*,*,*,*,ブワン,ブワン,ブワンッと
プチン,0,0,0,副詞,一般,*,*,*,*,プチン,プチン,プチンッと
プラン,0,0,0,副詞,一般,*,*,*,*,プラン,プラン,プランッと
ベタン,0,0,0,副詞,一般,*,*,*,*,ベタン,ベタン,ベタンッと
ペタン,0,0,0,副詞,一般,*,*,*,*,ペタン,ペタン,ペタンッと
ホイン,0,0,0,副詞,一般,*,*,*,*,ホイン,ホイン,ホインッと
ボキン,0,0,0,副詞,一般,*,*,*,*,ボキン,ボキン,ボキンッと
ボンン,0,0,0,副詞,一般,*,*,*,*,ボンン,ボンン,ボンンッと
ポツン,0,0,0,副詞,一般,*,*,*,*,ポツン,ポツン,ポツンッと
ポヨン,0,0,0,副詞,一般,*,*,*,*,ポヨン,ポヨン,ポヨンッと
ポンン,0,0,0,副詞,一般,*,*,*,*,ポンン,ポンン,ポンンッと
キャン,0,0,0,副詞,一般,*,*,*,*,キャン,キャン,キャン
グルー,0,0,0,副詞,一般,*,*,*,*,グルー,グルー,グルー
コロン,0,0,0,副詞,一般,*,*,*,*,コロン,コロン,コロン
ジッて,0,0,0,副詞,一般,*,*,*,*,ジッて,ジッテ,ジッテ
チョン,0,0,0,副詞,一般,*,*,*,*,チョン,チョン,チョン
ホッて,0,0,0,副詞,一般,*,*,*,*,ホッて,ホッテ,ホッテ
ボッて,0,0,0,副詞,一般,*,*,*,*,ボッて,ボッテ,ボッテ
ゴロン,0,0,0,副詞,一般,*,*,*,*,ゴロン,ゴロン,ゴロン
ボって,0,0,0,副詞,一般,*,*,*,*,ボって,ボッテ,ボッテ
ムッて,0,0,0,副詞,一般,*,*,*,*,ムッて,ムッテ,ムッテ
ワって,0,0,0,副詞,一般,*,*,*,*,ワって,ワッテ,ワッテ
ワッて,0,0,0,副詞,一般,*,*,*,*,ワッて,ワッテ,ワッテ
ギュン,0,0,0,副詞,一般,*,*,*,*,ギュン,ギュン,ギュン
ドッて,0,0,0,副詞,一般,*,*,*,*,ドッて,ドッテ,ドッテ
ギャー,0,0,0,副詞,一般,*,*,*,*,ギャー,ギャー,ギャー
ジって,0,0,0,副詞,一般,*,*,*,*,ジって,ジッテ,ジッテ
スッて,0,0,0,副詞,一般,*,*,*,*,スッて,スッテ,スッテ
ドって,0,0,0,副詞,一般,*,*,*,*,ドって,ドッテ,ドッテ
ホって,0,0,0,副詞,一般,*,*,*,*,ホって,ホッテ,ホッテ
バって,0,0,0,副詞,一般,*,*,*,*,バって,バッテ,バッテ
バッて,0,0,0,副詞,一般,*,*,*,*,バッて,バッテ,バッテ
ウって,0,0,0,副詞,一般,*,*,*,*,ウって,ウッテ,ウッテ
ウッて,0,0,0,副詞,一般,*,*,*,*,ウッて,ウッテ,ウッテ
ムって,0,0,0,副詞,一般,*,*,*,*,ムって,ムッテ,ムッテ
ガっと,0,0,0,副詞,一般,*,*,*,*,ガっと,ガット,ガット
ガッと,0,0,0,副詞,一般,*,*,*,*,ガッと,ガット,ガット
カって,0,0,0,副詞,一般,*,*,*,*,カって,カッテ,カッテ
カッて,0,0,0,副詞,一般,*,*,*,*,カッて,カッテ,カッテ
カラン,0,0,0,副詞,一般,*,*,*,*,カラン,カラン,カラン
スコン,0,0,0,副詞,一般,*,*,*,*,スコン,スコン,スコン
スって,0,0,0,副詞,一般,*,*,*,*,スって,スッテ,スッテ
クルン,0,0,0,副詞,一般,*,*,*,*,クルン,クルン,クルン
ブワー,0,0,0,副詞,一般,*,*,*,*,ブワー,ブワー,ブワー
ハって,0,0,0,副詞,一般,*,*,*,*,ハって,ハッテ,ハッテ
ハッて,0,0,0,副詞,一般,*,*,*,*,ハッて,ハッテ,ハッテ
ウっと,0,0,0,副詞,一般,*,*,*,*,ウっと,ウット,ウット
ウッと,0,0,0,副詞,一般,*,*,*,*,ウッと,ウット,ウット
ギャー,0,0,0,副詞,一般,*,*,*,*,ギャー,ギャー,ギャー
オって,0,0,0,副詞,一般,*,*,*,*,オって,オッテ,オッテ
オッて,0,0,0,副詞,一般,*,*,*,*,オッて,オッテ,オッテ
アって,0,0,0,副詞,一般,*,*,*,*,アって,アッテ,アッテ
アッて,0,0,0,副詞,一般,*,*,*,*,アッて,アッテ,アッテ
イラン,0,0,0,副詞,一般,*,*,*,*,イラン,イラン,イラン
ポツン,0,0,0,副詞,一般,*,*,*,*,ポツン,ポツン,ポツン
パって,0,0,0,副詞,一般,*,*,*,*,パって,パッテ,パッテ
ウーン,0,0,0,副詞,一般,*,*,*,*,ウーン,ウーン,ウーン
シーン,0,0,0,副詞,一般,*,*,*,*,シーン,シーン,シーン
パッて,0,0,0,副詞,一般,*,*,*,*,パッて,パッテ,パッテ
ぽつん,0,0,0,副詞,一般,*,*,*,*,ぽつん,ポツン,ポツン
きっと,0,0,0,副詞,一般,*,*,*,*,きっと,キット,キット
ずっと,0,0,0,副詞,一般,*,*,*,*,ずっと,ズット,ズット
ぽつん,0,0,0,副詞,一般,*,*,*,*,ぽつん,ポツン,ポツン
がって,0,0,0,副詞,一般,*,*,*,*,がって,ガッテ,ガッテ
かっと,0,0,0,副詞,一般,*,*,*,*,かっと,カット,カット
ごろん,0,0,0,副詞,一般,*,*,*,*,ごろん,ゴロン,ゴロン
きらっ,0,0,0,副詞,一般,*,*,*,*,きらっ,キラッ,キラッ
しーん,0,0,0,副詞,一般,*,*,*,*,しーん,シーン,シーン
ぶわー,0,0,0,副詞,一般,*,*,*,*,ぶわー,ブワー,ブワー
ばーん,0,0,0,副詞,一般,*,*,*,*,ばーん,バーン,バーン
ぎゃー,0,0,0,副詞,一般,*,*,*,*,ぎゃー,ギャー,ギャー
どっと,0,0,0,副詞,一般,*,*,*,*,どっと,ドット,ドット
あっと,0,0,0,副詞,一般,*,*,*,*,あっと,アット,アット
あーん,0,0,0,副詞,一般,*,*,*,*,あーん,アーン,アーン
いらっ,0,0,0,副詞,一般,*,*,*,*,いらっ,イラッ,イラッ
いらん,0,0,0,副詞,一般,*,*,*,*,いらん,イラン,イラン
いらー,0,0,0,副詞,一般,*,*,*,*,いらー,イラー,イラー
うわっ,0,0,0,副詞,一般,*,*,*,*,うわっ,ウワッ,ウワッ
うわん,0,0,0,副詞,一般,*,*,*,*,うわん,ウワン,ウワン
うわー,0,0,0,副詞,一般,*,*,*,*,うわー,ウワー,ウワー
うーん,0,0,0,副詞,一般,*,*,*,*,うーん,ウーン,ウーン
えって,0,0,0,副詞,一般,*,*,*,*,えって,エッテ,エッテ
えーん,0,0,0,副詞,一般,*,*,*,*,えーん,エーン,エーン
おっと,0,0,0,副詞,一般,*,*,*,*,おっと,オット,オット
おーん,0,0,0,副詞,一般,*,*,*,*,おーん,オーン,オーン
かちっ,0,0,0,副詞,一般,*,*,*,*,かちっ,カチッ,カチッ
かちゃ,0,0,0,副詞,一般,*,*,*,*,かちゃ,カチャ,カチャ
かちん,0,0,0,副詞,一般,*,*,*,*,かちん,カチン,カチン
かちー,0,0,0,副詞,一般,*,*,*,*,かちー,カチー,カチー
からん,0,0,0,副詞,一般,*,*,*,*,からん,カラン,カラン
からー,0,0,0,副詞,一般,*,*,*,*,からー,カラー,カラー
かーん,0,0,0,副詞,一般,*,*,*,*,かーん,カーン,カーン
がくっ,0,0,0,副詞,一般,*,*,*,*,がくっ,ガクッ,ガクッ
がくん,0,0,0,副詞,一般,*,*,*,*,がくん,ガクン,ガクン
がくー,0,0,0,副詞,一般,*,*,*,*,がくー,ガクー,ガクー
がしゃ,0,0,0,副詞,一般,*,*,*,*,がしゃ,ガシャ,ガシャ
がつっ,0,0,0,副詞,一般,*,*,*,*,がつっ,ガツッ,ガツッ
がつん,0,0,0,副詞,一般,*,*,*,*,がつん,ガツン,ガツン
がつー,0,0,0,副詞,一般,*,*,*,*,がつー,ガツー,ガツー
がらっ,0,0,0,副詞,一般,*,*,*,*,がらっ,ガラッ,ガラッ
がらん,0,0,0,副詞,一般,*,*,*,*,がらん,ガラン,ガラン
がらー,0,0,0,副詞,一般,*,*,*,*,がらー,ガラー,ガラー
がーん,0,0,0,副詞,一般,*,*,*,*,がーん,ガーン,ガーン
きゃっ,0,0,0,副詞,一般,*,*,*,*,きゃっ,キャッ,キャッ
きゃん,0,0,0,副詞,一般,*,*,*,*,きゃん,キャン,キャン
きゃー,0,0,0,副詞,一般,*,*,*,*,きゃー,キャー,キャー
きゅっ,0,0,0,副詞,一般,*,*,*,*,きゅっ,キュッ,キュッ
きゅん,0,0,0,副詞,一般,*,*,*,*,きゅん,キュン,キュン
きゅー,0,0,0,副詞,一般,*,*,*,*,きゅー,キュー,キュー
きらー,0,0,0,副詞,一般,*,*,*,*,きらー,キラー,キラー
きーん,0,0,0,副詞,一般,*,*,*,*,きーん,キーン,キーン
ぎゃっ,0,0,0,副詞,一般,*,*,*,*,ぎゃっ,ギャッ,ギャッ
ぎゃん,0,0,0,副詞,一般,*,*,*,*,ぎゃん,ギャン,ギャン
ぎゃー,0,0,0,副詞,一般,*,*,*,*,ぎゃー,ギャー,ギャー
ぎゅっ,0,0,0,副詞,一般,*,*,*,*,ぎゅっ,ギュッ,ギュッ
ぎゅん,0,0,0,副詞,一般,*,*,*,*,ぎゅん,ギュン,ギュン
ぎゅー,0,0,0,副詞,一般,*,*,*,*,ぎゅー,ギュー,ギュー
くっと,0,0,0,副詞,一般,*,*,*,*,くっと,クット,クット
くるん,0,0,0,副詞,一般,*,*,*,*,くるん,クルン,クルン
くるー,0,0,0,副詞,一般,*,*,*,*,くるー,クルー,クルー
くーん,0,0,0,副詞,一般,*,*,*,*,くーん,クーン,クーン
ぐぁー,0,0,0,副詞,一般,*,*,*,*,ぐぁー,グァー,グァー
ぐって,0,0,0,副詞,一般,*,*,*,*,ぐって,グッテ,グッテ
ぐっと,0,0,0,副詞,一般,*,*,*,*,ぐっと,グット,グット
ぐるん,0,0,0,副詞,一般,*,*,*,*,ぐるん,グルン,グルン
ぐるー,0,0,0,副詞,一般,*,*,*,*,ぐるー,グルー,グルー
ぐわん,0,0,0,副詞,一般,*,*,*,*,ぐわん,グワン,グワン
ぐわー,0,0,0,副詞,一般,*,*,*,*,ぐわー,グワー,グワー
ぐーん,0,0,0,副詞,一般,*,*,*,*,ぐーん,グーン,グーン
けろっ,0,0,0,副詞,一般,*,*,*,*,けろっ,ケロッ,ケロッ
けろん,0,0,0,副詞,一般,*,*,*,*,けろん,ケロン,ケロン
けろー,0,0,0,副詞,一般,*,*,*,*,けろー,ケロー,ケロー
こそっ,0,0,0,副詞,一般,*,*,*,*,こそっ,コソッ,コソッ
こそん,0,0,0,副詞,一般,*,*,*,*,こそん,コソン,コソン
こそー,0,0,0,副詞,一般,*,*,*,*,こそー,コソー,コソー
ころっ,0,0,0,副詞,一般,*,*,*,*,ころっ,コロッ,コロッ
ころん,0,0,0,副詞,一般,*,*,*,*,ころん,コロン,コロン
ころー,0,0,0,副詞,一般,*,*,*,*,ころー,コロー,コロー
ごじゃ,0,0,0,副詞,一般,*,*,*,*,ごじゃ,ゴジャ,ゴジャ
ごろっ,0,0,0,副詞,一般,*,*,*,*,ごろっ,ゴロッ,ゴロッ
ごろん,0,0,0,副詞,一般,*,*,*,*,ごろん,ゴロン,ゴロン
ごろー,0,0,0,副詞,一般,*,*,*,*,ごろー,ゴロー,ゴロー
ささっ,0,0,0,副詞,一般,*,*,*,*,ささっ,ササッ,ササッ
ささん,0,0,0,副詞,一般,*,*,*,*,ささん,ササン,ササン
ささー,0,0,0,副詞,一般,*,*,*,*,ささー,ササー,ササー
さっさ,0,0,0,副詞,一般,*,*,*,*,さっさ,サッサ,サッサ
さっと,0,0,0,副詞,一般,*,*,*,*,さっと,サット,サット
さらっ,0,0,0,副詞,一般,*,*,*,*,さらっ,サラッ,サラッ
さらー,0,0,0,副詞,一般,*,*,*,*,さらー,サラー,サラー
さーん,0,0,0,副詞,一般,*,*,*,*,さーん,サーン,サーン
ざって,0,0,0,副詞,一般,*,*,*,*,ざって,ザッテ,ザッテ
ざっと,0,0,0,副詞,一般,*,*,*,*,ざっと,ザット,ザット
ざばっ,0,0,0,副詞,一般,*,*,*,*,ざばっ,ザバッ,ザバッ
ざばん,0,0,0,副詞,一般,*,*,*,*,ざばん,ザバン,ザバン
ざばー,0,0,0,副詞,一般,*,*,*,*,ざばー,ザバー,ザバー
ざーん,0,0,0,副詞,一般,*,*,*,*,ざーん,ザーン,ザーン
しって,0,0,0,副詞,一般,*,*,*,*,しって,シッテ,シッテ
しっと,0,0,0,副詞,一般,*,*,*,*,しっと,シット,シット
しゃっ,0,0,0,副詞,一般,*,*,*,*,しゃっ,シャッ,シャッ
しゃん,0,0,0,副詞,一般,*,*,*,*,しゃん,シャン,シャン
しゃー,0,0,0,副詞,一般,*,*,*,*,しゃー,シャー,シャー
しゅっ,0,0,0,副詞,一般,*,*,*,*,しゅっ,シュッ,シュッ
しゅん,0,0,0,副詞,一般,*,*,*,*,しゅん,シュン,シュン
しゅー,0,0,0,副詞,一般,*,*,*,*,しゅー,シュー,シュー
しーん,0,0,0,副詞,一般,*,*,*,*,しーん,シーン,シーン
じっと,0,0,0,副詞,一般,*,*,*,*,じっと,ジット,ジット
じーん,0,0,0,副詞,一般,*,*,*,*,じーん,ジーン,ジーン
すこっ,0,0,0,副詞,一般,*,*,*,*,すこっ,スコッ,スコッ
すこん,0,0,0,副詞,一般,*,*,*,*,すこん,スコン,スコン
すこー,0,0,0,副詞,一般,*,*,*,*,すこー,スコー,スコー
すたー,0,0,0,副詞,一般,*,*,*,*,すたー,スター,スター
すっと,0,0,0,副詞,一般,*,*,*,*,すっと,スット,スット
すぱっ,0,0,0,副詞,一般,*,*,*,*,すぱっ,スパッ,スパッ
すぱん,0,0,0,副詞,一般,*,*,*,*,すぱん,スパン,スパン
すぱー,0,0,0,副詞,一般,*,*,*,*,すぱー,スパー,スパー
すらっ,0,0,0,副詞,一般,*,*,*,*,すらっ,スラッ,スラッ
すらん,0,0,0,副詞,一般,*,*,*,*,すらん,スラン,スラン
すらー,0,0,0,副詞,一般,*,*,*,*,すらー,スラー,スラー
すーん,0,0,0,副詞,一般,*,*,*,*,すーん,スーン,スーン
ずって,0,0,0,副詞,一般,*,*,*,*,ずって,ズッテ,ズッテ
ずてっ,0,0,0,副詞,一般,*,*,*,*,ずてっ,ズテッ,ズテッ
ずてん,0,0,0,副詞,一般,*,*,*,*,ずてん,ズテン,ズテン
ずてー,0,0,0,副詞,一般,*,*,*,*,ずてー,ズテー,ズテー
ずらっ,0,0,0,副詞,一般,*,*,*,*,ずらっ,ズラッ,ズラッ
ずらん,0,0,0,副詞,一般,*,*,*,*,ずらん,ズラン,ズラン
ずらー,0,0,0,副詞,一般,*,*,*,*,ずらー,ズラー,ズラー
ずーん,0,0,0,副詞,一般,*,*,*,*,ずーん,ズーン,ズーン
ぞって,0,0,0,副詞,一般,*,*,*,*,ぞって,ゾッテ,ゾッテ
ぞっと,0,0,0,副詞,一般,*,*,*,*,ぞっと,ゾット,ゾット
ぞーん,0,0,0,副詞,一般,*,*,*,*,ぞーん,ゾーン,ゾーン
だっと,0,0,0,副詞,一般,*,*,*,*,だっと,ダット,ダット
だらっ,0,0,0,副詞,一般,*,*,*,*,だらっ,ダラッ,ダラッ
だらん,0,0,0,副詞,一般,*,*,*,*,だらん,ダラン,ダラン
だらー,0,0,0,副詞,一般,*,*,*,*,だらー,ダラー,ダラー
だーん,0,0,0,副詞,一般,*,*,*,*,だーん,ダーン,ダーン
ちゅっ,0,0,0,副詞,一般,*,*,*,*,ちゅっ,チュッ,チュッ
ちゅー,0,0,0,副詞,一般,*,*,*,*,ちゅー,チュー,チュー
ちょろ,0,0,0,副詞,一般,*,*,*,*,ちょろ,チョロ,チョロ
ちょん,0,0,0,副詞,一般,*,*,*,*,ちょん,チョン,チョン
ちょー,0,0,0,副詞,一般,*,*,*,*,ちょー,チョー,チョー
ちらっ,0,0,0,副詞,一般,*,*,*,*,ちらっ,チラッ,チラッ
ちらん,0,0,0,副詞,一般,*,*,*,*,ちらん,チラン,チラン
ちらー,0,0,0,副詞,一般,*,*,*,*,ちらー,チラー,チラー
つるっ,0,0,0,副詞,一般,*,*,*,*,つるっ,ツルッ,ツルッ
つるん,0,0,0,副詞,一般,*,*,*,*,つるん,ツルン,ツルン
つるー,0,0,0,副詞,一般,*,*,*,*,つるー,ツルー,ツルー
とろっ,0,0,0,副詞,一般,*,*,*,*,とろっ,トロッ,トロッ
とろん,0,0,0,副詞,一般,*,*,*,*,とろん,トロン,トロン
とろー,0,0,0,副詞,一般,*,*,*,*,とろー,トロー,トロー
とんっ,0,0,0,副詞,一般,*,*,*,*,とんっ,トンッ,トンッ
とんん,0,0,0,副詞,一般,*,*,*,*,とんん,トンン,トンン
とんー,0,0,0,副詞,一般,*,*,*,*,とんー,トンー,トンー
どかん,0,0,0,副詞,一般,*,*,*,*,どかん,ドカン,ドカン
どかー,0,0,0,副詞,一般,*,*,*,*,どかー,ドカー,ドカー
どさっ,0,0,0,副詞,一般,*,*,*,*,どさっ,ドサッ,ドサッ
どさん,0,0,0,副詞,一般,*,*,*,*,どさん,ドサン,ドサン
どさー,0,0,0,副詞,一般,*,*,*,*,どさー,ドサー,ドサー
どしっ,0,0,0,副詞,一般,*,*,*,*,どしっ,ドシッ,ドシッ
どしん,0,0,0,副詞,一般,*,*,*,*,どしん,ドシン,ドシン
どしー,0,0,0,副詞,一般,*,*,*,*,どしー,ドシー,ドシー
どらん,0,0,0,副詞,一般,*,*,*,*,どらん,ドラン,ドラン
どわっ,0,0,0,副詞,一般,*,*,*,*,どわっ,ドワッ,ドワッ
どわん,0,0,0,副詞,一般,*,*,*,*,どわん,ドワン,ドワン
どわー,0,0,0,副詞,一般,*,*,*,*,どわー,ドワー,ドワー
どーん,0,0,0,副詞,一般,*,*,*,*,どーん,ドーン,ドーン
にこっ,0,0,0,副詞,一般,*,*,*,*,にこっ,ニコッ,ニコッ
にこん,0,0,0,副詞,一般,*,*,*,*,にこん,ニコン,ニコン
にこー,0,0,0,副詞,一般,*,*,*,*,にこー,ニコー,ニコー
にゅる,0,0,0,副詞,一般,*,*,*,*,にゅる,ニュル,ニュル
はっと,0,0,0,副詞,一般,*,*,*,*,はっと,ハット,ハット
はっは,0,0,0,副詞,一般,*,*,*,*,はっは,ハッハ,ハッハ
はーん,0,0,0,副詞,一般,*,*,*,*,はーん,ハーン,ハーン
ばきっ,0,0,0,副詞,一般,*,*,*,*,ばきっ,バキッ,バキッ
ばきん,0,0,0,副詞,一般,*,*,*,*,ばきん,バキン,バキン
ばきー,0,0,0,副詞,一般,*,*,*,*,ばきー,バキー,バキー
ばしっ,0,0,0,副詞,一般,*,*,*,*,ばしっ,バシッ,バシッ
ばしゃ,0,0,0,副詞,一般,*,*,*,*,ばしゃ,バシャ,バシャ
ばしん,0,0,0,副詞,一般,*,*,*,*,ばしん,バシン,バシン
ばしー,0,0,0,副詞,一般,*,*,*,*,ばしー,バシー,バシー
ばっと,0,0,0,副詞,一般,*,*,*,*,ばっと,バット,バット
ばっば,0,0,0,副詞,一般,*,*,*,*,ばっば,バッバ,バッバ
ばーん,0,0,0,副詞,一般,*,*,*,*,ばーん,バーン,バーン
ぱかっ,0,0,0,副詞,一般,*,*,*,*,ぱかっ,パカッ,パカッ
ぱかん,0,0,0,副詞,一般,*,*,*,*,ぱかん,パカン,パカン
ぱかー,0,0,0,副詞,一般,*,*,*,*,ぱかー,パカー,パカー
ぱっと,0,0,0,副詞,一般,*,*,*,*,ぱっと,パット,パット
ぱっぱ,0,0,0,副詞,一般,*,*,*,*,ぱっぱ,パッパ,パッパ
ぱぱっ,0,0,0,副詞,一般,*,*,*,*,ぱぱっ,パパッ,パパッ
ぱぱん,0,0,0,副詞,一般,*,*,*,*,ぱぱん,パパン,パパン
ぱぱー,0,0,0,副詞,一般,*,*,*,*,ぱぱー,パパー,パパー
ぱりっ,0,0,0,副詞,一般,*,*,*,*,ぱりっ,パリッ,パリッ
ぱりん,0,0,0,副詞,一般,*,*,*,*,ぱりん,パリン,パリン
ぱりー,0,0,0,副詞,一般,*,*,*,*,ぱりー,パリー,パリー
ぱーん,0,0,0,副詞,一般,*,*,*,*,ぱーん,パーン,パーン
ひえっ,0,0,0,副詞,一般,*,*,*,*,ひえっ,ヒエッ,ヒエッ
ひえん,0,0,0,副詞,一般,*,*,*,*,ひえん,ヒエン,ヒエン
ひえー,0,0,0,副詞,一般,*,*,*,*,ひえー,ヒエー,ヒエー
ひって,0,0,0,副詞,一般,*,*,*,*,ひって,ヒッテ,ヒッテ
ひっと,0,0,0,副詞,一般,*,*,*,*,ひっと,ヒット,ヒット
ひっひ,0,0,0,副詞,一般,*,*,*,*,ひっひ,ヒッヒ,ヒッヒ
ひゃっ,0,0,0,副詞,一般,*,*,*,*,ひゃっ,ヒャッ,ヒャッ
ひゃん,0,0,0,副詞,一般,*,*,*,*,ひゃん,ヒャン,ヒャン
ひゃー,0,0,0,副詞,一般,*,*,*,*,ひゃー,ヒャー,ヒャー
ひやっ,0,0,0,副詞,一般,*,*,*,*,ひやっ,ヒヤッ,ヒヤッ
ひやん,0,0,0,副詞,一般,*,*,*,*,ひやん,ヒヤン,ヒヤン
ひやー,0,0,0,副詞,一般,*,*,*,*,ひやー,ヒヤー,ヒヤー
ひゅっ,0,0,0,副詞,一般,*,*,*,*,ひゅっ,ヒュッ,ヒュッ
ひゅん,0,0,0,副詞,一般,*,*,*,*,ひゅん,ヒュン,ヒュン
ひゅー,0,0,0,副詞,一般,*,*,*,*,ひゅー,ヒュー,ヒュー
ひょろ,0,0,0,副詞,一般,*,*,*,*,ひょろ,ヒョロ,ヒョロ
ひーん,0,0,0,副詞,一般,*,*,*,*,ひーん,ヒーン,ヒーン
びしっ,0,0,0,副詞,一般,*,*,*,*,びしっ,ビシッ,ビシッ
びしん,0,0,0,副詞,一般,*,*,*,*,びしん,ビシン,ビシン
びしー,0,0,0,副詞,一般,*,*,*,*,びしー,ビシー,ビシー
びって,0,0,0,副詞,一般,*,*,*,*,びって,ビッテ,ビッテ
びっと,0,0,0,副詞,一般,*,*,*,*,びっと,ビット,ビット
びっび,0,0,0,副詞,一般,*,*,*,*,びっび,ビッビ,ビッビ
びゃっ,0,0,0,副詞,一般,*,*,*,*,びゃっ,ビャッ,ビャッ
びゃん,0,0,0,副詞,一般,*,*,*,*,びゃん,ビャン,ビャン
びゃー,0,0,0,副詞,一般,*,*,*,*,びゃー,ビャー,ビャー
びゅっ,0,0,0,副詞,一般,*,*,*,*,びゅっ,ビュッ,ビュッ
びゅん,0,0,0,副詞,一般,*,*,*,*,びゅん,ビュン,ビュン
びゅー,0,0,0,副詞,一般,*,*,*,*,びゅー,ビュー,ビュー
びーん,0,0,0,副詞,一般,*,*,*,*,びーん,ビーン,ビーン
ぴしっ,0,0,0,副詞,一般,*,*,*,*,ぴしっ,ピシッ,ピシッ
ぴしん,0,0,0,副詞,一般,*,*,*,*,ぴしん,ピシン,ピシン
ぴしー,0,0,0,副詞,一般,*,*,*,*,ぴしー,ピシー,ピシー
ぴたっ,0,0,0,副詞,一般,*,*,*,*,ぴたっ,ピタッ,ピタッ
ぴたん,0,0,0,副詞,一般,*,*,*,*,ぴたん,ピタン,ピタン
ぴたー,0,0,0,副詞,一般,*,*,*,*,ぴたー,ピター,ピター
ぴって,0,0,0,副詞,一般,*,*,*,*,ぴって,ピッテ,ピッテ
ぴっと,0,0,0,副詞,一般,*,*,*,*,ぴっと,ピット,ピット
ぴっぴ,0,0,0,副詞,一般,*,*,*,*,ぴっぴ,ピッピ,ピッピ
ぴぴっ,0,0,0,副詞,一般,*,*,*,*,ぴぴっ,ピピッ,ピピッ
ぴぴん,0,0,0,副詞,一般,*,*,*,*,ぴぴん,ピピン,ピピン
ぴぴー,0,0,0,副詞,一般,*,*,*,*,ぴぴー,ピピー,ピピー
ぴゃっ,0,0,0,副詞,一般,*,*,*,*,ぴゃっ,ピャッ,ピャッ
ぴゃん,0,0,0,副詞,一般,*,*,*,*,ぴゃん,ピャン,ピャン
ぴゃー,0,0,0,副詞,一般,*,*,*,*,ぴゃー,ピャー,ピャー
ぴやっ,0,0,0,副詞,一般,*,*,*,*,ぴやっ,ピヤッ,ピヤッ
ぴやん,0,0,0,副詞,一般,*,*,*,*,ぴやん,ピヤン,ピヤン
ぴやー,0,0,0,副詞,一般,*,*,*,*,ぴやー,ピヤー,ピヤー
ぴゅっ,0,0,0,副詞,一般,*,*,*,*,ぴゅっ,ピュッ,ピュッ
ぴゅん,0,0,0,副詞,一般,*,*,*,*,ぴゅん,ピュン,ピュン
ぴゅー,0,0,0,副詞,一般,*,*,*,*,ぴゅー,ピュー,ピュー
ぴーん,0,0,0,副詞,一般,*,*,*,*,ぴーん,ピーン,ピーン
ふって,0,0,0,副詞,一般,*,*,*,*,ふって,フッテ,フッテ
ふっと,0,0,0,副詞,一般,*,*,*,*,ふっと,フット,フット
ふっふ,0,0,0,副詞,一般,*,*,*,*,ふっふ,フッフ,フッフ
ふわっ,0,0,0,副詞,一般,*,*,*,*,ふわっ,フワッ,フワッ
ふわん,0,0,0,副詞,一般,*,*,*,*,ふわん,フワン,フワン
ふわー,0,0,0,副詞,一般,*,*,*,*,ふわー,フワー,フワー
ふーん,0,0,0,副詞,一般,*,*,*,*,ふーん,フーン,フーン
ぶぅん,0,0,0,副詞,一般,*,*,*,*,ぶぅん,ブゥン,ブゥン
ぶちっ,0,0,0,副詞,一般,*,*,*,*,ぶちっ,ブチッ,ブチッ
ぶちん,0,0,0,副詞,一般,*,*,*,*,ぶちん,ブチン,ブチン
ぶちー,0,0,0,副詞,一般,*,*,*,*,ぶちー,ブチー,ブチー
ぶって,0,0,0,副詞,一般,*,*,*,*,ぶって,ブッテ,ブッテ
ぶっと,0,0,0,副詞,一般,*,*,*,*,ぶっと,ブット,ブット
ぶっぶ,0,0,0,副詞,一般,*,*,*,*,ぶっぶ,ブッブ,ブッブ
ぶわっ,0,0,0,副詞,一般,*,*,*,*,ぶわっ,ブワッ,ブワッ
ぶわん,0,0,0,副詞,一般,*,*,*,*,ぶわん,ブワン,ブワン
ぶわー,0,0,0,副詞,一般,*,*,*,*,ぶわー,ブワー,ブワー
ぶーん,0,0,0,副詞,一般,*,*,*,*,ぶーん,ブーン,ブーン
ぷちっ,0,0,0,副詞,一般,*,*,*,*,ぷちっ,プチッ,プチッ
ぷちん,0,0,0,副詞,一般,*,*,*,*,ぷちん,プチン,プチン
ぷちー,0,0,0,副詞,一般,*,*,*,*,ぷちー,プチー,プチー
ぷって,0,0,0,副詞,一般,*,*,*,*,ぷって,プッテ,プッテ
ぷっと,0,0,0,副詞,一般,*,*,*,*,ぷっと,プット,プット
ぷっぷ,0,0,0,副詞,一般,*,*,*,*,ぷっぷ,プップ,プップ
ぷらっ,0,0,0,副詞,一般,*,*,*,*,ぷらっ,プラッ,プラッ
ぷらん,0,0,0,副詞,一般,*,*,*,*,ぷらん,プラン,プラン
ぷらー,0,0,0,副詞,一般,*,*,*,*,ぷらー,プラー,プラー
ぷーん,0,0,0,副詞,一般,*,*,*,*,ぷーん,プーン,プーン
へこっ,0,0,0,副詞,一般,*,*,*,*,へこっ,ヘコッ,ヘコッ
へこー,0,0,0,副詞,一般,*,*,*,*,へこー,ヘコー,ヘコー
へって,0,0,0,副詞,一般,*,*,*,*,へって,ヘッテ,ヘッテ
へっと,0,0,0,副詞,一般,*,*,*,*,へっと,ヘット,ヘット
へっへ,0,0,0,副詞,一般,*,*,*,*,へっへ,ヘッヘ,ヘッヘ
べたっ,0,0,0,副詞,一般,*,*,*,*,べたっ,ベタッ,ベタッ
べたん,0,0,0,副詞,一般,*,*,*,*,べたん,ベタン,ベタン
べたー,0,0,0,副詞,一般,*,*,*,*,べたー,ベター,ベター
べって,0,0,0,副詞,一般,*,*,*,*,べって,ベッテ,ベッテ
べっと,0,0,0,副詞,一般,*,*,*,*,べっと,ベット,ベット
べっべ,0,0,0,副詞,一般,*,*,*,*,べっべ,ベッベ,ベッベ
べーん,0,0,0,副詞,一般,*,*,*,*,べーん,ベーン,ベーン
ぺたん,0,0,0,副詞,一般,*,*,*,*,ぺたん,ペタン,ペタン
ぺたー,0,0,0,副詞,一般,*,*,*,*,ぺたー,ペター,ペター
ぺちゃ,0,0,0,副詞,一般,*,*,*,*,ぺちゃ,ペチャ,ペチャ
ぺって,0,0,0,副詞,一般,*,*,*,*,ぺって,ペッテ,ペッテ
ぺっと,0,0,0,副詞,一般,*,*,*,*,ぺっと,ペット,ペット
ぺっぺ,0,0,0,副詞,一般,*,*,*,*,ぺっぺ,ペッペ,ペッペ
ぺーん,0,0,0,副詞,一般,*,*,*,*,ぺーん,ペーン,ペーン
ほいっ,0,0,0,副詞,一般,*,*,*,*,ほいっ,ホイッ,ホイッ
ほいん,0,0,0,副詞,一般,*,*,*,*,ほいん,ホイン,ホイン
ほいー,0,0,0,副詞,一般,*,*,*,*,ほいー,ホイー,ホイー
ほっと,0,0,0,副詞,一般,*,*,*,*,ほっと,ホット,ホット
ほっほ,0,0,0,副詞,一般,*,*,*,*,ほっほ,ホッホ,ホッホ
ほーん,0,0,0,副詞,一般,*,*,*,*,ほーん,ホーン,ホーン
ぼきっ,0,0,0,副詞,一般,*,*,*,*,ぼきっ,ボキッ,ボキッ
ぼきん,0,0,0,副詞,一般,*,*,*,*,ぼきん,ボキン,ボキン
ぼきー,0,0,0,副詞,一般,*,*,*,*,ぼきー,ボキー,ボキー
ぼって,0,0,0,副詞,一般,*,*,*,*,ぼって,ボッテ,ボッテ
ぼっと,0,0,0,副詞,一般,*,*,*,*,ぼっと,ボット,ボット
ぼっぼ,0,0,0,副詞,一般,*,*,*,*,ぼっぼ,ボッボ,ボッボ
ぼんっ,0,0,0,副詞,一般,*,*,*,*,ぼんっ,ボンッ,ボンッ
ぼんん,0,0,0,副詞,一般,*,*,*,*,ぼんん,ボンン,ボンン
ぼんー,0,0,0,副詞,一般,*,*,*,*,ぼんー,ボンー,ボンー
ぼーん,0,0,0,副詞,一般,*,*,*,*,ぼーん,ボーン,ボーン
ぽこっ,0,0,0,副詞,一般,*,*,*,*,ぽこっ,ポコッ,ポコッ
ぽこー,0,0,0,副詞,一般,*,*,*,*,ぽこー,ポコー,ポコー
ぽちゃ,0,0,0,副詞,一般,*,*,*,*,ぽちゃ,ポチャ,ポチャ
ぽって,0,0,0,副詞,一般,*,*,*,*,ぽって,ポッテ,ポッテ
ぽっと,0,0,0,副詞,一般,*,*,*,*,ぽっと,ポット,ポット
ぽっぽ,0,0,0,副詞,一般,*,*,*,*,ぽっぽ,ポッポ,ポッポ
ぽつっ,0,0,0,副詞,一般,*,*,*,*,ぽつっ,ポツッ,ポツッ
ぽつん,0,0,0,副詞,一般,*,*,*,*,ぽつん,ポツン,ポツン
ぽつー,0,0,0,副詞,一般,*,*,*,*,ぽつー,ポツー,ポツー
ぽよっ,0,0,0,副詞,一般,*,*,*,*,ぽよっ,ポヨッ,ポヨッ
ぽよん,0,0,0,副詞,一般,*,*,*,*,ぽよん,ポヨン,ポヨン
ぽよー,0,0,0,副詞,一般,*,*,*,*,ぽよー,ポヨー,ポヨー
ぽんっ,0,0,0,副詞,一般,*,*,*,*,ぽんっ,ポンッ,ポンッ
ぽんん,0,0,0,副詞,一般,*,*,*,*,ぽんん,ポンン,ポンン
ぽんー,0,0,0,副詞,一般,*,*,*,*,ぽんー,ポンー,ポンー
ぽーん,0,0,0,副詞,一般,*,*,*,*,ぽーん,ポーン,ポーン
むっと,0,0,0,副詞,一般,*,*,*,*,むっと,ムット,ムット
むーん,0,0,0,副詞,一般,*,*,*,*,むーん,ムーン,ムーン
よっと,0,0,0,副詞,一般,*,*,*,*,よっと,ヨット,ヨット
わっと,0,0,0,副詞,一般,*,*,*,*,わっと,ワット,ワット
わーん,0,0,0,副詞,一般,*,*,*,*,わーん,ワーン,ワーン
からん,0,0,0,副詞,一般,*,*,*,*,からん,カラン,カラン
きって,0,0,0,副詞,一般,*,*,*,*,きって,キッテ,キッテ
ぎゅん,0,0,0,副詞,一般,*,*,*,*,ぎゅん,ギュン,ギュン
くって,0,0,0,副詞,一般,*,*,*,*,くって,クッテ,クッテ
さって,0,0,0,副詞,一般,*,*,*,*,さって,サッテ,サッテ
じって,0,0,0,副詞,一般,*,*,*,*,じって,ジッテ,ジッテ
ほって,0,0,0,副詞,一般,*,*,*,*,ほって,ホッテ,ホッテ
どかっ,0,0,0,副詞,一般,*,*,*,*,どかっ,ドカッ,ドカッ
むって,0,0,0,副詞,一般,*,*,*,*,むって,ムッテ,ムッテ
くるっ,0,0,0,副詞,一般,*,*,*,*,くるっ,クルッ,クルッ
すこん,0,0,0,副詞,一般,*,*,*,*,すこん,スコン,スコン
すって,0,0,0,副詞,一般,*,*,*,*,すって,スッテ,スッテ
ぶわー,0,0,0,副詞,一般,*,*,*,*,ぶわー,ブワー,ブワー
ぎゃー,0,0,0,副詞,一般,*,*,*,*,ぎゃー,ギャー,ギャー
からっ,0,0,0,副詞,一般,*,*,*,*,からっ,カラッ,カラッ
ごろん,0,0,0,副詞,一般,*,*,*,*,ごろん,ゴロン,ゴロン
ないし,0,0,0,副詞,一般,*,*,*,*,ないし,ナイシ,ナイシ
わって,0,0,0,副詞,一般,*,*,*,*,わって,ワッテ,ワッテ
がっと,0,0,0,副詞,一般,*,*,*,*,がっと,ガット,ガット
ぐるっ,0,0,0,副詞,一般,*,*,*,*,ぐるっ,グルッ,グルッ
ぐわっ,0,0,0,副詞,一般,*,*,*,*,ぐわっ,グワッ,グワッ
どって,0,0,0,副詞,一般,*,*,*,*,どって,ドッテ,ドッテ
ばって,0,0,0,副詞,一般,*,*,*,*,ばって,バッテ,バッテ
うって,0,0,0,副詞,一般,*,*,*,*,うって,ウッテ,ウッテ
ぱって,0,0,0,副詞,一般,*,*,*,*,ぱって,パッテ,パッテ
かって,0,0,0,副詞,一般,*,*,*,*,かって,カッテ,カッテ
からん,0,0,0,副詞,一般,*,*,*,*,からん,カラン,カラン
くるん,0,0,0,副詞,一般,*,*,*,*,くるん,クルン,クルン
ぺたっ,0,0,0,副詞,一般,*,*,*,*,ぺたっ,ペタッ,ペタッ
うっと,0,0,0,副詞,一般,*,*,*,*,うっと,ウット,ウット
だって,0,0,0,副詞,一般,*,*,*,*,だって,ダッテ,ダッテ
はって,0,0,0,副詞,一般,*,*,*,*,はって,ハッテ,ハッテ
うわー,0,0,0,副詞,一般,*,*,*,*,うわー,ウワー,ウワー
おって,0,0,0,副詞,一般,*,*,*,*,おって,オッテ,オッテ
あって,0,0,0,副詞,一般,*,*,*,*,あって,アッテ,アッテ
いらん,0,0,0,副詞,一般,*,*,*,*,いらん,イラン,イラン
ぽつん,0,0,0,副詞,一般,*,*,*,*,ぽつん,ポツン,ポツン
ふーん,0,0,0,副詞,一般,*,*,*,*,ふーん,フーン,フーン
えっと,0,0,0,副詞,一般,*,*,*,*,えっと,エット,エット
うーん,0,0,0,副詞,一般,*,*,*,*,うーん,ウーン,ウーン
うーん,0,0,0,副詞,一般,*,*,*,*,うーん,ウーン,ウーン
ブワーン,0,0,0,副詞,一般,*,*,*,*,ブワーン,ブワーン,ブワーン
イラーン,0,0,0,副詞,一般,*,*,*,*,イラーン,イラーン,イラーン
ウワウワ,0,0,0,副詞,一般,*,*,*,*,ウワウワ,ウワウワ,ウワウワ
ウワーン,0,0,0,副詞,一般,*,*,*,*,ウワーン,ウワーン,ウワーン
カターン,0,0,0,副詞,一般,*,*,*,*,カターン,カターン,カターン
カチャン,0,0,0,副詞,一般,*,*,*,*,カチャン,カチャン,カチャン
カチャー,0,0,0,副詞,一般,*,*,*,*,カチャー,カチャー,カチャー
カチーン,0,0,0,副詞,一般,*,*,*,*,カチーン,カチーン,カチーン
カラーン,0,0,0,副詞,一般,*,*,*,*,カラーン,カラーン,カラーン
ガクーン,0,0,0,副詞,一般,*,*,*,*,ガクーン,ガクーン,ガクーン
ガシャン,0,0,0,副詞,一般,*,*,*,*,ガシャン,ガシャン,ガシャン
ガシャー,0,0,0,副詞,一般,*,*,*,*,ガシャー,ガシャー,ガシャー
ガツーン,0,0,0,副詞,一般,*,*,*,*,ガツーン,ガツーン,ガツーン
ガラーン,0,0,0,副詞,一般,*,*,*,*,ガラーン,ガラーン,ガラーン
キャキャ,0,0,0,副詞,一般,*,*,*,*,キャキャ,キャキャ,キャキャ
キャーン,0,0,0,副詞,一般,*,*,*,*,キャーン,キャーン,キャーン
キューン,0,0,0,副詞,一般,*,*,*,*,キューン,キューン,キューン
キラキラ,0,0,0,副詞,一般,*,*,*,*,キラキラ,キラキラ,キラキラ
ギャーン,0,0,0,副詞,一般,*,*,*,*,ギャーン,ギャーン,ギャーン
ギューン,0,0,0,副詞,一般,*,*,*,*,ギューン,ギューン,ギューン
クルーン,0,0,0,副詞,一般,*,*,*,*,クルーン,クルーン,クルーン
グルーン,0,0,0,副詞,一般,*,*,*,*,グルーン,グルーン,グルーン
グワグワ,0,0,0,副詞,一般,*,*,*,*,グワグワ,グワグワ,グワグワ
グワーン,0,0,0,副詞,一般,*,*,*,*,グワーン,グワーン,グワーン
ケローン,0,0,0,副詞,一般,*,*,*,*,ケローン,ケローン,ケローン
コソーン,0,0,0,副詞,一般,*,*,*,*,コソーン,コソーン,コソーン
コローン,0,0,0,副詞,一般,*,*,*,*,コローン,コローン,コローン
ゴジャー,0,0,0,副詞,一般,*,*,*,*,ゴジャー,ゴジャー,ゴジャー
ゴローン,0,0,0,副詞,一般,*,*,*,*,ゴローン,ゴローン,ゴローン
ササーン,0,0,0,副詞,一般,*,*,*,*,ササーン,ササーン,ササーン
サッサッ,0,0,0,副詞,一般,*,*,*,*,サッサッ,サッサッ,サッサッ
サラサラ,0,0,0,副詞,一般,*,*,*,*,サラサラ,サラサラ,サラサラ
ザバーン,0,0,0,副詞,一般,*,*,*,*,ザバーン,ザバーン,ザバーン
シャシャ,0,0,0,副詞,一般,*,*,*,*,シャシャ,シャシャ,シャシャ
シャーン,0,0,0,副詞,一般,*,*,*,*,シャーン,シャーン,シャーン
シューン,0,0,0,副詞,一般,*,*,*,*,シューン,シューン,シューン
スコーン,0,0,0,副詞,一般,*,*,*,*,スコーン,スコーン,スコーン
スパーン,0,0,0,副詞,一般,*,*,*,*,スパーン,スパーン,スパーン
スラーン,0,0,0,副詞,一般,*,*,*,*,スラーン,スラーン,スラーン
ズテーン,0,0,0,副詞,一般,*,*,*,*,ズテーン,ズテーン,ズテーン
ズボーン,0,0,0,副詞,一般,*,*,*,*,ズボーン,ズボーン,ズボーン
ズラーン,0,0,0,副詞,一般,*,*,*,*,ズラーン,ズラーン,ズラーン
ダラーン,0,0,0,副詞,一般,*,*,*,*,ダラーン,ダラーン,ダラーン
チュチュ,0,0,0,副詞,一般,*,*,*,*,チュチュ,チュチュ,チュチュ
チョキン,0,0,0,副詞,一般,*,*,*,*,チョキン,チョキン,チョキン
チョロン,0,0,0,副詞,一般,*,*,*,*,チョロン,チョロン,チョロン
チョロー,0,0,0,副詞,一般,*,*,*,*,チョロー,チョロー,チョロー
チョンン,0,0,0,副詞,一般,*,*,*,*,チョンン,チョンン,チョンン
チョンー,0,0,0,副詞,一般,*,*,*,*,チョンー,チョンー,チョンー
チラーン,0,0,0,副詞,一般,*,*,*,*,チラーン,チラーン,チラーン
ツルーン,0,0,0,副詞,一般,*,*,*,*,ツルーン,ツルーン,ツルーン
トローン,0,0,0,副詞,一般,*,*,*,*,トローン,トローン,トローン
トンーン,0,0,0,副詞,一般,*,*,*,*,トンーン,トンーン,トンーン
ドカーン,0,0,0,副詞,一般,*,*,*,*,ドカーン,ドカーン,ドカーン
ドサーン,0,0,0,副詞,一般,*,*,*,*,ドサーン,ドサーン,ドサーン
ドシーン,0,0,0,副詞,一般,*,*,*,*,ドシーン,ドシーン,ドシーン
ドワーン,0,0,0,副詞,一般,*,*,*,*,ドワーン,ドワーン,ドワーン
ニコーン,0,0,0,副詞,一般,*,*,*,*,ニコーン,ニコーン,ニコーン
ニュルン,0,0,0,副詞,一般,*,*,*,*,ニュルン,ニュルン,ニュルン
ニュルー,0,0,0,副詞,一般,*,*,*,*,ニュルー,ニュルー,ニュルー
ハッハッ,0,0,0,副詞,一般,*,*,*,*,ハッハッ,ハッハッ,ハッハッ
バキーン,0,0,0,副詞,一般,*,*,*,*,バキーン,バキーン,バキーン
バシャン,0,0,0,副詞,一般,*,*,*,*,バシャン,バシャン,バシャン
バシャー,0,0,0,副詞,一般,*,*,*,*,バシャー,バシャー,バシャー
バシーン,0,0,0,副詞,一般,*,*,*,*,バシーン,バシーン,バシーン
バチーン,0,0,0,副詞,一般,*,*,*,*,バチーン,バチーン,バチーン
バッバッ,0,0,0,副詞,一般,*,*,*,*,バッバッ,バッバッ,バッバッ
パカーン,0,0,0,副詞,一般,*,*,*,*,パカーン,パカーン,パカーン
パッパッ,0,0,0,副詞,一般,*,*,*,*,パッパッ,パッパッ,パッパッ
パパーン,0,0,0,副詞,一般,*,*,*,*,パパーン,パパーン,パパーン
パリーン,0,0,0,副詞,一般,*,*,*,*,パリーン,パリーン,パリーン
パーパー,0,0,0,副詞,一般,*,*,*,*,パーパー,パーパー,パーパー
ヒエーン,0,0,0,副詞,一般,*,*,*,*,ヒエーン,ヒエーン,ヒエーン
ヒッヒッ,0,0,0,副詞,一般,*,*,*,*,ヒッヒッ,ヒッヒッ,ヒッヒッ
ヒャヒャ,0,0,0,副詞,一般,*,*,*,*,ヒャヒャ,ヒャヒャ,ヒャヒャ
ヒャーン,0,0,0,副詞,一般,*,*,*,*,ヒャーン,ヒャーン,ヒャーン
ヒヤーン,0,0,0,副詞,一般,*,*,*,*,ヒヤーン,ヒヤーン,ヒヤーン
ヒューン,0,0,0,副詞,一般,*,*,*,*,ヒューン,ヒューン,ヒューン
ヒョロン,0,0,0,副詞,一般,*,*,*,*,ヒョロン,ヒョロン,ヒョロン
ヒョロー,0,0,0,副詞,一般,*,*,*,*,ヒョロー,ヒョロー,ヒョロー
ビシーン,0,0,0,副詞,一般,*,*,*,*,ビシーン,ビシーン,ビシーン
ビッビッ,0,0,0,副詞,一般,*,*,*,*,ビッビッ,ビッビッ,ビッビッ
ビャビャ,0,0,0,副詞,一般,*,*,*,*,ビャビャ,ビャビャ,ビャビャ
ビャーン,0,0,0,副詞,一般,*,*,*,*,ビャーン,ビャーン,ビャーン
ビュビュ,0,0,0,副詞,一般,*,*,*,*,ビュビュ,ビュビュ,ビュビュ
ビューン,0,0,0,副詞,一般,*,*,*,*,ビューン,ビューン,ビューン
ピシーン,0,0,0,副詞,一般,*,*,*,*,ピシーン,ピシーン,ピシーン
ピターン,0,0,0,副詞,一般,*,*,*,*,ピターン,ピターン,ピターン
ピッピッ,0,0,0,副詞,一般,*,*,*,*,ピッピッ,ピッピッ,ピッピッ
ピピーン,0,0,0,副詞,一般,*,*,*,*,ピピーン,ピピーン,ピピーン
ピャーン,0,0,0,副詞,一般,*,*,*,*,ピャーン,ピャーン,ピャーン
ピヤーン,0,0,0,副詞,一般,*,*,*,*,ピヤーン,ピヤーン,ピヤーン
ピューン,0,0,0,副詞,一般,*,*,*,*,ピューン,ピューン,ピューン
フィフィ,0,0,0,副詞,一般,*,*,*,*,フィフィ,フィフィ,フィフィ
フッフッ,0,0,0,副詞,一般,*,*,*,*,フッフッ,フッフッ,フッフッ
フワーン,0,0,0,副詞,一般,*,*,*,*,フワーン,フワーン,フワーン
ブチーン,0,0,0,副詞,一般,*,*,*,*,ブチーン,ブチーン,ブチーン
ブッブッ,0,0,0,副詞,一般,*,*,*,*,ブッブッ,ブッブッ,ブッブッ
ブワーン,0,0,0,副詞,一般,*,*,*,*,ブワーン,ブワーン,ブワーン
プアプア,0,0,0,副詞,一般,*,*,*,*,プアプア,プアプア,プアプア
プシュー,0,0,0,副詞,一般,*,*,*,*,プシュー,プシュー,プシュー
プチプチ,0,0,0,副詞,一般,*,*,*,*,プチプチ,プチプチ,プチプチ
プチーン,0,0,0,副詞,一般,*,*,*,*,プチーン,プチーン,プチーン
プップッ,0,0,0,副詞,一般,*,*,*,*,プップッ,プップッ,プップッ
プップー,0,0,0,副詞,一般,*,*,*,*,プップー,プップー,プップー
プラーン,0,0,0,副詞,一般,*,*,*,*,プラーン,プラーン,プラーン
ヘコヘコ,0,0,0,副詞,一般,*,*,*,*,ヘコヘコ,ヘコヘコ,ヘコヘコ
ヘッヘッ,0,0,0,副詞,一般,*,*,*,*,ヘッヘッ,ヘッヘッ,ヘッヘッ
ベターン,0,0,0,副詞,一般,*,*,*,*,ベターン,ベターン,ベターン
ベチーン,0,0,0,副詞,一般,*,*,*,*,ベチーン,ベチーン,ベチーン
ベッベッ,0,0,0,副詞,一般,*,*,*,*,ベッベッ,ベッベッ,ベッベッ
ペターン,0,0,0,副詞,一般,*,*,*,*,ペターン,ペターン,ペターン
ペッペッ,0,0,0,副詞,一般,*,*,*,*,ペッペッ,ペッペッ,ペッペッ
ホイーン,0,0,0,副詞,一般,*,*,*,*,ホイーン,ホイーン,ホイーン
ホッホッ,0,0,0,副詞,一般,*,*,*,*,ホッホッ,ホッホッ,ホッホッ
ボキーン,0,0,0,副詞,一般,*,*,*,*,ボキーン,ボキーン,ボキーン
ボットン,0,0,0,副詞,一般,*,*,*,*,ボットン,ボットン,ボットン
ボッボッ,0,0,0,副詞,一般,*,*,*,*,ボッボッ,ボッボッ,ボッボッ
ボンーン,0,0,0,副詞,一般,*,*,*,*,ボンーン,ボンーン,ボンーン
ボーンｯ,0,0,0,副詞,一般,*,*,*,*,ボーンｯ,ボーンｯ,ボーンｯ
ポコポコ,0,0,0,副詞,一般,*,*,*,*,ポコポコ,ポコポコ,ポコポコ
ポチャン,0,0,0,副詞,一般,*,*,*,*,ポチャン,ポチャン,ポチャン
ポチャー,0,0,0,副詞,一般,*,*,*,*,ポチャー,ポチャー,ポチャー
ポチョン,0,0,0,副詞,一般,*,*,*,*,ポチョン,ポチョン,ポチョン
ポッポッ,0,0,0,副詞,一般,*,*,*,*,ポッポッ,ポッポッ,ポッポッ
ポツーン,0,0,0,副詞,一般,*,*,*,*,ポツーン,ポツーン,ポツーン
ポヨーン,0,0,0,副詞,一般,*,*,*,*,ポヨーン,ポヨーン,ポヨーン
ポンーン,0,0,0,副詞,一般,*,*,*,*,ポンーン,ポンーン,ポンーン
カチャン,0,0,0,副詞,一般,*,*,*,*,カチャン,カチャン,カチャンッと
ガシャン,0,0,0,副詞,一般,*,*,*,*,ガシャン,ガシャン,ガシャンッと
チョロン,0,0,0,副詞,一般,*,*,*,*,チョロン,チョロン,チョロンッと
チョンン,0,0,0,副詞,一般,*,*,*,*,チョンン,チョンン,チョンンッと
ニュルン,0,0,0,副詞,一般,*,*,*,*,ニュルン,ニュルン,ニュルンッと
バシャン,0,0,0,副詞,一般,*,*,*,*,バシャン,バシャン,バシャンッと
ヒョロン,0,0,0,副詞,一般,*,*,*,*,ヒョロン,ヒョロン,ヒョロンッと
ポチャン,0,0,0,副詞,一般,*,*,*,*,ポチャン,ポチャン,ポチャンッと
ブワーン,0,0,0,副詞,一般,*,*,*,*,ブワーン,ブワーン,ブワーン
ぶわーん,0,0,0,副詞,一般,*,*,*,*,ぶわーん,ブワーン,ブワーン
いらーん,0,0,0,副詞,一般,*,*,*,*,いらーん,イラーン,イラーン
ういうい,0,0,0,副詞,一般,*,*,*,*,ういうい,ウイウイ,ウイウイ
うわうわ,0,0,0,副詞,一般,*,*,*,*,うわうわ,ウワウワ,ウワウワ
うわーん,0,0,0,副詞,一般,*,*,*,*,うわーん,ウワーン,ウワーン
かちゃっ,0,0,0,副詞,一般,*,*,*,*,かちゃっ,カチャッ,カチャッ
かちゃん,0,0,0,副詞,一般,*,*,*,*,かちゃん,カチャン,カチャン
かちゃー,0,0,0,副詞,一般,*,*,*,*,かちゃー,カチャー,カチャー
かちーん,0,0,0,副詞,一般,*,*,*,*,かちーん,カチーン,カチーン
からーん,0,0,0,副詞,一般,*,*,*,*,からーん,カラーン,カラーン
がくーん,0,0,0,副詞,一般,*,*,*,*,がくーん,ガクーン,ガクーン
がしゃっ,0,0,0,副詞,一般,*,*,*,*,がしゃっ,ガシャッ,ガシャッ
がしゃん,0,0,0,副詞,一般,*,*,*,*,がしゃん,ガシャン,ガシャン
がしゃー,0,0,0,副詞,一般,*,*,*,*,がしゃー,ガシャー,ガシャー
がつーん,0,0,0,副詞,一般,*,*,*,*,がつーん,ガツーン,ガツーン
がらーん,0,0,0,副詞,一般,*,*,*,*,がらーん,ガラーン,ガラーン
きゃきゃ,0,0,0,副詞,一般,*,*,*,*,きゃきゃ,キャキャ,キャキャ
きゃーん,0,0,0,副詞,一般,*,*,*,*,きゃーん,キャーン,キャーン
きゅーん,0,0,0,副詞,一般,*,*,*,*,きゅーん,キューン,キューン
きらきら,0,0,0,副詞,一般,*,*,*,*,きらきら,キラキラ,キラキラ
ぎゃーん,0,0,0,副詞,一般,*,*,*,*,ぎゃーん,ギャーン,ギャーン
ぎゅーん,0,0,0,副詞,一般,*,*,*,*,ぎゅーん,ギューン,ギューン
くるーん,0,0,0,副詞,一般,*,*,*,*,くるーん,クルーン,クルーン
ぐるーん,0,0,0,副詞,一般,*,*,*,*,ぐるーん,グルーン,グルーン
ぐわぐわ,0,0,0,副詞,一般,*,*,*,*,ぐわぐわ,グワグワ,グワグワ
ぐわーん,0,0,0,副詞,一般,*,*,*,*,ぐわーん,グワーン,グワーン
けろーん,0,0,0,副詞,一般,*,*,*,*,けろーん,ケローン,ケローン
こそーん,0,0,0,副詞,一般,*,*,*,*,こそーん,コソーン,コソーン
こってこ,0,0,0,副詞,一般,*,*,*,*,こってこ,コッテコ,コッテコ
ころーん,0,0,0,副詞,一般,*,*,*,*,ころーん,コローン,コローン
ごじゃっ,0,0,0,副詞,一般,*,*,*,*,ごじゃっ,ゴジャッ,ゴジャッ
ごじゃー,0,0,0,副詞,一般,*,*,*,*,ごじゃー,ゴジャー,ゴジャー
ごろーん,0,0,0,副詞,一般,*,*,*,*,ごろーん,ゴローン,ゴローン
ささーん,0,0,0,副詞,一般,*,*,*,*,ささーん,ササーン,ササーン
さっさっ,0,0,0,副詞,一般,*,*,*,*,さっさっ,サッサッ,サッサッ
さらさら,0,0,0,副詞,一般,*,*,*,*,さらさら,サラサラ,サラサラ
ざばーん,0,0,0,副詞,一般,*,*,*,*,ざばーん,ザバーン,ザバーン
しゃしゃ,0,0,0,副詞,一般,*,*,*,*,しゃしゃ,シャシャ,シャシャ
しゃーん,0,0,0,副詞,一般,*,*,*,*,しゃーん,シャーン,シャーン
しゅーん,0,0,0,副詞,一般,*,*,*,*,しゅーん,シューン,シューン
すこーん,0,0,0,副詞,一般,*,*,*,*,すこーん,スコーン,スコーン
すぱーん,0,0,0,副詞,一般,*,*,*,*,すぱーん,スパーン,スパーン
すらーん,0,0,0,副詞,一般,*,*,*,*,すらーん,スラーン,スラーン
ずてーん,0,0,0,副詞,一般,*,*,*,*,ずてーん,ズテーン,ズテーン
ずらーん,0,0,0,副詞,一般,*,*,*,*,ずらーん,ズラーン,ズラーン
だらーん,0,0,0,副詞,一般,*,*,*,*,だらーん,ダラーン,ダラーン
ちゅちゅ,0,0,0,副詞,一般,*,*,*,*,ちゅちゅ,チュチュ,チュチュ
ちょろっ,0,0,0,副詞,一般,*,*,*,*,ちょろっ,チョロッ,チョロッ
ちょろん,0,0,0,副詞,一般,*,*,*,*,ちょろん,チョロン,チョロン
ちょろー,0,0,0,副詞,一般,*,*,*,*,ちょろー,チョロー,チョロー
ちょんっ,0,0,0,副詞,一般,*,*,*,*,ちょんっ,チョンッ,チョンッ
ちょんん,0,0,0,副詞,一般,*,*,*,*,ちょんん,チョンン,チョンン
ちょんー,0,0,0,副詞,一般,*,*,*,*,ちょんー,チョンー,チョンー
ちらーん,0,0,0,副詞,一般,*,*,*,*,ちらーん,チラーン,チラーン
つるーん,0,0,0,副詞,一般,*,*,*,*,つるーん,ツルーン,ツルーン
とろーん,0,0,0,副詞,一般,*,*,*,*,とろーん,トローン,トローン
とんーん,0,0,0,副詞,一般,*,*,*,*,とんーん,トンーン,トンーン
どかーん,0,0,0,副詞,一般,*,*,*,*,どかーん,ドカーン,ドカーン
どさーん,0,0,0,副詞,一般,*,*,*,*,どさーん,ドサーン,ドサーン
どしーん,0,0,0,副詞,一般,*,*,*,*,どしーん,ドシーン,ドシーン
どわーん,0,0,0,副詞,一般,*,*,*,*,どわーん,ドワーン,ドワーン
にこーん,0,0,0,副詞,一般,*,*,*,*,にこーん,ニコーン,ニコーン
にゅるっ,0,0,0,副詞,一般,*,*,*,*,にゅるっ,ニュルッ,ニュルッ
にゅるん,0,0,0,副詞,一般,*,*,*,*,にゅるん,ニュルン,ニュルン
にゅるー,0,0,0,副詞,一般,*,*,*,*,にゅるー,ニュルー,ニュルー
はっはっ,0,0,0,副詞,一般,*,*,*,*,はっはっ,ハッハッ,ハッハッ
ばきーん,0,0,0,副詞,一般,*,*,*,*,ばきーん,バキーン,バキーン
ばしゃっ,0,0,0,副詞,一般,*,*,*,*,ばしゃっ,バシャッ,バシャッ
ばしゃん,0,0,0,副詞,一般,*,*,*,*,ばしゃん,バシャン,バシャン
ばしゃー,0,0,0,副詞,一般,*,*,*,*,ばしゃー,バシャー,バシャー
ばしーん,0,0,0,副詞,一般,*,*,*,*,ばしーん,バシーン,バシーン
ばっばっ,0,0,0,副詞,一般,*,*,*,*,ばっばっ,バッバッ,バッバッ
ぱかーん,0,0,0,副詞,一般,*,*,*,*,ぱかーん,パカーン,パカーン
ぱっぱっ,0,0,0,副詞,一般,*,*,*,*,ぱっぱっ,パッパッ,パッパッ
ぱぱーん,0,0,0,副詞,一般,*,*,*,*,ぱぱーん,パパーン,パパーン
ぱりーん,0,0,0,副詞,一般,*,*,*,*,ぱりーん,パリーン,パリーン
ひえーん,0,0,0,副詞,一般,*,*,*,*,ひえーん,ヒエーン,ヒエーン
ひっひっ,0,0,0,副詞,一般,*,*,*,*,ひっひっ,ヒッヒッ,ヒッヒッ
ひゃひゃ,0,0,0,副詞,一般,*,*,*,*,ひゃひゃ,ヒャヒャ,ヒャヒャ
ひゃーん,0,0,0,副詞,一般,*,*,*,*,ひゃーん,ヒャーン,ヒャーン
ひやーん,0,0,0,副詞,一般,*,*,*,*,ひやーん,ヒヤーン,ヒヤーン
ひゅーん,0,0,0,副詞,一般,*,*,*,*,ひゅーん,ヒューン,ヒューン
ひょこん,0,0,0,副詞,一般,*,*,*,*,ひょこん,ヒョコン,ヒョコン
ひょろっ,0,0,0,副詞,一般,*,*,*,*,ひょろっ,ヒョロッ,ヒョロッ
ひょろん,0,0,0,副詞,一般,*,*,*,*,ひょろん,ヒョロン,ヒョロン
ひょろー,0,0,0,副詞,一般,*,*,*,*,ひょろー,ヒョロー,ヒョロー
びしーん,0,0,0,副詞,一般,*,*,*,*,びしーん,ビシーン,ビシーン
びっびっ,0,0,0,副詞,一般,*,*,*,*,びっびっ,ビッビッ,ビッビッ
びゃびゃ,0,0,0,副詞,一般,*,*,*,*,びゃびゃ,ビャビャ,ビャビャ
びゃーん,0,0,0,副詞,一般,*,*,*,*,びゃーん,ビャーン,ビャーン
びゅーん,0,0,0,副詞,一般,*,*,*,*,びゅーん,ビューン,ビューン
ぴしーん,0,0,0,副詞,一般,*,*,*,*,ぴしーん,ピシーン,ピシーン
ぴたーん,0,0,0,副詞,一般,*,*,*,*,ぴたーん,ピターン,ピターン
ぴちゃー,0,0,0,副詞,一般,*,*,*,*,ぴちゃー,ピチャー,ピチャー
ぴっぴっ,0,0,0,副詞,一般,*,*,*,*,ぴっぴっ,ピッピッ,ピッピッ
ぴぴーん,0,0,0,副詞,一般,*,*,*,*,ぴぴーん,ピピーン,ピピーン
ぴゃーん,0,0,0,副詞,一般,*,*,*,*,ぴゃーん,ピャーン,ピャーン
ぴやーん,0,0,0,副詞,一般,*,*,*,*,ぴやーん,ピヤーン,ピヤーン
ぴゅーん,0,0,0,副詞,一般,*,*,*,*,ぴゅーん,ピューン,ピューン
ふっふっ,0,0,0,副詞,一般,*,*,*,*,ふっふっ,フッフッ,フッフッ
ふわーん,0,0,0,副詞,一般,*,*,*,*,ふわーん,フワーン,フワーン
ぶちーん,0,0,0,副詞,一般,*,*,*,*,ぶちーん,ブチーン,ブチーン
ぶっぶっ,0,0,0,副詞,一般,*,*,*,*,ぶっぶっ,ブッブッ,ブッブッ
ぶわーん,0,0,0,副詞,一般,*,*,*,*,ぶわーん,ブワーン,ブワーン
ぷちーん,0,0,0,副詞,一般,*,*,*,*,ぷちーん,プチーン,プチーン
ぷっぷっ,0,0,0,副詞,一般,*,*,*,*,ぷっぷっ,プップッ,プップッ
ぷらーん,0,0,0,副詞,一般,*,*,*,*,ぷらーん,プラーン,プラーン
へこへこ,0,0,0,副詞,一般,*,*,*,*,へこへこ,ヘコヘコ,ヘコヘコ
へっへっ,0,0,0,副詞,一般,*,*,*,*,へっへっ,ヘッヘッ,ヘッヘッ
べたーん,0,0,0,副詞,一般,*,*,*,*,べたーん,ベターン,ベターン
べっべっ,0,0,0,副詞,一般,*,*,*,*,べっべっ,ベッベッ,ベッベッ
ぺたーん,0,0,0,副詞,一般,*,*,*,*,ぺたーん,ペターン,ペターン
ぺちゃん,0,0,0,副詞,一般,*,*,*,*,ぺちゃん,ペチャン,ペチャン
ぺっぺっ,0,0,0,副詞,一般,*,*,*,*,ぺっぺっ,ペッペッ,ペッペッ
ほいーん,0,0,0,副詞,一般,*,*,*,*,ほいーん,ホイーン,ホイーン
ほっほっ,0,0,0,副詞,一般,*,*,*,*,ほっほっ,ホッホッ,ホッホッ
ほわわん,0,0,0,副詞,一般,*,*,*,*,ほわわん,ホワワン,ホワワン
ぼきーん,0,0,0,副詞,一般,*,*,*,*,ぼきーん,ボキーン,ボキーン
ぼっとん,0,0,0,副詞,一般,*,*,*,*,ぼっとん,ボットン,ボットン
ぼっぼっ,0,0,0,副詞,一般,*,*,*,*,ぼっぼっ,ボッボッ,ボッボッ
ぼんーん,0,0,0,副詞,一般,*,*,*,*,ぼんーん,ボンーン,ボンーン
ぽこぽこ,0,0,0,副詞,一般,*,*,*,*,ぽこぽこ,ポコポコ,ポコポコ
ぽちゃっ,0,0,0,副詞,一般,*,*,*,*,ぽちゃっ,ポチャッ,ポチャッ
ぽちゃん,0,0,0,副詞,一般,*,*,*,*,ぽちゃん,ポチャン,ポチャン
ぽちゃー,0,0,0,副詞,一般,*,*,*,*,ぽちゃー,ポチャー,ポチャー
ぽっぽっ,0,0,0,副詞,一般,*,*,*,*,ぽっぽっ,ポッポッ,ポッポッ
ぽつーん,0,0,0,副詞,一般,*,*,*,*,ぽつーん,ポツーン,ポツーン
ぽよーん,0,0,0,副詞,一般,*,*,*,*,ぽよーん,ポヨーン,ポヨーン
ぽろーん,0,0,0,副詞,一般,*,*,*,*,ぽろーん,ポローン,ポローン
ぽんーん,0,0,0,副詞,一般,*,*,*,*,ぽんーん,ポンーン,ポンーン
ぶわーん,0,0,0,副詞,一般,*,*,*,*,ぶわーん,ブワーン,ブワーン
ウワウワッ,0,0,0,副詞,一般,*,*,*,*,ウワウワッ,ウワウワッ,ウワウワッ
ウワッウワ,0,0,0,副詞,一般,*,*,*,*,ウワッウワ,ウワッウワ,ウワッウワ
カチャーン,0,0,0,副詞,一般,*,*,*,*,カチャーン,カチャーン,カチャーン
カッチーン,0,0,0,副詞,一般,*,*,*,*,カッチーン,カッチーン,カッチーン
ガシャーン,0,0,0,副詞,一般,*,*,*,*,ガシャーン,ガシャーン,ガシャーン
ガチャーン,0,0,0,副詞,一般,*,*,*,*,ガチャーン,ガチャーン,ガチャーン
キャキャッ,0,0,0,副詞,一般,*,*,*,*,キャキャッ,キャキャッ,キャキャッ
キャッキャ,0,0,0,副詞,一般,*,*,*,*,キャッキャ,キャッキャ,キャッキャ
キョトーン,0,0,0,副詞,一般,*,*,*,*,キョトーン,キョトーン,キョトーン
キラキラッ,0,0,0,副詞,一般,*,*,*,*,キラキラッ,キラキラッ,キラキラッ
キラッキラ,0,0,0,副詞,一般,*,*,*,*,キラッキラ,キラッキラ,キラッキラ
グワグワッ,0,0,0,副詞,一般,*,*,*,*,グワグワッ,グワグワッ,グワグワッ
グワッグワ,0,0,0,副詞,一般,*,*,*,*,グワッグワ,グワッグワ,グワッグワ
サラサラッ,0,0,0,副詞,一般,*,*,*,*,サラサラッ,サラサラッ,サラサラッ
サラッサラ,0,0,0,副詞,一般,*,*,*,*,サラッサラ,サラッサラ,サラッサラ
シャシャン,0,0,0,副詞,一般,*,*,*,*,シャシャン,シャシャン,シャシャン
シャシャー,0,0,0,副詞,一般,*,*,*,*,シャシャー,シャシャー,シャシャー
シュシュー,0,0,0,副詞,一般,*,*,*,*,シュシュー,シュシュー,シュシュー
チュチュッ,0,0,0,副詞,一般,*,*,*,*,チュチュッ,チュチュッ,チュチュッ
チュッチュ,0,0,0,副詞,一般,*,*,*,*,チュッチュ,チュッチュ,チュッチュ
チョローン,0,0,0,副詞,一般,*,*,*,*,チョローン,チョローン,チョローン
チョンーン,0,0,0,副詞,一般,*,*,*,*,チョンーン,チョンーン,チョンーン
ニュルーン,0,0,0,副詞,一般,*,*,*,*,ニュルーン,ニュルーン,ニュルーン
バシャーン,0,0,0,副詞,一般,*,*,*,*,バシャーン,バシャーン,バシャーン
バヒャーン,0,0,0,副詞,一般,*,*,*,*,バヒャーン,バヒャーン,バヒャーン
パンッパン,0,0,0,副詞,一般,*,*,*,*,パンッパン,パンッパン,パンッパン
パーッパー,0,0,0,副詞,一般,*,*,*,*,パーッパー,パーッパー,パーッパー
ヒャッヒャ,0,0,0,副詞,一般,*,*,*,*,ヒャッヒャ,ヒャッヒャ,ヒャッヒャ
ヒャヒャッ,0,0,0,副詞,一般,*,*,*,*,ヒャヒャッ,ヒャヒャッ,ヒャヒャッ
ヒョローン,0,0,0,副詞,一般,*,*,*,*,ヒョローン,ヒョローン,ヒョローン
ビャッビャ,0,0,0,副詞,一般,*,*,*,*,ビャッビャ,ビャッビャ,ビャッビャ
ビャビャッ,0,0,0,副詞,一般,*,*,*,*,ビャビャッ,ビャビャッ,ビャビャッ
ヘコッヘコ,0,0,0,副詞,一般,*,*,*,*,ヘコッヘコ,ヘコッヘコ,ヘコッヘコ
ヘコヘコッ,0,0,0,副詞,一般,*,*,*,*,ヘコヘコッ,ヘコヘコッ,ヘコヘコッ
ボットンン,0,0,0,副詞,一般,*,*,*,*,ボットンン,ボットンン,ボットンン
ボットンー,0,0,0,副詞,一般,*,*,*,*,ボットンー,ボットンー,ボットンー
ポコッポコ,0,0,0,副詞,一般,*,*,*,*,ポコッポコ,ポコッポコ,ポコッポコ
ポコポコッ,0,0,0,副詞,一般,*,*,*,*,ポコポコッ,ポコポコッ,ポコポコッ
ポチャーン,0,0,0,副詞,一般,*,*,*,*,ポチャーン,ポチャーン,ポチャーン
シャシャン,0,0,0,副詞,一般,*,*,*,*,シャシャン,シャシャン,シャシャンッと
ボットンン,0,0,0,副詞,一般,*,*,*,*,ボットンン,ボットンン,ボットンンッと
うわっうわ,0,0,0,副詞,一般,*,*,*,*,うわっうわ,ウワッウワ,ウワッウワ
かちゃーん,0,0,0,副詞,一般,*,*,*,*,かちゃーん,カチャーン,カチャーン
がしゃーん,0,0,0,副詞,一般,*,*,*,*,がしゃーん,ガシャーン,ガシャーン
がっしゃん,0,0,0,副詞,一般,*,*,*,*,がっしゃん,ガッシャン,ガッシャン
きゃっきゃ,0,0,0,副詞,一般,*,*,*,*,きゃっきゃ,キャッキャ,キャッキャ
きょとーん,0,0,0,副詞,一般,*,*,*,*,きょとーん,キョトーン,キョトーン
きらっきら,0,0,0,副詞,一般,*,*,*,*,きらっきら,キラッキラ,キラッキラ
ぐわっぐわ,0,0,0,副詞,一般,*,*,*,*,ぐわっぐわ,グワッグワ,グワッグワ
さらっさら,0,0,0,副詞,一般,*,*,*,*,さらっさら,サラッサラ,サラッサラ
しゃしゃっ,0,0,0,副詞,一般,*,*,*,*,しゃしゃっ,シャシャッ,シャシャッ
しゃしゃん,0,0,0,副詞,一般,*,*,*,*,しゃしゃん,シャシャン,シャシャン
しゃしゃー,0,0,0,副詞,一般,*,*,*,*,しゃしゃー,シャシャー,シャシャー
ちゅっちゅ,0,0,0,副詞,一般,*,*,*,*,ちゅっちゅ,チュッチュ,チュッチュ
ちょろーん,0,0,0,副詞,一般,*,*,*,*,ちょろーん,チョローン,チョローン
ちょんーん,0,0,0,副詞,一般,*,*,*,*,ちょんーん,チョンーン,チョンーン
にゅるーん,0,0,0,副詞,一般,*,*,*,*,にゅるーん,ニュルーン,ニュルーン
ばしゃーん,0,0,0,副詞,一般,*,*,*,*,ばしゃーん,バシャーン,バシャーン
ひゃっひゃ,0,0,0,副詞,一般,*,*,*,*,ひゃっひゃ,ヒャッヒャ,ヒャッヒャ
ひょろーん,0,0,0,副詞,一般,*,*,*,*,ひょろーん,ヒョローン,ヒョローン
びゃっびゃ,0,0,0,副詞,一般,*,*,*,*,びゃっびゃ,ビャッビャ,ビャッビャ
へこっへこ,0,0,0,副詞,一般,*,*,*,*,へこっへこ,ヘコッヘコ,ヘコッヘコ
ぼっとんっ,0,0,0,副詞,一般,*,*,*,*,ぼっとんっ,ボットンッ,ボットンッ
ぼっとんん,0,0,0,副詞,一般,*,*,*,*,ぼっとんん,ボットンン,ボットンン
ぼっとんー,0,0,0,副詞,一般,*,*,*,*,ぼっとんー,ボットンー,ボットンー
ぽこっぽこ,0,0,0,副詞,一般,*,*,*,*,ぽこっぽこ,ポコッポコ,ポコッポコ
ぽちゃーん,0,0,0,副詞,一般,*,*,*,*,ぽちゃーん,ポチャーン,ポチャーン
わっしゃあ,0,0,0,副詞,一般,*,*,*,*,わっしゃあ,ワッシャア,ワッシャア
ウワッウワッ,0,0,0,副詞,一般,*,*,*,*,ウワッウワッ,ウワッウワッ,ウワッウワッ
ガッシャーン,0,0,0,副詞,一般,*,*,*,*,ガッシャーン,ガッシャーン,ガッシャーン
キャッキャッ,0,0,0,副詞,一般,*,*,*,*,キャッキャッ,キャッキャッ,キャッキャッ
キラッキラッ,0,0,0,副詞,一般,*,*,*,*,キラッキラッ,キラッキラッ,キラッキラッ
グルグルグル,0,0,0,副詞,一般,*,*,*,*,グルグルグル,グルグルグル,グルグルグル
グワッグワッ,0,0,0,副詞,一般,*,*,*,*,グワッグワッ,グワッグワッ,グワッグワッ
ゴジャゴジャ,0,0,0,副詞,一般,*,*,*,*,ゴジャゴジャ,ゴジャゴジャ,ゴジャゴジャ
サラッサラッ,0,0,0,副詞,一般,*,*,*,*,サラッサラッ,サラッサラッ,サラッサラッ
シャシャーン,0,0,0,副詞,一般,*,*,*,*,シャシャーン,シャシャーン,シャシャーン
チュッチュッ,0,0,0,副詞,一般,*,*,*,*,チュッチュッ,チュッチュッ,チュッチュッ
ヒャッヒャッ,0,0,0,副詞,一般,*,*,*,*,ヒャッヒャッ,ヒャッヒャッ,ヒャッヒャッ
ヒュヒュヒュ,0,0,0,副詞,一般,*,*,*,*,ヒュヒュヒュ,ヒュヒュヒュ,ヒュヒュヒュ
ビャッビャッ,0,0,0,副詞,一般,*,*,*,*,ビャッビャッ,ビャッビャッ,ビャッビャッ
ヘコッヘコッ,0,0,0,副詞,一般,*,*,*,*,ヘコッヘコッ,ヘコッヘコッ,ヘコッヘコッ
ボットンーン,0,0,0,副詞,一般,*,*,*,*,ボットンーン,ボットンーン,ボットンーン
ポコッポコッ,0,0,0,副詞,一般,*,*,*,*,ポコッポコッ,ポコッポコッ,ポコッポコッ
ポーンポーン,0,0,0,副詞,一般,*,*,*,*,ポーンポーン,ポーンポーン,ポーンポーン
ミュイミュイ,0,0,0,副詞,一般,*,*,*,*,ミュイミュイ,ミュイミュイ,ミュイミュイ
うわっうわっ,0,0,0,副詞,一般,*,*,*,*,うわっうわっ,ウワッウワッ,ウワッウワッ
きゃっきゃっ,0,0,0,副詞,一般,*,*,*,*,きゃっきゃっ,キャッキャッ,キャッキャッ
きらっきらっ,0,0,0,副詞,一般,*,*,*,*,きらっきらっ,キラッキラッ,キラッキラッ
ぐわっぐわっ,0,0,0,副詞,一般,*,*,*,*,ぐわっぐわっ,グワッグワッ,グワッグワッ
ごじゃごじゃ,0,0,0,副詞,一般,*,*,*,*,ごじゃごじゃ,ゴジャゴジャ,ゴジャゴジャ
さらっさらっ,0,0,0,副詞,一般,*,*,*,*,さらっさらっ,サラッサラッ,サラッサラッ
しゃしゃーん,0,0,0,副詞,一般,*,*,*,*,しゃしゃーん,シャシャーン,シャシャーン
ちゅっちゅっ,0,0,0,副詞,一般,*,*,*,*,ちゅっちゅっ,チュッチュッ,チュッチュッ
ちょこちょこ,0,0,0,副詞,一般,*,*,*,*,ちょこちょこ,チョコチョコ,チョコチョコ
ひゃっひゃっ,0,0,0,副詞,一般,*,*,*,*,ひゃっひゃっ,ヒャッヒャッ,ヒャッヒャッ
びゃっびゃっ,0,0,0,副詞,一般,*,*,*,*,びゃっびゃっ,ビャッビャッ,ビャッビャッ
へこっへこっ,0,0,0,副詞,一般,*,*,*,*,へこっへこっ,ヘコッヘコッ,ヘコッヘコッ
ぼっとんーん,0,0,0,副詞,一般,*,*,*,*,ぼっとんーん,ボットンーン,ボットンーン
ぽこっぽこっ,0,0,0,副詞,一般,*,*,*,*,ぽこっぽこっ,ポコッポコッ,ポコッポコッ
ゴジャゴジャッ,0,0,0,副詞,一般,*,*,*,*,ゴジャゴジャッ,ゴジャゴジャッ,ゴジャゴジャッ
ゴジャッゴジャ,0,0,0,副詞,一般,*,*,*,*,ゴジャッゴジャ,ゴジャッゴジャ,ゴジャッゴジャ
プリュプリュー,0,0,0,副詞,一般,*,*,*,*,プリュプリュー,プリュプリュー,プリュプリュー
ごじゃっごじゃ,0,0,0,副詞,一般,*,*,*,*,ごじゃっごじゃ,ゴジャッゴジャ,ゴジャッゴジャ
ゴジャッゴジャッ,0,0,0,副詞,一般,*,*,*,*,ゴジャッゴジャッ,ゴジャッゴジャッ,ゴジャッゴジャッ
ごじゃっごじゃっ,0,0,0,副詞,一般,*,*,*,*,ごじゃっごじゃっ,ゴジャッゴジャッ,ゴジャッゴジャッ
ゴーリゴーリゴーリ,0,0,0,副詞,一般,*,*,*,*,ゴーリゴーリゴーリ,ゴーリゴーリゴーリ,ゴーリゴーリゴーリ
