引き込み,0,0,0,動詞,自立,*,*,五段・マ行,命令k,引き込む,ヒキコミ,ヒキコミ
つけ,0,0,0,動詞,自立,*,*,一段,命令k,つける,ツケ,ツケ
飛び抜け,0,0,0,動詞,自立,*,*,一段,命令k,飛び抜ける,トビヌケ,トビヌケ
書き直せ,0,0,0,動詞,自立,*,*,一段,命令k,書き直せる,カキナオセ,カキナオセ
持て,0,0,0,動詞,自立,*,*,一段,命令k,持てる,モテ,モテ
狙われ,0,0,0,動詞,自立,*,*,一段,命令k,狙われる,ネラワレ,ネラワレ
こし,0,0,0,動詞,自立,*,*,五段・サ行,命令k,こす,コシ,コシ
居い,0,0,0,動詞,自立,*,*,一段,命令k,居る,イイ,イー
満ち,0,0,0,動詞,自立,*,*,五段・タ行,命令k,満つ,ミチ,ミチ
かわれ,0,0,0,動詞,自立,*,*,一段,命令k,かわれる,カワレ,カワレ
そみ,0,0,0,動詞,自立,*,*,五段・マ行,命令k,そむ,ソミ,ソミ
泥み,0,0,0,動詞,自立,*,*,五段・マ行,命令k,泥む,ナズミ,ナズミ
仕出し,0,0,0,動詞,自立,*,*,五段・サ行,命令k,仕出す,シダシ,シダシ
逆らえ,0,0,0,動詞,自立,*,*,一段,命令k,逆らえる,サカラエ,サカラエ
はじけ,0,0,0,動詞,自立,*,*,一段,命令k,はじける,ハジケ,ハジケ
鳴らし,0,0,0,動詞,自立,*,*,五段・サ行,命令k,鳴らす,ナラシ,ナラシ
這い,0,0,0,動詞,自立,*,*,五段・ワ行促音便,命令k,這う,ハイ,ハイ
縫い,0,0,0,動詞,自立,*,*,五段・ワ行促音便,命令k,縫う,ヌイ,ヌイ
触れ合え,0,0,0,動詞,自立,*,*,一段,命令k,触れ合える,フレアエ,フレアエ
すぐし,0,0,0,動詞,自立,*,*,五段・サ行,命令k,すぐす,スグシ,スグシ
乗り継ぎ,0,0,0,動詞,自立,*,*,五段・ガ行,命令k,乗り継ぐ,ノリツギ,ノリツギ
追い打ち,0,0,0,動詞,自立,*,*,五段・タ行,命令k,追い打つ,オイウチ,オイウチ
休まれ,0,0,0,動詞,自立,*,*,一段,命令k,休まれる,ヤスマレ,ヤスマレ
動じ,0,0,0,動詞,自立,*,*,一段,命令k,動じる,ドウジ,ドージ
光らせ,0,0,0,動詞,自立,*,*,一段,命令k,光らせる,ヒカラセ,ヒカラセ
生い立ち,0,0,0,動詞,自立,*,*,五段・タ行,命令k,生い立つ,オイタチ,オイタチ
うろたえ,0,0,0,動詞,自立,*,*,一段,命令k,うろたえる,ウロタエ,ウロタエ
燃え,0,0,0,動詞,自立,*,*,一段,命令k,燃える,モエ,モエ
こぼれおち,0,0,0,動詞,自立,*,*,一段,命令k,こぼれおちる,コボレオチ,コボレオチ
おったて,0,0,0,動詞,自立,*,*,一段,命令k,おったてる,オッタテ,オッタテ
おそい,0,0,0,動詞,自立,*,*,五段・ワ行促音便,命令k,おそう,オソイ,オソイ
しびれ,0,0,0,動詞,自立,*,*,一段,命令k,しびれる,シビレ,シビレ
頼み,0,0,0,動詞,自立,*,*,五段・マ行,命令k,頼む,タノミ,タノミ
はみ出,0,0,0,動詞,自立,*,*,一段,命令k,はみ出る,ハミデ,ハミデ
はぎ,0,0,0,動詞,自立,*,*,五段・ガ行,命令k,はぐ,ハギ,ハギ
みはらし,0,0,0,動詞,自立,*,*,五段・サ行,命令k,みはらす,ミハラシ,ミハラシ
染み,0,0,0,動詞,自立,*,*,五段・マ行,命令k,染む,シミ,シミ
またし,0,0,0,動詞,自立,*,*,五段・サ行,命令k,またす,マタシ,マタシ
しくみ,0,0,0,動詞,自立,*,*,五段・マ行,命令k,しくむ,シクミ,シクミ
受け,0,0,0,動詞,自立,*,*,一段,命令k,受ける,ウケ,ウケ
奏し,0,0,0,動詞,自立,*,*,五段・サ行,命令k,奏す,ソウシ,ソーシ
引き換え,0,0,0,動詞,自立,*,*,一段,命令k,引き換える,ヒキカエ,ヒキカエ
なり,0,0,0,動詞,自立,*,*,五段・ラ行,命令k,なる,ナリ,ナリ
語りかけ,0,0,0,動詞,自立,*,*,一段,命令k,語りかける,カタリカケ,カタリカケ
飼い,0,0,0,動詞,自立,*,*,五段・ワ行促音便,命令k,飼う,カイ,カイ
ほこり,0,0,0,動詞,自立,*,*,五段・ラ行,命令k,ほこる,ホコリ,ホコリ
ぼり,0,0,0,動詞,自立,*,*,五段・ラ行,命令k,ぼる,ボリ,ボリ
せり,0,0,0,動詞,自立,*,*,五段・ラ行,命令k,せる,セリ,セリ
迎え,0,0,0,動詞,自立,*,*,一段,命令k,迎える,ムカエ,ムカエ
取り立て,0,0,0,動詞,自立,*,*,一段,命令k,取り立てる,トリタテ,トリタテ
飛び跳ね,0,0,0,動詞,自立,*,*,一段,命令k,飛び跳ねる,トビハネ,トビハネ
拾い,0,0,0,動詞,自立,*,*,五段・ワ行促音便,命令k,拾う,ヒロイ,ヒロイ
取れ,0,0,0,動詞,自立,*,*,一段,命令k,取れる,トレ,トレ
まわし,0,0,0,動詞,自立,*,*,五段・サ行,命令k,まわす,マワシ,マワシ
くち,0,0,0,動詞,自立,*,*,一段,命令k,くちる,クチ,クチ
きがえ,0,0,0,動詞,自立,*,*,一段,命令k,きがえる,キガエ,キガエ
じれ,0,0,0,動詞,自立,*,*,一段,命令k,じれる,ジレ,ジレ
ふえ,0,0,0,動詞,自立,*,*,一段,命令k,ふえる,フエ,フエ
うかし,0,0,0,動詞,自立,*,*,五段・サ行,命令k,うかす,ウカシ,ウカシ
掛け,0,0,0,動詞,自立,*,*,一段,命令k,掛ける,カケ,カケ
きおい,0,0,0,動詞,自立,*,*,五段・ワ行促音便,命令k,きおう,キオイ,キオイ
直り,0,0,0,動詞,自立,*,*,五段・ラ行,命令k,直る,ナオリ,ナオリ
決め,0,0,0,動詞,自立,*,*,一段,命令k,決める,キメ,キメ
さきで,0,0,0,動詞,自立,*,*,一段,命令k,さきでる,サキデ,サキデ
出会い,0,0,0,動詞,自立,*,*,五段・ワ行促音便,命令k,出会う,デアイ,デアイ
挙げ,0,0,0,動詞,自立,*,*,一段,命令k,挙げる,アゲ,アゲ
減り,0,0,0,動詞,自立,*,*,五段・ラ行,命令k,減る,ヘリ,ヘリ
くっつけ,0,0,0,動詞,自立,*,*,一段,命令k,くっつける,クッツケ,クッツケ
託し,0,0,0,動詞,自立,*,*,五段・サ行,命令k,託す,タクシ,タクシ
向け,0,0,0,動詞,自立,*,*,一段,命令k,向ける,ムケ,ムケ
見初め,0,0,0,動詞,自立,*,*,一段,命令k,見初める,ミソメ,ミソメ
試し,0,0,0,動詞,自立,*,*,五段・サ行,命令k,試す,タメシ,タメシ
裂き,0,0,0,動詞,自立,*,*,五段・カ行イ音便,命令k,裂く,サキ,サキ
そこない,0,0,0,動詞,自立,*,*,五段・ワ行促音便,命令k,そこなう,ソコナイ,ソコナイ
かけ,0,0,0,動詞,自立,*,*,一段,命令k,かける,カケ,カケ
頂け,0,0,0,動詞,自立,*,*,一段,命令k,頂ける,イタダケ,イタダケ
費し,0,0,0,動詞,自立,*,*,五段・サ行,命令k,費す,ツイヤシ,ツイヤシ
吐き,0,0,0,動詞,自立,*,*,五段・カ行イ音便,命令k,吐く,ハキ,ハキ
渡せ,0,0,0,動詞,自立,*,*,一段,命令k,渡せる,ワタセ,ワタセ
そろえ,0,0,0,動詞,自立,*,*,一段,命令k,そろえる,ソロエ,ソロエ
もがき,0,0,0,動詞,自立,*,*,五段・カ行イ音便,命令k,もがく,モガキ,モガキ
座し,0,0,0,動詞,自立,*,*,五段・サ行,命令k,座す,ザシ,ザシ
履き,0,0,0,動詞,自立,*,*,五段・カ行イ音便,命令k,履く,ハキ,ハキ
あらし,0,0,0,動詞,自立,*,*,五段・サ行,命令k,あらす,アラシ,アラシ
いたみ,0,0,0,動詞,自立,*,*,五段・マ行,命令k,いたむ,イタミ,イタミ
きたし,0,0,0,動詞,自立,*,*,五段・サ行,命令k,きたす,キタシ,キタシ
練り,0,0,0,動詞,自立,*,*,五段・ラ行,命令k,練る,ネリ,ネリ
仕掛け,0,0,0,動詞,自立,*,*,一段,命令k,仕掛ける,シカケ,シカケ
はいり,0,0,0,動詞,自立,*,*,五段・ラ行,命令k,はいる,ハイリ,ハイリ
造り,0,0,0,動詞,自立,*,*,五段・ラ行,命令k,造る,ツクリ,ツクリ
乞い,0,0,0,動詞,自立,*,*,五段・ワ行ウ音便,命令k,乞う,コイ,コイ
摘み,0,0,0,動詞,自立,*,*,五段・マ行,命令k,摘む,ツミ,ツミ
作り,0,0,0,動詞,自立,*,*,五段・ラ行,命令k,作る,ツクリ,ツクリ
残れ,0,0,0,動詞,自立,*,*,一段,命令k,残れる,ノコレ,ノコレ
冷め,0,0,0,動詞,自立,*,*,一段,命令k,冷める,サメ,サメ
引け,0,0,0,動詞,自立,*,*,一段,命令k,引ける,ヒケ,ヒケ
もり,0,0,0,動詞,自立,*,*,五段・ラ行,命令k,もる,モリ,モリ
はじめ,0,0,0,動詞,非自立,*,*,一段,命令k,はじめる,ハジメ,ハジメ
ともし,0,0,0,動詞,自立,*,*,五段・サ行,命令k,ともす,トモシ,トモシ
伺い,0,0,0,動詞,自立,*,*,五段・ワ行促音便,命令k,伺う,ウカガイ,ウカガイ
導き,0,0,0,動詞,自立,*,*,五段・カ行イ音便,命令k,導く,ミチビキ,ミチビキ
折り畳み,0,0,0,動詞,自立,*,*,五段・マ行,命令k,折り畳む,オリタタミ,オリタタミ
返し,0,0,0,動詞,自立,*,*,五段・サ行,命令k,返す,カエシ,カエシ
整え,0,0,0,動詞,自立,*,*,一段,命令k,整える,トトノエ,トトノエ
離れ,0,0,0,動詞,自立,*,*,一段,命令k,離れる,ハナレ,ハナレ
差し,0,0,0,動詞,自立,*,*,五段・サ行,命令k,差す,サシ,サシ
まぶし,0,0,0,動詞,自立,*,*,五段・サ行,命令k,まぶす,マブシ,マブシ
ひき,0,0,0,動詞,自立,*,*,五段・カ行イ音便,命令k,ひく,ヒキ,ヒキ
盗み,0,0,0,動詞,自立,*,*,五段・マ行,命令k,盗む,ヌスミ,ヌスミ
挟み,0,0,0,動詞,自立,*,*,五段・マ行,命令k,挟む,ハサミ,ハサミ
挟み,0,0,0,動詞,自立,*,*,五段・マ行,命令k,挟む,サシハサミ,サシハサミ
いじり,0,0,0,動詞,自立,*,*,五段・ラ行,命令k,いじる,イジリ,イジリ
しょい,0,0,0,動詞,自立,*,*,五段・ワ行促音便,命令k,しょう,ショイ,ショイ
こい,0,0,0,動詞,自立,*,*,五段・ワ行ウ音便,命令k,こう,コイ,コイ
苦しめ,0,0,0,動詞,自立,*,*,一段,命令k,苦しめる,クルシメ,クルシメ
すぎ,0,0,0,動詞,非自立,*,*,一段,命令k,すぎる,スギ,スギ
茹で,0,0,0,動詞,自立,*,*,一段,命令k,茹でる,ユデ,ユデ
はこび,0,0,0,動詞,自立,*,*,五段・バ行,命令k,はこぶ,ハコビ,ハコビ
喜び,0,0,0,動詞,自立,*,*,五段・バ行,命令k,喜ぶ,ヨロコビ,ヨロコビ
見かけ,0,0,0,動詞,自立,*,*,一段,命令k,見かける,ミカケ,ミカケ
なやみ,0,0,0,動詞,自立,*,*,五段・マ行,命令k,なやむ,ナヤミ,ナヤミ
ゆずり,0,0,0,動詞,自立,*,*,五段・ラ行,命令k,ゆずる,ユズリ,ユズリ
なかし,0,0,0,動詞,自立,*,*,五段・サ行,命令k,なかす,ナカシ,ナカシ
感じ,0,0,0,動詞,自立,*,*,一段,命令k,感じる,カンジ,カンジ
目覚め,0,0,0,動詞,自立,*,*,一段,命令k,目覚める,メザメ,メザメ
住み慣れ,0,0,0,動詞,自立,*,*,一段,命令k,住み慣れる,スミナレ,スミナレ
歌い,0,0,0,動詞,自立,*,*,五段・ワ行促音便,命令k,歌う,ウタイ,ウタイ
極め,0,0,0,動詞,自立,*,*,一段,命令k,極める,キワメ,キワメ
かね,0,0,0,動詞,自立,*,*,一段,命令k,かねる,カネ,カネ
しつけ,0,0,0,動詞,自立,*,*,一段,命令k,しつける,シツケ,シツケ
とりあい,0,0,0,動詞,自立,*,*,五段・ワ行促音便,命令k,とりあう,トリアイ,トリアイ
ころがり,0,0,0,動詞,自立,*,*,五段・ラ行,命令k,ころがる,コロガリ,コロガリ
伝わり,0,0,0,動詞,自立,*,*,五段・ラ行,命令k,伝わる,ツタワリ,ツタワリ
たがり,0,0,0,動詞,自立,*,*,五段・ラ行,命令k,たがる,タガリ,タガリ
おき,0,0,0,動詞,自立,*,*,五段・カ行イ音便,命令k,おく,オキ,オキ
ねんじ,0,0,0,動詞,自立,*,*,一段,命令k,ねんじる,ネンジ,ネンジ
留め,0,0,0,動詞,自立,*,*,一段,命令k,留める,トメ,トメ
留め,0,0,0,動詞,自立,*,*,一段,命令k,留める,トドメ,トドメ
おもい,0,0,0,動詞,自立,*,*,五段・ワ行ウ音便,命令k,おもう,オモイ,オモイ
遣い,0,0,0,動詞,自立,*,*,五段・ワ行促音便,命令k,遣う,ツカイ,ツカイ
隔て,0,0,0,動詞,自立,*,*,一段,命令k,隔てる,ヘダテ,ヘダテ
歩け,0,0,0,動詞,自立,*,*,一段,命令k,歩ける,アルケ,アルケ
踏め,0,0,0,動詞,自立,*,*,一段,命令k,踏める,フメ,フメ
会わし,0,0,0,動詞,自立,*,*,五段・サ行,命令k,会わす,アワシ,アワシ
舐め,0,0,0,動詞,自立,*,*,一段,命令k,舐める,ナメ,ナメ
さばけ,0,0,0,動詞,自立,*,*,一段,命令k,さばける,サバケ,サバケ
おり,0,0,0,動詞,非自立,*,*,五段・ラ行,命令k,おる,オリ,オリ
見極め,0,0,0,動詞,自立,*,*,一段,命令k,見極める,ミキワメ,ミキワメ
おえ,0,0,0,動詞,自立,*,*,一段,命令k,おえる,オエ,オエ
とりとめ,0,0,0,動詞,自立,*,*,一段,命令k,とりとめる,トリトメ,トリトメ
便じ,0,0,0,動詞,自立,*,*,一段,命令k,便じる,ベンジ,ベンジ
行き過ぎ,0,0,0,動詞,自立,*,*,一段,命令k,行き過ぎる,イキスギ,イキスギ
閉じ込め,0,0,0,動詞,自立,*,*,一段,命令k,閉じ込める,トジコメ,トジコメ
酔いつぶれ,0,0,0,動詞,自立,*,*,一段,命令k,酔いつぶれる,ヨイツブレ,ヨイツブレ
垂れ,0,0,0,動詞,自立,*,*,一段,命令k,垂れる,タレ,タレ
ぶつけ,0,0,0,動詞,自立,*,*,一段,命令k,ぶつける,ブツケ,ブツケ
上げ,0,0,0,動詞,非自立,*,*,一段,命令k,上げる,アゲ,アゲ
回し,0,0,0,動詞,自立,*,*,五段・サ行,命令k,回す,マワシ,マワシ
こなれ,0,0,0,動詞,自立,*,*,一段,命令k,こなれる,コナレ,コナレ
出し,0,0,0,動詞,非自立,*,*,五段・サ行,命令k,出す,ダシ,ダシ
そい,0,0,0,動詞,自立,*,*,五段・ワ行促音便,命令k,そう,ソイ,ソイ
替り,0,0,0,動詞,自立,*,*,五段・ラ行,命令k,替る,カワリ,カワリ
よみ,0,0,0,動詞,自立,*,*,五段・マ行,命令k,よむ,ヨミ,ヨミ
験し,0,0,0,動詞,自立,*,*,五段・サ行,命令k,験す,タメシ,タメシ
まき,0,0,0,動詞,自立,*,*,五段・カ行イ音便,命令k,まく,マキ,マキ
思い浮かべ,0,0,0,動詞,自立,*,*,一段,命令k,思い浮かべる,オモイウカベ,オモイウカベ
作れ,0,0,0,動詞,自立,*,*,一段,命令k,作れる,ツクレ,ツクレ
あいし,0,0,0,動詞,自立,*,*,五段・サ行,命令k,あいす,アイシ,アイシ
貫き,0,0,0,動詞,自立,*,*,五段・カ行イ音便,命令k,貫く,ツラヌキ,ツラヌキ
もうで,0,0,0,動詞,自立,*,*,一段,命令k,もうでる,モウデ,モーデ
しとり,0,0,0,動詞,自立,*,*,五段・ラ行,命令k,しとる,シトリ,シトリ
貸し切り,0,0,0,動詞,自立,*,*,五段・ラ行,命令k,貸し切る,カシキリ,カシキリ
見落とし,0,0,0,動詞,自立,*,*,五段・サ行,命令k,見落とす,ミオトシ,ミオトシ
こころがけ,0,0,0,動詞,自立,*,*,一段,命令k,こころがける,ココロガケ,ココロガケ
飢え,0,0,0,動詞,自立,*,*,一段,命令k,飢える,ウエ,ウエ
打ち切り,0,0,0,動詞,自立,*,*,五段・ラ行,命令k,打ち切る,ウチキリ,ウチキリ
思い,0,0,0,動詞,自立,*,*,五段・ワ行促音便,命令k,思う,オモイ,オモイ
あび,0,0,0,動詞,自立,*,*,一段,命令k,あびる,アビ,アビ
改め,0,0,0,動詞,自立,*,*,一段,命令k,改める,アラタメ,アラタメ
ゆき,0,0,0,動詞,非自立,*,*,五段・カ行促音便ユク,命令k,ゆく,ユキ,ユキ
食え,0,0,0,動詞,自立,*,*,一段,命令k,食える,クエ,クエ
拠り,0,0,0,動詞,自立,*,*,五段・ラ行,命令k,拠る,ヨリ,ヨリ
巡り,0,0,0,動詞,自立,*,*,五段・ラ行,命令k,巡る,メグリ,メグリ
代り,0,0,0,動詞,自立,*,*,五段・ラ行,命令k,代る,カワリ,カワリ
おとし,0,0,0,動詞,自立,*,*,五段・サ行,命令k,おとす,オトシ,オトシ
過し,0,0,0,動詞,自立,*,*,五段・サ行,命令k,過す,スゴシ,スゴシ
科し,0,0,0,動詞,自立,*,*,五段・サ行,命令k,科す,カシ,カシ
まくり,0,0,0,動詞,自立,*,*,五段・ラ行,命令k,まくる,マクリ,マクリ
振り分け,0,0,0,動詞,自立,*,*,一段,命令k,振り分ける,フリワケ,フリワケ
洗え,0,0,0,動詞,自立,*,*,一段,命令k,洗える,アラエ,アラエ
飛び込め,0,0,0,動詞,自立,*,*,一段,命令k,飛び込める,トビコメ,トビコメ
降ろせ,0,0,0,動詞,自立,*,*,一段,命令k,降ろせる,オロセ,オロセ
もうし,0,0,0,動詞,自立,*,*,五段・サ行,命令k,もうす,モウシ,モーシ
死にかけ,0,0,0,動詞,自立,*,*,一段,命令k,死にかける,シニカケ,シニカケ
もとめ,0,0,0,動詞,自立,*,*,一段,命令k,もとめる,モトメ,モトメ
交わし,0,0,0,動詞,自立,*,*,五段・サ行,命令k,交わす,カワシ,カワシ
ぼかし,0,0,0,動詞,自立,*,*,五段・サ行,命令k,ぼかす,ボカシ,ボカシ
通れ,0,0,0,動詞,自立,*,*,一段,命令k,通れる,トオレ,トーレ
歩き,0,0,0,動詞,自立,*,*,五段・カ行イ音便,命令k,歩く,アルキ,アルキ
咲かせ,0,0,0,動詞,自立,*,*,一段,命令k,咲かせる,サカセ,サカセ
きかし,0,0,0,動詞,自立,*,*,五段・サ行,命令k,きかす,キカシ,キカシ
みとれ,0,0,0,動詞,自立,*,*,一段,命令k,みとれる,ミトレ,ミトレ
恵まれ,0,0,0,動詞,自立,*,*,一段,命令k,恵まれる,メグマレ,メグマレ
ええ,0,0,0,動詞,自立,*,*,一段,命令k・長音化,える,エエ,エー
得え,0,0,0,動詞,自立,*,*,一段,命令k・長音化,得る,エエ,エー
替え,0,0,0,動詞,自立,*,*,一段,命令k,替える,カエ,カエ
生き,0,0,0,動詞,自立,*,*,一段,命令k,生きる,イキ,イキ
願い,0,0,0,動詞,自立,*,*,五段・ワ行促音便,命令k,願う,ネガイ,ネガイ
着け,0,0,0,動詞,自立,*,*,一段,命令k,着ける,ツケ,ツケ
泳げ,0,0,0,動詞,自立,*,*,一段,命令k,泳げる,オヨゲ,オヨゲ
繋げ,0,0,0,動詞,自立,*,*,一段,命令k,繋げる,ツナゲ,ツナゲ
驚き,0,0,0,動詞,自立,*,*,五段・カ行イ音便,命令k,驚く,オドロキ,オドロキ
失い,0,0,0,動詞,自立,*,*,五段・ワ行促音便,命令k,失う,ウシナイ,ウシナイ
動き出し,0,0,0,動詞,自立,*,*,五段・サ行,命令k,動き出す,ウゴキダシ,ウゴキダシ
下げ,0,0,0,動詞,自立,*,*,一段,命令k,下げる,サゲ,サゲ
しおれ,0,0,0,動詞,自立,*,*,一段,命令k,しおれる,シオレ,シオレ
夢見,0,0,0,動詞,自立,*,*,一段,命令k,夢見る,ユメミ,ユメミ
冷やし,0,0,0,動詞,自立,*,*,五段・サ行,命令k,冷やす,ヒヤシ,ヒヤシ
撃ち,0,0,0,動詞,自立,*,*,五段・タ行,命令k,撃つ,ウチ,ウチ
認め,0,0,0,動詞,自立,*,*,一段,命令k,認める,ミトメ,ミトメ
認め,0,0,0,動詞,自立,*,*,一段,命令k,認める,シタタメ,シタタメ
流れ,0,0,0,動詞,自立,*,*,一段,命令k,流れる,ナガレ,ナガレ
適し,0,0,0,動詞,自立,*,*,五段・サ行,命令k,適す,テキシ,テキシ
越え,0,0,0,動詞,自立,*,*,一段,命令k,越える,コエ,コエ
うめ,0,0,0,動詞,自立,*,*,一段,命令k,うめる,ウメ,ウメ
ひっくるめ,0,0,0,動詞,自立,*,*,一段,命令k,ひっくるめる,ヒックルメ,ヒックルメ
折り合い,0,0,0,動詞,自立,*,*,五段・ワ行促音便,命令k,折り合う,オリアイ,オリアイ
かたまり,0,0,0,動詞,自立,*,*,五段・ラ行,命令k,かたまる,カタマリ,カタマリ
つかめ,0,0,0,動詞,自立,*,*,一段,命令k,つかめる,ツカメ,ツカメ
聞き込み,0,0,0,動詞,自立,*,*,五段・マ行,命令k,聞き込む,キキコミ,キキコミ
でかけ,0,0,0,動詞,自立,*,*,一段,命令k,でかける,デカケ,デカケ
ねぎ,0,0,0,動詞,自立,*,*,五段・ガ行,命令k,ねぐ,ネギ,ネギ
もとり,0,0,0,動詞,自立,*,*,五段・ラ行,命令k,もとる,モトリ,モトリ
話し,0,0,0,動詞,自立,*,*,五段・サ行,命令k,話す,ハナシ,ハナシ
請い,0,0,0,動詞,自立,*,*,五段・ワ行促音便,命令k,請う,コイ,コイ
膨れ,0,0,0,動詞,自立,*,*,一段,命令k,膨れる,フクレ,フクレ
逢い,0,0,0,動詞,自立,*,*,五段・ワ行促音便,命令k,逢う,アイ,アイ
強め,0,0,0,動詞,自立,*,*,一段,命令k,強める,ツヨメ,ツヨメ
区切り,0,0,0,動詞,自立,*,*,五段・ラ行,命令k,区切る,クギリ,クギリ
けがし,0,0,0,動詞,自立,*,*,五段・サ行,命令k,けがす,ケガシ,ケガシ
可愛がれ,0,0,0,動詞,自立,*,*,一段,命令k,可愛がれる,カワイガレ,カワイガレ
ぶら下げ,0,0,0,動詞,自立,*,*,一段,命令k,ぶら下げる,ブラサゲ,ブラサゲ
つかれ,0,0,0,動詞,自立,*,*,一段,命令k,つかれる,ツカレ,ツカレ
活かし,0,0,0,動詞,自立,*,*,五段・サ行,命令k,活かす,イカシ,イカシ
察し,0,0,0,動詞,自立,*,*,五段・サ行,命令k,察す,サッシ,サッシ
振る舞い,0,0,0,動詞,自立,*,*,五段・ワ行促音便,命令k,振る舞う,フルマイ,フルマイ
言い直し,0,0,0,動詞,自立,*,*,五段・サ行,命令k,言い直す,イイナオシ,イーナオシ
かない,0,0,0,動詞,自立,*,*,五段・ワ行促音便,命令k,かなう,カナイ,カナイ
次ぎ,0,0,0,動詞,自立,*,*,五段・ガ行,命令k,次ぐ,ツギ,ツギ
話せ,0,0,0,動詞,自立,*,*,一段,命令k,話せる,ハナセ,ハナセ
似合い,0,0,0,動詞,自立,*,*,五段・ワ行促音便,命令k,似合う,ニアイ,ニアイ
てり,0,0,0,動詞,自立,*,*,五段・ラ行,命令k,てる,テリ,テリ
導き出し,0,0,0,動詞,自立,*,*,五段・サ行,命令k,導き出す,ミチビキダシ,ミチビキダシ
虐め,0,0,0,動詞,自立,*,*,一段,命令k,虐める,イジメ,イジメ
心掛け,0,0,0,動詞,自立,*,*,一段,命令k,心掛ける,ココロガケ,ココロガケ
交え,0,0,0,動詞,自立,*,*,一段,命令k,交える,マジエ,マジエ
みのり,0,0,0,動詞,自立,*,*,五段・ラ行,命令k,みのる,ミノリ,ミノリ
引っ掛け,0,0,0,動詞,自立,*,*,一段,命令k,引っ掛ける,ヒッカケ,ヒッカケ
来,0,0,0,動詞,非自立,*,*,カ変・来ル,命令k,来る,キ,キ
来い,0,0,0,動詞,非自立,*,*,カ変・来ル,命令k・長音化,来る,キイ,キー
き,0,0,0,動詞,非自立,*,*,カ変・来ル,命令k,来る,キ,キ
きい,0,0,0,動詞,非自立,*,*,カ変・来ル,命令k・長音化,きる,キイ,キー
来,0,0,0,動詞,自立,*,*,カ変・来ル,命令k,来る,キ,キ
来い,0,0,0,動詞,自立,*,*,カ変・来ル,命令k・長音化,来る,キイ,キー
き,0,0,0,動詞,自立,*,*,カ変・来ル,命令k,来る,キ,キ
きい,0,0,0,動詞,自立,*,*,カ変・来ル,命令k・長音化,きる,キイ,キー
生け,0,0,0,動詞,自立,*,*,一段,命令k,生ける,イケ,イケ
鞭打ち,0,0,0,動詞,自立,*,*,五段・タ行,命令k,鞭打つ,ムチウチ,ムチウチ
輝き,0,0,0,動詞,自立,*,*,五段・カ行イ音便,命令k,輝く,カガヤキ,カガヤキ
やき,0,0,0,動詞,自立,*,*,五段・カ行イ音便,命令k,やく,ヤキ,ヤキ
なぎ,0,0,0,動詞,自立,*,*,五段・ガ行,命令k,なぐ,ナギ,ナギ
建て,0,0,0,動詞,自立,*,*,一段,命令k,建てる,タテ,タテ
頼め,0,0,0,動詞,自立,*,*,一段,命令k,頼める,タノメ,タノメ
吐き出し,0,0,0,動詞,自立,*,*,五段・サ行,命令k,吐き出す,ハキダシ,ハキダシ
止まり,0,0,0,動詞,自立,*,*,五段・ラ行,命令k,止まる,トマリ,トマリ
正し,0,0,0,動詞,自立,*,*,五段・サ行,命令k,正す,タダシ,タダシ
しまい,0,0,0,動詞,自立,*,*,五段・ワ行促音便,命令k,しまう,シマイ,シマイ
交ぜ,0,0,0,動詞,自立,*,*,一段,命令k,交ぜる,マゼ,マゼ
のけ,0,0,0,動詞,非自立,*,*,一段,命令k,のける,ノケ,ノケ
張り,0,0,0,動詞,自立,*,*,五段・ラ行,命令k,張る,ハリ,ハリ
にやけ,0,0,0,動詞,自立,*,*,一段,命令k,にやける,ニヤケ,ニヤケ
差し伸べ,0,0,0,動詞,自立,*,*,一段,命令k,差し伸べる,サシノベ,サシノベ
やめ,0,0,0,動詞,自立,*,*,一段,命令k,やめる,ヤメ,ヤメ
遊ばせ,0,0,0,動詞,自立,*,*,一段,命令k,遊ばせる,アソバセ,アソバセ
行かし,0,0,0,動詞,自立,*,*,五段・サ行,命令k,行かす,イカシ,イカシ
よくなり,0,0,0,動詞,自立,*,*,五段・ラ行,命令k,よくなる,ヨクナリ,ヨクナリ
あがり,0,0,0,動詞,自立,*,*,五段・ラ行,命令k,あがる,アガリ,アガリ
もち,0,0,0,動詞,自立,*,*,五段・タ行,命令k,もつ,モチ,モチ
こえ,0,0,0,動詞,自立,*,*,一段,命令k,こえる,コエ,コエ
捌き,0,0,0,動詞,自立,*,*,五段・カ行イ音便,命令k,捌く,サバキ,サバキ
占め,0,0,0,動詞,自立,*,*,一段,命令k,占める,シメ,シメ
見返し,0,0,0,動詞,自立,*,*,五段・サ行,命令k,見返す,ミカエシ,ミカエシ
きはじめ,0,0,0,動詞,自立,*,*,一段,命令k,きはじめる,キハジメ,キハジメ
けだし,0,0,0,動詞,自立,*,*,五段・サ行,命令k,けだす,ケダシ,ケダシ
癒し,0,0,0,動詞,自立,*,*,五段・サ行,命令k,癒す,イヤシ,イヤシ
引き続き,0,0,0,動詞,自立,*,*,五段・カ行イ音便,命令k,引き続く,ヒキツヅキ,ヒキツズキ
あきらめ,0,0,0,動詞,自立,*,*,一段,命令k,あきらめる,アキラメ,アキラメ
掻き,0,0,0,動詞,自立,*,*,五段・カ行イ音便,命令k,掻く,カキ,カキ
それ,0,0,0,動詞,自立,*,*,一段,命令k,それる,ソレ,ソレ
買い換え,0,0,0,動詞,自立,*,*,一段,命令k,買い換える,カイカエ,カイカエ
つくし,0,0,0,動詞,自立,*,*,五段・サ行,命令k,つくす,ツクシ,ツクシ
過ぎ,0,0,0,動詞,自立,*,*,一段,命令k,過ぎる,スギ,スギ
見つめ,0,0,0,動詞,自立,*,*,一段,命令k,見つめる,ミツメ,ミツメ
添い,0,0,0,動詞,自立,*,*,五段・ワ行促音便,命令k,添う,ソイ,ソイ
うけ,0,0,0,動詞,自立,*,*,一段,命令k,うける,ウケ,ウケ
始め,0,0,0,動詞,非自立,*,*,一段,命令k,始める,ハジメ,ハジメ
参り,0,0,0,動詞,非自立,*,*,五段・ラ行,命令k,参る,マイリ,マイリ
はけ,0,0,0,動詞,自立,*,*,一段,命令k,はける,ハケ,ハケ
もたせ,0,0,0,動詞,自立,*,*,一段,命令k,もたせる,モタセ,モタセ
聞き取れ,0,0,0,動詞,自立,*,*,一段,命令k,聞き取れる,キキトレ,キキトレ
はずし,0,0,0,動詞,自立,*,*,五段・サ行,命令k,はずす,ハズシ,ハズシ
力尽き,0,0,0,動詞,自立,*,*,一段,命令k,力尽きる,チカラツキ,チカラツキ
作り出し,0,0,0,動詞,自立,*,*,五段・サ行,命令k,作り出す,ツクリダシ,ツクリダシ
くみ,0,0,0,動詞,自立,*,*,五段・マ行,命令k,くむ,クミ,クミ
焼け,0,0,0,動詞,自立,*,*,一段,命令k,焼ける,ヤケ,ヤケ
舞い降り,0,0,0,動詞,自立,*,*,一段,命令k,舞い降りる,マイオリ,マイオリ
くり,0,0,0,動詞,自立,*,*,五段・ラ行,命令k,くる,クリ,クリ
伏し,0,0,0,動詞,自立,*,*,五段・サ行,命令k,伏す,フシ,フシ
こがし,0,0,0,動詞,自立,*,*,五段・サ行,命令k,こがす,コガシ,コガシ
焼き,0,0,0,動詞,自立,*,*,五段・カ行イ音便,命令k,焼く,ヤキ,ヤキ
かおり,0,0,0,動詞,自立,*,*,五段・ラ行,命令k,かおる,カオリ,カオリ
潜り,0,0,0,動詞,自立,*,*,五段・ラ行,命令k,潜る,モグリ,モグリ
優れ,0,0,0,動詞,自立,*,*,一段,命令k,優れる,スグレ,スグレ
にあい,0,0,0,動詞,自立,*,*,五段・ワ行促音便,命令k,にあう,ニアイ,ニアイ
つながり,0,0,0,動詞,自立,*,*,五段・ラ行,命令k,つながる,ツナガリ,ツナガリ
醸し,0,0,0,動詞,自立,*,*,五段・サ行,命令k,醸す,カモシ,カモシ
喋れ,0,0,0,動詞,自立,*,*,一段,命令k,喋れる,シャベレ,シャベレ
慰め,0,0,0,動詞,自立,*,*,一段,命令k,慰める,ナグサメ,ナグサメ
失し,0,0,0,動詞,自立,*,*,五段・サ行,命令k,失す,シッシ,シッシ
描き,0,0,0,動詞,自立,*,*,五段・カ行イ音便,命令k,描く,エガキ,エガキ
描き,0,0,0,動詞,自立,*,*,五段・カ行イ音便,命令k,描く,カキ,カキ
恵み,0,0,0,動詞,自立,*,*,五段・マ行,命令k,恵む,メグミ,メグミ
抜け出,0,0,0,動詞,自立,*,*,一段,命令k,抜け出る,ヌケデ,ヌケデ
ともない,0,0,0,動詞,自立,*,*,五段・ワ行促音便,命令k,ともなう,トモナイ,トモナイ
ねり,0,0,0,動詞,自立,*,*,五段・ラ行,命令k,ねる,ネリ,ネリ
につけ,0,0,0,動詞,自立,*,*,一段,命令k,につける,ニツケ,ニツケ
つがい,0,0,0,動詞,自立,*,*,五段・ワ行促音便,命令k,つがう,ツガイ,ツガイ
断り,0,0,0,動詞,自立,*,*,五段・ラ行,命令k,断る,コトワリ,コトワリ
いれ,0,0,0,動詞,自立,*,*,一段,命令k,いれる,イレ,イレ
走らし,0,0,0,動詞,自立,*,*,五段・サ行,命令k,走らす,ハシラシ,ハシラシ
かき,0,0,0,動詞,自立,*,*,五段・カ行イ音便,命令k,かく,カキ,カキ
誇り,0,0,0,動詞,自立,*,*,五段・ラ行,命令k,誇る,ホコリ,ホコリ
交し,0,0,0,動詞,自立,*,*,五段・サ行,命令k,交す,カワシ,カワシ
飽き,0,0,0,動詞,自立,*,*,五段・カ行イ音便,命令k,飽く,アキ,アキ
戻り,0,0,0,動詞,自立,*,*,五段・ラ行,命令k,戻る,モドリ,モドリ
飲め,0,0,0,動詞,自立,*,*,一段,命令k,飲める,ノメ,ノメ
写し,0,0,0,動詞,自立,*,*,五段・サ行,命令k,写す,ウツシ,ウツシ
覚し,0,0,0,動詞,自立,*,*,五段・サ行,命令k,覚す,サマシ,サマシ
題し,0,0,0,動詞,自立,*,*,五段・サ行,命令k,題す,ダイシ,ダイシ
残り,0,0,0,動詞,自立,*,*,五段・ラ行,命令k,残る,ノコリ,ノコリ
のばし,0,0,0,動詞,自立,*,*,五段・サ行,命令k,のばす,ノバシ,ノバシ
みこみ,0,0,0,動詞,自立,*,*,五段・マ行,命令k,みこむ,ミコミ,ミコミ
唱え,0,0,0,動詞,自立,*,*,一段,命令k,唱える,トナエ,トナエ
見上げ,0,0,0,動詞,自立,*,*,下二・ガ行,命令k,見上ぐ,ミアゲ,ミアゲ
とおり,0,0,0,動詞,自立,*,*,五段・ラ行,命令k,とおる,トオリ,トーリ
散り,0,0,0,動詞,自立,*,*,五段・ラ行,命令k,散る,チリ,チリ
ひっくり返り,0,0,0,動詞,自立,*,*,五段・ラ行,命令k,ひっくり返る,ヒックリカエリ,ヒックリカエリ
てなれ,0,0,0,動詞,自立,*,*,一段,命令k,てなれる,テナレ,テナレ
溢れ,0,0,0,動詞,自立,*,*,一段,命令k,溢れる,アフレ,アフレ
溢れ,0,0,0,動詞,自立,*,*,一段,命令k,溢れる,コボレ,コボレ
禿げ,0,0,0,動詞,自立,*,*,一段,命令k,禿げる,ハゲ,ハゲ
居り,0,0,0,動詞,自立,*,*,五段・ラ行,命令k,居る,オリ,オリ
払い,0,0,0,動詞,自立,*,*,五段・ワ行促音便,命令k,払う,ハライ,ハライ
行き,0,0,0,動詞,非自立,*,*,五段・カ行促音便,命令k,行く,イキ,イキ
もだし,0,0,0,動詞,自立,*,*,五段・サ行,命令k,もだす,モダシ,モダシ
飛び込み,0,0,0,動詞,自立,*,*,五段・マ行,命令k,飛び込む,トビコミ,トビコミ
煮つけ,0,0,0,動詞,自立,*,*,一段,命令k,煮つける,ニツケ,ニツケ
競い,0,0,0,動詞,自立,*,*,五段・ワ行促音便,命令k,競う,キソイ,キソイ
狙い,0,0,0,動詞,自立,*,*,五段・ワ行促音便,命令k,狙う,ネライ,ネライ
捕れ,0,0,0,動詞,自立,*,*,一段,命令k,捕れる,トレ,トレ
突き当り,0,0,0,動詞,自立,*,*,五段・ラ行,命令k,突き当る,ツキアタリ,ツキアタリ
務め,0,0,0,動詞,自立,*,*,一段,命令k,務める,ツトメ,ツトメ
ひったくり,0,0,0,動詞,自立,*,*,五段・ラ行,命令k,ひったくる,ヒッタクリ,ヒッタクリ
致し,0,0,0,動詞,自立,*,*,五段・サ行,命令k,致す,イタシ,イタシ
掻き立て,0,0,0,動詞,自立,*,*,一段,命令k,掻き立てる,カキタテ,カキタテ
老け,0,0,0,動詞,自立,*,*,一段,命令k,老ける,フケ,フケ
甘やかし,0,0,0,動詞,自立,*,*,五段・サ行,命令k,甘やかす,アマヤカシ,アマヤカシ
はなれ,0,0,0,動詞,自立,*,*,一段,命令k,はなれる,ハナレ,ハナレ
戒め,0,0,0,動詞,自立,*,*,一段,命令k,戒める,イマシメ,イマシメ
考え直し,0,0,0,動詞,自立,*,*,五段・サ行,命令k,考え直す,カンガエナオシ,カンガエナオシ
おくれ,0,0,0,動詞,自立,*,*,一段,命令k,おくれる,オクレ,オクレ
はなし,0,0,0,動詞,自立,*,*,五段・サ行,命令k,はなす,ハナシ,ハナシ
くらわし,0,0,0,動詞,自立,*,*,五段・サ行,命令k,くらわす,クラワシ,クラワシ
しゃべり,0,0,0,動詞,自立,*,*,五段・ラ行,命令k,しゃべる,シャベリ,シャベリ
暮らせ,0,0,0,動詞,自立,*,*,一段,命令k,暮らせる,クラセ,クラセ
むしり,0,0,0,動詞,自立,*,*,五段・ラ行,命令k,むしる,ムシリ,ムシリ
もらえ,0,0,0,動詞,自立,*,*,一段,命令k,もらえる,モラエ,モラエ
休み,0,0,0,動詞,自立,*,*,五段・マ行,命令k,休む,ヤスミ,ヤスミ
打て,0,0,0,動詞,自立,*,*,一段,命令k,打てる,ウテ,ウテ
買い替え,0,0,0,動詞,自立,*,*,一段,命令k,買い替える,カイカエ,カイカエ
刈り,0,0,0,動詞,自立,*,*,五段・ラ行,命令k,刈る,カリ,カリ
走り出,0,0,0,動詞,自立,*,*,一段,命令k,走り出る,ハシリデ,ハシリデ
来たし,0,0,0,動詞,自立,*,*,五段・サ行,命令k,来たす,キタシ,キタシ
目がけ,0,0,0,動詞,自立,*,*,一段,命令k,目がける,メガケ,メガケ
おわり,0,0,0,動詞,自立,*,*,五段・ラ行,命令k,おわる,オワリ,オワリ
凍て,0,0,0,動詞,自立,*,*,一段,命令k,凍てる,イテ,イテ
生し,0,0,0,動詞,自立,*,*,五段・サ行,命令k,生す,ナシ,ナシ
育て,0,0,0,動詞,自立,*,*,一段,命令k,育てる,ソダテ,ソダテ
えみ,0,0,0,動詞,自立,*,*,五段・マ行,命令k,えむ,エミ,エミ
配り,0,0,0,動詞,自立,*,*,五段・ラ行,命令k,配る,クバリ,クバリ
焦げ,0,0,0,動詞,自立,*,*,一段,命令k,焦げる,コゲ,コゲ
隠れ,0,0,0,動詞,自立,*,*,一段,命令k,隠れる,カクレ,カクレ
暴れ,0,0,0,動詞,自立,*,*,一段,命令k,暴れる,アバレ,アバレ
指し,0,0,0,動詞,自立,*,*,五段・サ行,命令k,指す,サシ,サシ
変え,0,0,0,動詞,自立,*,*,一段,命令k,変える,カエ,カエ
表せ,0,0,0,動詞,自立,*,*,一段,命令k,表せる,アラワセ,アラワセ
いとい,0,0,0,動詞,自立,*,*,五段・ワ行促音便,命令k,いとう,イトイ,イトイ
かこえ,0,0,0,動詞,自立,*,*,一段,命令k,かこえる,カコエ,カコエ
たたかい,0,0,0,動詞,自立,*,*,五段・ワ行促音便,命令k,たたかう,タタカイ,タタカイ
帰り,0,0,0,動詞,自立,*,*,五段・ラ行,命令k,帰る,カエリ,カエリ
うまれ,0,0,0,動詞,自立,*,*,一段,命令k,うまれる,ウマレ,ウマレ
重ね,0,0,0,動詞,自立,*,*,一段,命令k,重ねる,カサネ,カサネ
いこい,0,0,0,動詞,自立,*,*,五段・ワ行促音便,命令k,いこう,イコイ,イコイ
肥え,0,0,0,動詞,自立,*,*,一段,命令k,肥える,コエ,コエ
捨て,0,0,0,動詞,自立,*,*,一段,命令k,捨てる,ステ,ステ
さけ,0,0,0,動詞,自立,*,*,一段,命令k,さける,サケ,サケ
遊び,0,0,0,動詞,自立,*,*,五段・バ行,命令k,遊ぶ,アソビ,アソビ
書け,0,0,0,動詞,自立,*,*,一段,命令k,書ける,カケ,カケ
にんじ,0,0,0,動詞,自立,*,*,一段,命令k,にんじる,ニンジ,ニンジ
でき,0,0,0,動詞,非自立,*,*,一段,命令k,できる,デキ,デキ
間違い,0,0,0,動詞,自立,*,*,五段・ワ行促音便,命令k,間違う,マチガイ,マチガイ
結び,0,0,0,動詞,自立,*,*,五段・バ行,命令k,結ぶ,ムスビ,ムスビ
続き,0,0,0,動詞,非自立,*,*,五段・カ行イ音便,命令k,続く,ツヅキ,ツズキ
蒔き,0,0,0,動詞,自立,*,*,五段・カ行イ音便,命令k,蒔く,マキ,マキ
くずれ,0,0,0,動詞,自立,*,*,一段,命令k,くずれる,クズレ,クズレ
預け,0,0,0,動詞,自立,*,*,一段,命令k,預ける,アヅケ,アズケ
縛り,0,0,0,動詞,自立,*,*,五段・ラ行,命令k,縛る,シバリ,シバリ
つぎ,0,0,0,動詞,自立,*,*,五段・ガ行,命令k,つぐ,ツギ,ツギ
のぞみ,0,0,0,動詞,自立,*,*,五段・マ行,命令k,のぞむ,ノゾミ,ノゾミ
揚げ,0,0,0,動詞,自立,*,*,一段,命令k,揚げる,アゲ,アゲ
続け,0,0,0,動詞,自立,*,*,一段,命令k,続ける,ツヅケ,ツズケ
習え,0,0,0,動詞,自立,*,*,一段,命令k,習える,ナラエ,ナラエ
かしげ,0,0,0,動詞,自立,*,*,一段,命令k,かしげる,カシゲ,カシゲ
はり,0,0,0,動詞,自立,*,*,五段・ラ行,命令k,はる,ハリ,ハリ
がり,0,0,0,動詞,接尾,*,*,五段・ラ行,命令k,がる,ガリ,ガリ
組合せ,0,0,0,動詞,自立,*,*,一段,命令k,組合せる,クミアワセ,クミアワセ
減じ,0,0,0,動詞,自立,*,*,一段,命令k,減じる,ゲンジ,ゲンジ
かぎり,0,0,0,動詞,自立,*,*,五段・ラ行,命令k,かぎる,カギリ,カギリ
散らかし,0,0,0,動詞,自立,*,*,五段・サ行,命令k,散らかす,チラカシ,チラカシ
生み,0,0,0,動詞,自立,*,*,五段・マ行,命令k,生む,ウミ,ウミ
外し,0,0,0,動詞,自立,*,*,五段・サ行,命令k,外す,ハズシ,ハズシ
替わり,0,0,0,動詞,自立,*,*,五段・ラ行,命令k,替わる,カワリ,カワリ
見習い,0,0,0,動詞,自立,*,*,五段・ワ行促音便,命令k,見習う,ミナライ,ミナライ
盗り,0,0,0,動詞,自立,*,*,五段・ラ行,命令k,盗る,トリ,トリ
いいだし,0,0,0,動詞,自立,*,*,五段・サ行,命令k,いいだす,イイダシ,イーダシ
浮かれ,0,0,0,動詞,自立,*,*,一段,命令k,浮かれる,ウカレ,ウカレ
請け,0,0,0,動詞,自立,*,*,一段,命令k,請ける,ウケ,ウケ
飛べ,0,0,0,動詞,自立,*,*,一段,命令k,飛べる,トベ,トベ
無くなり,0,0,0,動詞,自立,*,*,五段・ラ行,命令k,無くなる,ナクナリ,ナクナリ
惚れ,0,0,0,動詞,自立,*,*,一段,命令k,惚れる,ホレ,ホレ
びびり,0,0,0,動詞,自立,*,*,五段・ラ行,命令k,びびる,ビビリ,ビビリ
あふれ,0,0,0,動詞,自立,*,*,一段,命令k,あふれる,アフレ,アフレ
たちあい,0,0,0,動詞,自立,*,*,五段・ワ行促音便,命令k,たちあう,タチアイ,タチアイ
就け,0,0,0,動詞,自立,*,*,一段,命令k,就ける,ツケ,ツケ
魅せ,0,0,0,動詞,自立,*,*,一段,命令k,魅せる,ミセ,ミセ
こげ,0,0,0,動詞,自立,*,*,一段,命令k,こげる,コゲ,コゲ
受付け,0,0,0,動詞,自立,*,*,一段,命令k,受付ける,ウケツケ,ウケツケ
まぎり,0,0,0,動詞,自立,*,*,五段・ラ行,命令k,まぎる,マギリ,マギリ
乗り越え,0,0,0,動詞,自立,*,*,一段,命令k,乗り越える,ノリコエ,ノリコエ
響き,0,0,0,動詞,自立,*,*,五段・カ行イ音便,命令k,響く,ヒビキ,ヒビキ
呑み,0,0,0,動詞,自立,*,*,五段・マ行,命令k,呑む,ノミ,ノミ
しだし,0,0,0,動詞,自立,*,*,五段・サ行,命令k,しだす,シダシ,シダシ
貰え,0,0,0,動詞,自立,*,*,一段,命令k,貰える,モラエ,モラエ
下り,0,0,0,動詞,自立,*,*,一段,命令k,下りる,オリ,オリ
助け,0,0,0,動詞,自立,*,*,下二・カ行,命令k,助く,タスケ,タスケ
あげ,0,0,0,動詞,非自立,*,*,一段,命令k,あげる,アゲ,アゲ
おり,0,0,0,動詞,自立,*,*,一段,命令k,おりる,オリ,オリ
つみ,0,0,0,動詞,自立,*,*,五段・マ行,命令k,つむ,ツミ,ツミ
からび,0,0,0,動詞,自立,*,*,一段,命令k,からびる,カラビ,カラビ
切れ,0,0,0,動詞,自立,*,*,一段,命令k,切れる,キレ,キレ
努め,0,0,0,動詞,自立,*,*,一段,命令k,努める,ツトメ,ツトメ
向き,0,0,0,動詞,自立,*,*,五段・カ行イ音便,命令k,向く,ムキ,ムキ
足り,0,0,0,動詞,自立,*,*,一段,命令k,足りる,タリ,タリ
歌わし,0,0,0,動詞,自立,*,*,五段・サ行,命令k,歌わす,ウタワシ,ウタワシ
覚まし,0,0,0,動詞,自立,*,*,五段・サ行,命令k,覚ます,サマシ,サマシ
植え込み,0,0,0,動詞,自立,*,*,五段・マ行,命令k,植え込む,ウエコミ,ウエコミ
はさみ,0,0,0,動詞,自立,*,*,五段・マ行,命令k,はさむ,ハサミ,ハサミ
添い遂げ,0,0,0,動詞,自立,*,*,一段,命令k,添い遂げる,ソイトゲ,ソイトゲ
能い,0,0,0,動詞,自立,*,*,五段・ワ行促音便,命令k,能う,アタイ,アタイ
示し,0,0,0,動詞,自立,*,*,五段・サ行,命令k,示す,シメシ,シメシ
へばり,0,0,0,動詞,自立,*,*,五段・ラ行,命令k,へばる,ヘバリ,ヘバリ
和え,0,0,0,動詞,自立,*,*,一段,命令k,和える,アエ,アエ
巻き,0,0,0,動詞,自立,*,*,五段・カ行イ音便,命令k,巻く,マキ,マキ
道行き,0,0,0,動詞,自立,*,*,五段・カ行促音便ユク,命令k,道行く,ミチユキ,ミチユキ
けり,0,0,0,動詞,自立,*,*,五段・ラ行,命令k,ける,ケリ,ケリ
寝え,0,0,0,動詞,自立,*,*,一段,命令k・長音化,寝る,ネエ,ネー
ねえ,0,0,0,動詞,自立,*,*,一段,命令k・長音化,ねる,ネエ,ネー
すごみ,0,0,0,動詞,自立,*,*,五段・マ行,命令k,すごむ,スゴミ,スゴミ
めで,0,0,0,動詞,自立,*,*,一段,命令k,めでる,メデ,メデ
付き合い,0,0,0,動詞,自立,*,*,五段・ワ行促音便,命令k,付き合う,ツキアイ,ツキアイ
親しみ,0,0,0,動詞,自立,*,*,五段・マ行,命令k,親しむ,シタシミ,シタシミ
掘り,0,0,0,動詞,自立,*,*,五段・ラ行,命令k,掘る,ホリ,ホリ
やとい,0,0,0,動詞,自立,*,*,五段・ワ行促音便,命令k,やとう,ヤトイ,ヤトイ
漏らし,0,0,0,動詞,自立,*,*,五段・サ行,命令k,漏らす,モラシ,モラシ
卸し,0,0,0,動詞,自立,*,*,五段・サ行,命令k,卸す,オロシ,オロシ
均し,0,0,0,動詞,自立,*,*,五段・サ行,命令k,均す,ナラシ,ナラシ
打ち明け,0,0,0,動詞,自立,*,*,一段,命令k,打ち明ける,ウチアケ,ウチアケ
思し召し,0,0,0,動詞,自立,*,*,五段・サ行,命令k,思し召す,オボシメシ,オボシメシ
ありえ,0,0,0,動詞,自立,*,*,一段,命令k,ありえる,アリエ,アリエ
見合い,0,0,0,動詞,自立,*,*,五段・ワ行促音便,命令k,見合う,ミアイ,ミアイ
かなえ,0,0,0,動詞,自立,*,*,一段,命令k,かなえる,カナエ,カナエ
なげ,0,0,0,動詞,自立,*,*,一段,命令k,なげる,ナゲ,ナゲ
あてはめ,0,0,0,動詞,自立,*,*,一段,命令k,あてはめる,アテハメ,アテハメ
とべ,0,0,0,動詞,自立,*,*,一段,命令k,とべる,トベ,トベ
成り,0,0,0,動詞,自立,*,*,五段・ラ行,命令k,成る,ナリ,ナリ
慣れ,0,0,0,動詞,自立,*,*,一段,命令k,慣れる,ナレ,ナレ
ふっかけ,0,0,0,動詞,自立,*,*,一段,命令k,ふっかける,フッカケ,フッカケ
外せ,0,0,0,動詞,自立,*,*,一段,命令k,外せる,ハズセ,ハズセ
のっけ,0,0,0,動詞,自立,*,*,一段,命令k,のっける,ノッケ,ノッケ
どり,0,0,0,動詞,非自立,*,*,五段・ラ行,命令k,どる,ドリ,ドリ
例え,0,0,0,動詞,自立,*,*,一段,命令k,例える,タトエ,タトエ
動け,0,0,0,動詞,自立,*,*,一段,命令k,動ける,ウゴケ,ウゴケ
仕込み,0,0,0,動詞,自立,*,*,五段・マ行,命令k,仕込む,シコミ,シコミ
誘い,0,0,0,動詞,自立,*,*,五段・ワ行促音便,命令k,誘う,サソイ,サソイ
誘い,0,0,0,動詞,自立,*,*,五段・ワ行促音便,命令k,誘う,イザナイ,イザナイ
はじめ,0,0,0,動詞,自立,*,*,一段,命令k,はじめる,ハジメ,ハジメ
泊まり,0,0,0,動詞,自立,*,*,五段・ラ行,命令k,泊まる,トマリ,トマリ
探し,0,0,0,動詞,自立,*,*,五段・サ行,命令k,探す,サガシ,サガシ
閉じ,0,0,0,動詞,自立,*,*,一段,命令k,閉じる,トジ,トジ
ころし,0,0,0,動詞,自立,*,*,五段・サ行,命令k,ころす,コロシ,コロシ
つめ,0,0,0,動詞,自立,*,*,一段,命令k,つめる,ツメ,ツメ
遅れ,0,0,0,動詞,自立,*,*,一段,命令k,遅れる,オクレ,オクレ
揃い,0,0,0,動詞,自立,*,*,五段・ワ行促音便,命令k,揃う,ソロイ,ソロイ
投じ,0,0,0,動詞,自立,*,*,一段,命令k,投じる,トウジ,トージ
買い上げ,0,0,0,動詞,自立,*,*,一段,命令k,買い上げる,カイアゲ,カイアゲ
停め,0,0,0,動詞,自立,*,*,一段,命令k,停める,トメ,トメ
のぼり,0,0,0,動詞,自立,*,*,五段・ラ行,命令k,のぼる,ノボリ,ノボリ
酔っ払い,0,0,0,動詞,自立,*,*,五段・ワ行促音便,命令k,酔っ払う,ヨッパライ,ヨッパライ
むき出し,0,0,0,動詞,自立,*,*,五段・サ行,命令k,むき出す,ムキダシ,ムキダシ
とじ,0,0,0,動詞,自立,*,*,一段,命令k,とじる,トジ,トジ
着せ,0,0,0,動詞,自立,*,*,一段,命令k,着せる,キセ,キセ
紛れ,0,0,0,動詞,自立,*,*,一段,命令k,紛れる,マギレ,マギレ
着替え,0,0,0,動詞,自立,*,*,一段,命令k,着替える,キガエ,キガエ
いこい,0,0,0,動詞,自立,*,*,五段・ワ行ウ音便,命令k,いこう,イコイ,イコイ
支払い,0,0,0,動詞,自立,*,*,五段・ワ行促音便,命令k,支払う,シハライ,シハライ
含め,0,0,0,動詞,自立,*,*,一段,命令k,含める,フクメ,フクメ
かり,0,0,0,動詞,自立,*,*,一段,命令k,かりる,カリ,カリ
気に入り,0,0,0,動詞,自立,*,*,五段・ラ行,命令k,気に入る,キニイリ,キニイリ
ばり,0,0,0,動詞,自立,*,*,五段・ラ行,命令k,ばる,バリ,バリ
せおい,0,0,0,動詞,自立,*,*,五段・ワ行促音便,命令k,せおう,セオイ,セオイ
執り行い,0,0,0,動詞,自立,*,*,五段・ワ行促音便,命令k,執り行う,トリオコナイ,トリオコナイ
やり合い,0,0,0,動詞,自立,*,*,五段・ワ行促音便,命令k,やり合う,ヤリアイ,ヤリアイ
見守り,0,0,0,動詞,自立,*,*,五段・ラ行,命令k,見守る,ミマモリ,ミマモリ
ほり,0,0,0,動詞,自立,*,*,五段・ラ行,命令k,ほる,ホリ,ホリ
障り,0,0,0,動詞,自立,*,*,五段・ラ行,命令k,障る,サワリ,サワリ
待受け,0,0,0,動詞,自立,*,*,一段,命令k,待受ける,マチウケ,マチウケ
とおし,0,0,0,動詞,自立,*,*,五段・サ行,命令k,とおす,トオシ,トーシ
笑い,0,0,0,動詞,自立,*,*,五段・ワ行促音便,命令k,笑う,ワライ,ワライ
乗れ,0,0,0,動詞,自立,*,*,一段,命令k,乗れる,ノレ,ノレ
延び,0,0,0,動詞,自立,*,*,一段,命令k,延びる,ノビ,ノビ
いかし,0,0,0,動詞,自立,*,*,五段・サ行,命令k,いかす,イカシ,イカシ
混み,0,0,0,動詞,自立,*,*,五段・マ行,命令k,混む,コミ,コミ
揉め,0,0,0,動詞,自立,*,*,一段,命令k,揉める,モメ,モメ
当たり,0,0,0,動詞,自立,*,*,五段・ラ行,命令k,当たる,アタリ,アタリ
ならし,0,0,0,動詞,自立,*,*,五段・サ行,命令k,ならす,ナラシ,ナラシ
付き,0,0,0,動詞,自立,*,*,五段・カ行イ音便,命令k,付く,ツキ,ツキ
済ませ,0,0,0,動詞,自立,*,*,一段,命令k,済ませる,スマセ,スマセ
釣り,0,0,0,動詞,自立,*,*,五段・ラ行,命令k,釣る,ツリ,ツリ
駆けつけ,0,0,0,動詞,自立,*,*,一段,命令k,駆けつける,カケツケ,カケツケ
みなせ,0,0,0,動詞,自立,*,*,一段,命令k,みなせる,ミナセ,ミナセ
立ち,0,0,0,動詞,自立,*,*,五段・タ行,命令k,立つ,タチ,タチ
サボり,0,0,0,動詞,自立,*,*,五段・ラ行,命令k,サボる,サボリ,サボリ
割り振り,0,0,0,動詞,自立,*,*,五段・ラ行,命令k,割り振る,ワリフリ,ワリフリ
くるめ,0,0,0,動詞,自立,*,*,一段,命令k,くるめる,クルメ,クルメ
ついて行き,0,0,0,動詞,自立,*,*,五段・カ行促音便,命令k,ついて行く,ツイテイキ,ツイテイキ
吹かし,0,0,0,動詞,自立,*,*,五段・サ行,命令k,吹かす,フカシ,フカシ
はじ,0,0,0,動詞,自立,*,*,一段,命令k,はじる,ハジ,ハジ
こたえ,0,0,0,動詞,自立,*,*,一段,命令k,こたえる,コタエ,コタエ
たどり,0,0,0,動詞,自立,*,*,五段・ラ行,命令k,たどる,タドリ,タドリ
踊れ,0,0,0,動詞,自立,*,*,一段,命令k,踊れる,オドレ,オドレ
たせ,0,0,0,動詞,自立,*,*,一段,命令k,たせる,タセ,タセ
いわい,0,0,0,動詞,自立,*,*,五段・ワ行促音便,命令k,いわう,イワイ,イワイ
そびれ,0,0,0,動詞,非自立,*,*,一段,命令k,そびれる,ソビレ,ソビレ
溶け,0,0,0,動詞,自立,*,*,一段,命令k,溶ける,トケ,トケ
贈り,0,0,0,動詞,自立,*,*,五段・ラ行,命令k,贈る,オクリ,オクリ
もうけ,0,0,0,動詞,自立,*,*,一段,命令k,もうける,モウケ,モーケ
隔たり,0,0,0,動詞,自立,*,*,五段・ラ行,命令k,隔たる,ヘダタリ,ヘダタリ
にせ,0,0,0,動詞,自立,*,*,一段,命令k,にせる,ニセ,ニセ
解け,0,0,0,動詞,自立,*,*,一段,命令k,解ける,トケ,トケ
解け,0,0,0,動詞,自立,*,*,一段,命令k,解ける,ホドケ,ホドケ
染め,0,0,0,動詞,自立,*,*,一段,命令k,染める,ソメ,ソメ
満ち,0,0,0,動詞,自立,*,*,一段,命令k,満ちる,ミチ,ミチ
信じ,0,0,0,動詞,自立,*,*,一段,命令k,信じる,シンジ,シンジ
頼れ,0,0,0,動詞,自立,*,*,一段,命令k,頼れる,タヨレ,タヨレ
よりきれ,0,0,0,動詞,自立,*,*,一段,命令k,よりきれる,ヨリキレ,ヨリキレ
抱え,0,0,0,動詞,自立,*,*,一段,命令k,抱える,カカエ,カカエ
求め,0,0,0,動詞,自立,*,*,一段,命令k,求める,モトメ,モトメ
たれ,0,0,0,動詞,自立,*,*,一段,命令k,たれる,タレ,タレ
ちぎれ,0,0,0,動詞,自立,*,*,一段,命令k,ちぎれる,チギレ,チギレ
かもし,0,0,0,動詞,自立,*,*,五段・サ行,命令k,かもす,カモシ,カモシ
そびえ,0,0,0,動詞,自立,*,*,一段,命令k,そびえる,ソビエ,ソビエ
遊び呆け,0,0,0,動詞,自立,*,*,一段,命令k,遊び呆ける,アソビホウケ,アソビホーケ
明け,0,0,0,動詞,自立,*,*,一段,命令k,明ける,アケ,アケ
につき,0,0,0,動詞,自立,*,*,五段・カ行イ音便,命令k,につく,ニツキ,ニツキ
言い,0,0,0,動詞,自立,*,*,五段・ワ行ウ音便,命令k,言う,ユイ,ユイ
馴れ,0,0,0,動詞,自立,*,*,一段,命令k,馴れる,ナレ,ナレ
くれ,0,0,0,動詞,非自立,*,*,一段・クレル,命令k,くれる,クレ,クレ
持ち切り,0,0,0,動詞,自立,*,*,五段・ラ行,命令k,持ち切る,モチキリ,モチキリ
拵え,0,0,0,動詞,自立,*,*,一段,命令k,拵える,コシラエ,コシラエ
復し,0,0,0,動詞,自立,*,*,五段・サ行,命令k,復す,フクシ,フクシ
聞かし,0,0,0,動詞,自立,*,*,五段・サ行,命令k,聞かす,キカシ,キカシ
吸い,0,0,0,動詞,自立,*,*,五段・ワ行ウ音便,命令k,吸う,スイ,スイ
つなぎ,0,0,0,動詞,自立,*,*,五段・ガ行,命令k,つなぐ,ツナギ,ツナギ
乗り遅れ,0,0,0,動詞,自立,*,*,一段,命令k,乗り遅れる,ノリオクレ,ノリオクレ
仕掛,0,0,0,動詞,自立,*,*,一段,命令k,仕掛る,シカケ,シカケ
締め,0,0,0,動詞,自立,*,*,一段,命令k,締める,シメ,シメ
言い合い,0,0,0,動詞,自立,*,*,五段・ワ行促音便,命令k,言い合う,イイアイ,イーアイ
ことなり,0,0,0,動詞,自立,*,*,五段・ラ行,命令k,ことなる,コトナリ,コトナリ
よじ,0,0,0,動詞,自立,*,*,一段,命令k,よじる,ヨジ,ヨジ
促し,0,0,0,動詞,自立,*,*,五段・サ行,命令k,促す,ウナガシ,ウナガシ
伸び,0,0,0,動詞,自立,*,*,一段,命令k,伸びる,ノビ,ノビ
乗り,0,0,0,動詞,自立,*,*,五段・ラ行,命令k,乗る,ノリ,ノリ
聞き,0,0,0,動詞,自立,*,*,五段・カ行イ音便,命令k,聞く,キキ,キキ
愚痴り,0,0,0,動詞,自立,*,*,五段・ラ行,命令k,愚痴る,グチリ,グチリ
取り締まり,0,0,0,動詞,自立,*,*,五段・ラ行,命令k,取り締まる,トリシマリ,トリシマリ
応え,0,0,0,動詞,自立,*,*,一段,命令k,応える,コタエ,コタエ
はやらし,0,0,0,動詞,自立,*,*,五段・サ行,命令k,はやらす,ハヤラシ,ハヤラシ
たまり,0,0,0,動詞,自立,*,*,五段・ラ行,命令k,たまる,タマリ,タマリ
すすめ,0,0,0,動詞,自立,*,*,一段,命令k,すすめる,ススメ,ススメ
心がけ,0,0,0,動詞,自立,*,*,一段,命令k,心がける,ココロガケ,ココロガケ
おさめ,0,0,0,動詞,自立,*,*,一段,命令k,おさめる,オサメ,オサメ
受け付け,0,0,0,動詞,自立,*,*,一段,命令k,受け付ける,ウケツケ,ウケツケ
ふき,0,0,0,動詞,自立,*,*,五段・カ行イ音便,命令k,ふく,フキ,フキ
切り,0,0,0,動詞,自立,*,*,五段・ラ行,命令k,切る,キリ,キリ
より,0,0,0,動詞,自立,*,*,五段・ラ行,命令k,よる,ヨリ,ヨリ
急き,0,0,0,動詞,自立,*,*,五段・カ行イ音便,命令k,急く,セキ,セキ
込み,0,0,0,動詞,非自立,*,*,五段・マ行,命令k,込む,コミ,コミ
実り,0,0,0,動詞,自立,*,*,五段・ラ行,命令k,実る,ミノリ,ミノリ
いき,0,0,0,動詞,自立,*,*,五段・カ行イ音便,命令k,いく,イキ,イキ
並び,0,0,0,動詞,自立,*,*,五段・バ行,命令k,並ぶ,ナラビ,ナラビ
散りばめ,0,0,0,動詞,自立,*,*,一段,命令k,散りばめる,チリバメ,チリバメ
通し,0,0,0,動詞,自立,*,*,五段・サ行,命令k,通す,トオシ,トーシ
稼げ,0,0,0,動詞,自立,*,*,一段,命令k,稼げる,カセゲ,カセゲ
登り,0,0,0,動詞,自立,*,*,五段・ラ行,命令k,登る,ノボリ,ノボリ
致し,0,0,0,動詞,非自立,*,*,五段・サ行,命令k,致す,イタシ,イタシ
根付き,0,0,0,動詞,自立,*,*,五段・カ行イ音便,命令k,根付く,ネヅキ,ネズキ
回れ,0,0,0,動詞,自立,*,*,一段,命令k,回れる,マワレ,マワレ
薦め,0,0,0,動詞,自立,*,*,一段,命令k,薦める,ススメ,ススメ
押し,0,0,0,動詞,自立,*,*,五段・サ行,命令k,押す,オシ,オシ
歩み,0,0,0,動詞,自立,*,*,五段・マ行,命令k,歩む,アユミ,アユミ
在し,0,0,0,動詞,自立,*,*,五段・サ行,命令k,在す,マシマシ,マシマシ
みだし,0,0,0,動詞,自立,*,*,五段・サ行,命令k,みだす,ミダシ,ミダシ
透き,0,0,0,動詞,自立,*,*,五段・カ行イ音便,命令k,透く,スキ,スキ
怒鳴り,0,0,0,動詞,自立,*,*,五段・ラ行,命令k,怒鳴る,ドナリ,ドナリ
萎び,0,0,0,動詞,自立,*,*,一段,命令k,萎びる,シナビ,シナビ
扱い,0,0,0,動詞,自立,*,*,五段・ワ行促音便,命令k,扱う,アツカイ,アツカイ
隠せ,0,0,0,動詞,自立,*,*,一段,命令k,隠せる,カクセ,カクセ
かむり,0,0,0,動詞,自立,*,*,五段・ラ行,命令k,かむる,カムリ,カムリ
書き,0,0,0,動詞,自立,*,*,五段・カ行イ音便,命令k,書く,カキ,カキ
もちあがり,0,0,0,動詞,自立,*,*,五段・ラ行,命令k,もちあがる,モチアガリ,モチアガリ
吸い,0,0,0,動詞,自立,*,*,五段・ワ行促音便,命令k,吸う,スイ,スイ
奪い,0,0,0,動詞,自立,*,*,五段・ワ行促音便,命令k,奪う,ウバイ,ウバイ
働き,0,0,0,動詞,自立,*,*,五段・カ行イ音便,命令k,働く,ハタラキ,ハタラキ
もやし,0,0,0,動詞,自立,*,*,五段・サ行,命令k,もやす,モヤシ,モヤシ
そらし,0,0,0,動詞,自立,*,*,五段・サ行,命令k,そらす,ソラシ,ソラシ
蓄え,0,0,0,動詞,自立,*,*,一段,命令k,蓄える,タクワエ,タクワエ
見渡し,0,0,0,動詞,自立,*,*,五段・サ行,命令k,見渡す,ミワタシ,ミワタシ
とけ,0,0,0,動詞,自立,*,*,一段,命令k,とける,トケ,トケ
なめ,0,0,0,動詞,自立,*,*,一段,命令k,なめる,ナメ,ナメ
たくれ,0,0,0,動詞,自立,*,*,一段,命令k,たくれる,タクレ,タクレ
繋ぎ,0,0,0,動詞,自立,*,*,五段・ガ行,命令k,繋ぐ,ツナギ,ツナギ
煮込み,0,0,0,動詞,自立,*,*,五段・マ行,命令k,煮込む,ニコミ,ニコミ
かずき,0,0,0,動詞,自立,*,*,五段・カ行イ音便,命令k,かずく,カズキ,カズキ
落とし,0,0,0,動詞,自立,*,*,五段・サ行,命令k,落とす,オトシ,オトシ
降り,0,0,0,動詞,自立,*,*,五段・ラ行,命令k,降る,フリ,フリ
降り,0,0,0,動詞,自立,*,*,五段・ラ行,命令k,降る,クダリ,クダリ
思い出し,0,0,0,動詞,自立,*,*,五段・サ行,命令k,思い出す,オモイダシ,オモイダシ
受かり,0,0,0,動詞,自立,*,*,五段・ラ行,命令k,受かる,ウカリ,ウカリ
つきあい,0,0,0,動詞,自立,*,*,五段・ワ行促音便,命令k,つきあう,ツキアイ,ツキアイ
宛て,0,0,0,動詞,自立,*,*,一段,命令k,宛てる,アテ,アテ
駆け,0,0,0,動詞,自立,*,*,一段,命令k,駆ける,カケ,カケ
すい,0,0,0,動詞,自立,*,*,五段・ワ行促音便,命令k,すう,スイ,スイ
受け取り,0,0,0,動詞,自立,*,*,五段・ラ行,命令k,受け取る,ウケトリ,ウケトリ
たくり,0,0,0,動詞,自立,*,*,五段・ラ行,命令k,たくる,タクリ,タクリ
蒸し,0,0,0,動詞,自立,*,*,五段・サ行,命令k,蒸す,ムシ,ムシ
覆い,0,0,0,動詞,自立,*,*,五段・ワ行促音便,命令k,覆う,オオイ,オオイ
仕組み,0,0,0,動詞,自立,*,*,五段・マ行,命令k,仕組む,シクミ,シクミ
湿り,0,0,0,動詞,自立,*,*,五段・ラ行,命令k,湿る,シメリ,シメリ
分かり,0,0,0,動詞,自立,*,*,五段・ラ行,命令k,分かる,ワカリ,ワカリ
見つけ,0,0,0,動詞,自立,*,*,一段,命令k,見つける,ミツケ,ミツケ
じらし,0,0,0,動詞,自立,*,*,五段・サ行,命令k,じらす,ジラシ,ジラシ
言い聞かし,0,0,0,動詞,自立,*,*,五段・サ行,命令k,言い聞かす,イイキカシ,イーキカシ
ぼやき,0,0,0,動詞,自立,*,*,五段・カ行イ音便,命令k,ぼやく,ボヤキ,ボヤキ
解き,0,0,0,動詞,自立,*,*,五段・カ行イ音便,命令k,解く,トキ,トキ
解き,0,0,0,動詞,自立,*,*,五段・カ行イ音便,命令k,解く,ホドキ,ホドキ
ぶれ,0,0,0,動詞,自立,*,*,一段,命令k,ぶれる,ブレ,ブレ
揺り,0,0,0,動詞,自立,*,*,五段・ラ行,命令k,揺る,ユリ,ユリ
ひかり,0,0,0,動詞,自立,*,*,五段・ラ行,命令k,ひかる,ヒカリ,ヒカリ
掛かれ,0,0,0,動詞,自立,*,*,一段,命令k,掛かれる,カカレ,カカレ
換え,0,0,0,動詞,自立,*,*,一段,命令k,換える,カエ,カエ
とりなし,0,0,0,動詞,自立,*,*,五段・サ行,命令k,とりなす,トリナシ,トリナシ
堪え,0,0,0,動詞,自立,*,*,一段,命令k,堪える,コタエ,コタエ
堪え,0,0,0,動詞,自立,*,*,一段,命令k,堪える,コラエ,コラエ
堪え,0,0,0,動詞,自立,*,*,一段,命令k,堪える,タエ,タエ
遣え,0,0,0,動詞,自立,*,*,一段,命令k,遣える,ツカエ,ツカエ
すくい,0,0,0,動詞,自立,*,*,五段・ワ行促音便,命令k,すくう,スクイ,スクイ
称え,0,0,0,動詞,自立,*,*,一段,命令k,称える,トナエ,トナエ
酌み交わし,0,0,0,動詞,自立,*,*,五段・サ行,命令k,酌み交わす,クミカワシ,クミカワシ
違い,0,0,0,動詞,自立,*,*,五段・ワ行促音便,命令k,違う,チガイ,チガイ
参り,0,0,0,動詞,自立,*,*,五段・ラ行,命令k,参る,マイリ,マイリ
探し当て,0,0,0,動詞,自立,*,*,一段,命令k,探し当てる,サガシアテ,サガシアテ
積み立て,0,0,0,動詞,自立,*,*,一段,命令k,積み立てる,ツミタテ,ツミタテ
あまり,0,0,0,動詞,自立,*,*,五段・ラ行,命令k,あまる,アマリ,アマリ
合せ,0,0,0,動詞,自立,*,*,一段,命令k,合せる,アワセ,アワセ
なり,0,0,0,動詞,非自立,*,*,五段・ラ行,命令k,なる,ナリ,ナリ
持ち替え,0,0,0,動詞,自立,*,*,一段,命令k,持ち替える,モチカエ,モチカエ
見送り,0,0,0,動詞,自立,*,*,五段・ラ行,命令k,見送る,ミオクリ,ミオクリ
守れ,0,0,0,動詞,自立,*,*,一段,命令k,守れる,マモレ,マモレ
発ち,0,0,0,動詞,自立,*,*,五段・タ行,命令k,発つ,タチ,タチ
もらい,0,0,0,動詞,非自立,*,*,五段・ワ行促音便,命令k,もらう,モライ,モライ
建て替え,0,0,0,動詞,自立,*,*,一段,命令k,建て替える,タテカエ,タテカエ
たたき,0,0,0,動詞,自立,*,*,五段・カ行イ音便,命令k,たたく,タタキ,タタキ
映せ,0,0,0,動詞,自立,*,*,一段,命令k,映せる,ウツセ,ウツセ
植え付け,0,0,0,動詞,自立,*,*,一段,命令k,植え付ける,ウエツケ,ウエツケ
舞い,0,0,0,動詞,自立,*,*,五段・ワ行促音便,命令k,舞う,マイ,マイ
分ち,0,0,0,動詞,自立,*,*,五段・タ行,命令k,分つ,ワカチ,ワカチ
越し,0,0,0,動詞,自立,*,*,五段・サ行,命令k,越す,コシ,コシ
いき,0,0,0,動詞,非自立,*,*,五段・カ行促音便,命令k,いく,イキ,イキ
脱げ,0,0,0,動詞,自立,*,*,一段,命令k,脱げる,ヌゲ,ヌゲ
ぬり,0,0,0,動詞,自立,*,*,五段・ラ行,命令k,ぬる,ヌリ,ヌリ
騒ぎ,0,0,0,動詞,自立,*,*,五段・ガ行,命令k,騒ぐ,サワギ,サワギ
向い,0,0,0,動詞,自立,*,*,五段・ワ行促音便,命令k,向う,ムカイ,ムカイ
許し,0,0,0,動詞,自立,*,*,五段・サ行,命令k,許す,ユルシ,ユルシ
狭め,0,0,0,動詞,自立,*,*,一段,命令k,狭める,セバメ,セバメ
出掛け,0,0,0,動詞,自立,*,*,一段,命令k,出掛ける,デカケ,デカケ
投げつけ,0,0,0,動詞,自立,*,*,一段,命令k,投げつける,ナゲツケ,ナゲツケ
たぐい,0,0,0,動詞,自立,*,*,五段・ワ行促音便,命令k,たぐう,タグイ,タグイ
構い,0,0,0,動詞,自立,*,*,五段・ワ行促音便,命令k,構う,カマイ,カマイ
終わり,0,0,0,動詞,非自立,*,*,五段・ラ行,命令k,終わる,オワリ,オワリ
生まれ,0,0,0,動詞,自立,*,*,一段,命令k,生まれる,ウマレ,ウマレ
祝い,0,0,0,動詞,自立,*,*,五段・ワ行促音便,命令k,祝う,イワイ,イワイ
問い,0,0,0,動詞,自立,*,*,五段・ワ行ウ音便,命令k,問う,トイ,トイ
呼び出し,0,0,0,動詞,自立,*,*,五段・サ行,命令k,呼び出す,ヨビダシ,ヨビダシ
仕切り,0,0,0,動詞,自立,*,*,五段・ラ行,命令k,仕切る,シキリ,シキリ
代わり,0,0,0,動詞,自立,*,*,五段・ラ行,命令k,代わる,カワリ,カワリ
とらえ,0,0,0,動詞,自立,*,*,一段,命令k,とらえる,トラエ,トラエ
こうじ,0,0,0,動詞,自立,*,*,一段,命令k,こうじる,コウジ,コージ
怒り,0,0,0,動詞,自立,*,*,五段・ラ行,命令k,怒る,オコリ,オコリ
怒り,0,0,0,動詞,自立,*,*,五段・ラ行,命令k,怒る,イカリ,イカリ
飼え,0,0,0,動詞,自立,*,*,一段,命令k,飼える,カエ,カエ
追い出し,0,0,0,動詞,自立,*,*,五段・サ行,命令k,追い出す,オイダシ,オイダシ
いぶし,0,0,0,動詞,自立,*,*,五段・サ行,命令k,いぶす,イブシ,イブシ
駆り,0,0,0,動詞,自立,*,*,五段・ラ行,命令k,駆る,カリ,カリ
きめ,0,0,0,動詞,自立,*,*,一段,命令k,きめる,キメ,キメ
ちり,0,0,0,動詞,自立,*,*,五段・ラ行,命令k,ちる,チリ,チリ
煩わせ,0,0,0,動詞,自立,*,*,一段,命令k,煩わせる,ワズラワセ,ワズラワセ
振り,0,0,0,動詞,自立,*,*,五段・ラ行,命令k,振る,フリ,フリ
まかし,0,0,0,動詞,自立,*,*,五段・サ行,命令k,まかす,マカシ,マカシ
刻み,0,0,0,動詞,自立,*,*,五段・マ行,命令k,刻む,キザミ,キザミ
降り,0,0,0,動詞,自立,*,*,一段,命令k,降りる,オリ,オリ
遂げ,0,0,0,動詞,自立,*,*,一段,命令k,遂げる,トゲ,トゲ
届け出,0,0,0,動詞,自立,*,*,一段,命令k,届け出る,トドケデ,トドケデ
削れ,0,0,0,動詞,自立,*,*,一段,命令k,削れる,ケズレ,ケズレ
なさい,0,0,0,動詞,非自立,*,*,五段・ラ行特殊,命令k,なさる,ナサイ,ナサイ
やり過ごし,0,0,0,動詞,自立,*,*,五段・サ行,命令k,やり過ごす,ヤリスゴシ,ヤリスゴシ
叩きつけ,0,0,0,動詞,自立,*,*,一段,命令k,叩きつける,タタキツケ,タタキツケ
醸し出し,0,0,0,動詞,自立,*,*,五段・サ行,命令k,醸し出す,カモシダシ,カモシダシ
更かし,0,0,0,動詞,自立,*,*,五段・サ行,命令k,更かす,フカシ,フカシ
生まれつき,0,0,0,動詞,自立,*,*,五段・カ行イ音便,命令k,生まれつく,ウマレツキ,ウマレツキ
失せ,0,0,0,動詞,自立,*,*,一段,命令k,失せる,ウセ,ウセ
つられ,0,0,0,動詞,自立,*,*,一段,命令k,つられる,ツラレ,ツラレ
曝し,0,0,0,動詞,自立,*,*,五段・サ行,命令k,曝す,サラシ,サラシ
戻し,0,0,0,動詞,自立,*,*,五段・サ行,命令k,戻す,モドシ,モドシ
酔い,0,0,0,動詞,自立,*,*,五段・ワ行促音便,命令k,酔う,ヨイ,ヨイ
しめ,0,0,0,動詞,自立,*,*,一段,命令k,しめる,シメ,シメ
おっかけ,0,0,0,動詞,自立,*,*,一段,命令k,おっかける,オッカケ,オッカケ
馴染み,0,0,0,動詞,自立,*,*,五段・マ行,命令k,馴染む,ナジミ,ナジミ
あけ,0,0,0,動詞,自立,*,*,一段,命令k,あける,アケ,アケ
まつり,0,0,0,動詞,自立,*,*,五段・ラ行,命令k,まつる,マツリ,マツリ
あんじ,0,0,0,動詞,自立,*,*,一段,命令k,あんじる,アンジ,アンジ
任せ,0,0,0,動詞,自立,*,*,一段,命令k,任せる,マカセ,マカセ
盛れ,0,0,0,動詞,自立,*,*,一段,命令k,盛れる,モレ,モレ
伸ばせ,0,0,0,動詞,自立,*,*,一段,命令k,伸ばせる,ノバセ,ノバセ
続け,0,0,0,動詞,非自立,*,*,一段,命令k,続ける,ツヅケ,ツズケ
わらい,0,0,0,動詞,自立,*,*,五段・ワ行促音便,命令k,わらう,ワライ,ワライ
立行き,0,0,0,動詞,自立,*,*,五段・カ行促音便ユク,命令k,立行く,タチユキ,タチユキ
さされ,0,0,0,動詞,自立,*,*,一段,命令k,さされる,ササレ,ササレ
成り立ち,0,0,0,動詞,自立,*,*,五段・タ行,命令k,成り立つ,ナリタチ,ナリタチ
治せ,0,0,0,動詞,自立,*,*,一段,命令k,治せる,ナオセ,ナオセ
出くわし,0,0,0,動詞,自立,*,*,五段・サ行,命令k,出くわす,デクワシ,デクワシ
思い過ごし,0,0,0,動詞,自立,*,*,五段・サ行,命令k,思い過ごす,オモイスゴシ,オモイスゴシ
通り越し,0,0,0,動詞,自立,*,*,五段・サ行,命令k,通り越す,トオリコシ,トーリコシ
とり,0,0,0,動詞,自立,*,*,五段・ラ行,命令k,とる,トリ,トリ
とかし,0,0,0,動詞,自立,*,*,五段・サ行,命令k,とかす,トカシ,トカシ
折り返し,0,0,0,動詞,自立,*,*,五段・サ行,命令k,折り返す,オリカエシ,オリカエシ
話し合い,0,0,0,動詞,自立,*,*,五段・ワ行促音便,命令k,話し合う,ハナシアイ,ハナシアイ
老いぼれ,0,0,0,動詞,自立,*,*,一段,命令k,老いぼれる,オイボレ,オイボレ
貸し,0,0,0,動詞,自立,*,*,五段・サ行,命令k,貸す,カシ,カシ
取扱い,0,0,0,動詞,自立,*,*,五段・ワ行促音便,命令k,取扱う,トリアツカイ,トリアツカイ
関し,0,0,0,動詞,自立,*,*,五段・サ行,命令k,関す,カンシ,カンシ
ひっかけ,0,0,0,動詞,自立,*,*,一段,命令k,ひっかける,ヒッカケ,ヒッカケ
いからし,0,0,0,動詞,自立,*,*,五段・サ行,命令k,いからす,イカラシ,イカラシ
仕立て,0,0,0,動詞,自立,*,*,一段,命令k,仕立てる,シタテ,シタテ
手放し,0,0,0,動詞,自立,*,*,五段・サ行,命令k,手放す,テバナシ,テバナシ
初め,0,0,0,動詞,自立,*,*,一段,命令k,初める,ソメ,ソメ
早め,0,0,0,動詞,自立,*,*,一段,命令k,早める,ハヤメ,ハヤメ
そげ,0,0,0,動詞,自立,*,*,一段,命令k,そげる,ソゲ,ソゲ
思い直し,0,0,0,動詞,自立,*,*,五段・サ行,命令k,思い直す,オモイナオシ,オモイナオシ
あとずさり,0,0,0,動詞,自立,*,*,五段・ラ行,命令k,あとずさる,アトズサリ,アトズサリ
のり,0,0,0,動詞,自立,*,*,五段・ラ行,命令k,のる,ノリ,ノリ
売れ,0,0,0,動詞,自立,*,*,一段,命令k,売れる,ウレ,ウレ
眠れ,0,0,0,動詞,自立,*,*,一段,命令k,眠れる,ネムレ,ネムレ
かかり,0,0,0,動詞,非自立,*,*,五段・ラ行,命令k,かかる,カカリ,カカリ
使い,0,0,0,動詞,自立,*,*,五段・ワ行ウ音便,命令k,使う,ツカイ,ツカイ
訴え,0,0,0,動詞,自立,*,*,一段,命令k,訴える,ウッタエ,ウッタエ
耕し,0,0,0,動詞,自立,*,*,五段・サ行,命令k,耕す,タガヤシ,タガヤシ
かげ,0,0,0,動詞,自立,*,*,一段,命令k,かげる,カゲ,カゲ
接し,0,0,0,動詞,自立,*,*,五段・サ行,命令k,接す,セッシ,セッシ
絡み,0,0,0,動詞,自立,*,*,五段・マ行,命令k,絡む,カラミ,カラミ
ふい,0,0,0,動詞,自立,*,*,五段・ワ行促音便,命令k,ふう,フイ,フイ
跳ね,0,0,0,動詞,自立,*,*,一段,命令k,跳ねる,ハネ,ハネ
おぼえ,0,0,0,動詞,自立,*,*,一段,命令k,おぼえる,オボエ,オボエ
ゆれ,0,0,0,動詞,自立,*,*,一段,命令k,ゆれる,ユレ,ユレ
負い,0,0,0,動詞,自立,*,*,五段・ワ行促音便,命令k,負う,オイ,オイ
尽き,0,0,0,動詞,自立,*,*,一段,命令k,尽きる,ツキ,ツキ
かえり,0,0,0,動詞,自立,*,*,五段・ラ行,命令k,かえる,カエリ,カエリ
切り,0,0,0,動詞,非自立,*,*,五段・ラ行,命令k,切る,キリ,キリ
争い,0,0,0,動詞,自立,*,*,五段・ワ行促音便,命令k,争う,アラソイ,アラソイ
込め,0,0,0,動詞,自立,*,*,一段,命令k,込める,コメ,コメ
纏まり,0,0,0,動詞,自立,*,*,五段・ラ行,命令k,纏まる,マトマリ,マトマリ
ふれあい,0,0,0,動詞,自立,*,*,五段・ワ行促音便,命令k,ふれあう,フレアイ,フレアイ
鎖し,0,0,0,動詞,自立,*,*,五段・サ行,命令k,鎖す,トザシ,トザシ
みきれ,0,0,0,動詞,自立,*,*,一段,命令k,みきれる,ミキレ,ミキレ
見比べ,0,0,0,動詞,自立,*,*,一段,命令k,見比べる,ミクラベ,ミクラベ
言い出し,0,0,0,動詞,自立,*,*,五段・サ行,命令k,言い出す,イイダシ,イーダシ
言い聞かせ,0,0,0,動詞,自立,*,*,一段,命令k,言い聞かせる,イイキカセ,イーキカセ
諦め,0,0,0,動詞,自立,*,*,一段,命令k,諦める,アキラメ,アキラメ
死に,0,0,0,動詞,自立,*,*,五段・ナ行,命令k,死ぬ,シニ,シニ
かり,0,0,0,動詞,自立,*,*,五段・ラ行,命令k,かる,カリ,カリ
説き伏せ,0,0,0,動詞,自立,*,*,一段,命令k,説き伏せる,トキフセ,トキフセ
拭い,0,0,0,動詞,自立,*,*,五段・ワ行促音便,命令k,拭う,ヌグイ,ヌグイ
催し,0,0,0,動詞,自立,*,*,五段・サ行,命令k,催す,モヨオシ,モヨオシ
降ろし,0,0,0,動詞,自立,*,*,五段・サ行,命令k,降ろす,オロシ,オロシ
くるみ,0,0,0,動詞,自立,*,*,五段・マ行,命令k,くるむ,クルミ,クルミ
撮り,0,0,0,動詞,自立,*,*,五段・ラ行,命令k,撮る,トリ,トリ
出逢い,0,0,0,動詞,自立,*,*,五段・ワ行促音便,命令k,出逢う,デアイ,デアイ
すませ,0,0,0,動詞,自立,*,*,一段,命令k,すませる,スマセ,スマセ
申し,0,0,0,動詞,自立,*,*,五段・サ行,命令k,申す,モウシ,モーシ
ほころび,0,0,0,動詞,自立,*,*,一段,命令k,ほころびる,ホコロビ,ホコロビ
うき,0,0,0,動詞,自立,*,*,五段・カ行イ音便,命令k,うく,ウキ,ウキ
始まり,0,0,0,動詞,自立,*,*,五段・ラ行,命令k,始まる,ハジマリ,ハジマリ
愛し,0,0,0,動詞,自立,*,*,五段・サ行,命令k,愛す,アイシ,アイシ
照れ,0,0,0,動詞,自立,*,*,一段,命令k,照れる,テレ,テレ
きれ,0,0,0,動詞,非自立,*,*,一段,命令k,きれる,キレ,キレ
かけ離れ,0,0,0,動詞,自立,*,*,一段,命令k,かけ離れる,カケハナレ,カケハナレ
こぼし,0,0,0,動詞,自立,*,*,五段・サ行,命令k,こぼす,コボシ,コボシ
おろし,0,0,0,動詞,自立,*,*,五段・サ行,命令k,おろす,オロシ,オロシ
置き換え,0,0,0,動詞,自立,*,*,一段,命令k,置き換える,オキカエ,オキカエ
産め,0,0,0,動詞,自立,*,*,一段,命令k,産める,ウメ,ウメ
かれ,0,0,0,動詞,自立,*,*,一段,命令k,かれる,カレ,カレ
弾け,0,0,0,動詞,自立,*,*,一段,命令k,弾ける,ハジケ,ハジケ
弾け,0,0,0,動詞,自立,*,*,一段,命令k,弾ける,ヒケ,ヒケ
食い,0,0,0,動詞,自立,*,*,五段・ワ行促音便,命令k,食う,クイ,クイ
転げ,0,0,0,動詞,自立,*,*,一段,命令k,転げる,コロゲ,コロゲ
かりあげ,0,0,0,動詞,自立,*,*,一段,命令k,かりあげる,カリアゲ,カリアゲ
こね,0,0,0,動詞,自立,*,*,一段,命令k,こねる,コネ,コネ
真似,0,0,0,動詞,自立,*,*,一段,命令k,真似る,マネ,マネ
いやせ,0,0,0,動詞,自立,*,*,一段,命令k,いやせる,イヤセ,イヤセ
なけ,0,0,0,動詞,自立,*,*,一段,命令k,なける,ナケ,ナケ
ひそめ,0,0,0,動詞,自立,*,*,一段,命令k,ひそめる,ヒソメ,ヒソメ
乗っけ,0,0,0,動詞,自立,*,*,一段,命令k,乗っける,ノッケ,ノッケ
だき,0,0,0,動詞,自立,*,*,五段・カ行イ音便,命令k,だく,ダキ,ダキ
釣れ,0,0,0,動詞,自立,*,*,一段,命令k,釣れる,ツレ,ツレ
差し障り,0,0,0,動詞,自立,*,*,五段・ラ行,命令k,差し障る,サシサワリ,サシサワリ
呼ばれ,0,0,0,動詞,自立,*,*,一段,命令k,呼ばれる,ヨバレ,ヨバレ
止め,0,0,0,動詞,自立,*,*,一段,命令k,止める,トメ,トメ
止め,0,0,0,動詞,自立,*,*,一段,命令k,止める,ヤメ,ヤメ
打ち,0,0,0,動詞,自立,*,*,五段・タ行,命令k,打つ,ウチ,ウチ
執り,0,0,0,動詞,自立,*,*,五段・ラ行,命令k,執る,トリ,トリ
掛け持ち,0,0,0,動詞,自立,*,*,五段・タ行,命令k,掛け持つ,カケモチ,カケモチ
きたり,0,0,0,動詞,自立,*,*,五段・ラ行,命令k,きたる,キタリ,キタリ
じみ,0,0,0,動詞,自立,*,*,一段,命令k,じみる,ジミ,ジミ
取り合い,0,0,0,動詞,自立,*,*,五段・ワ行促音便,命令k,取り合う,トリアイ,トリアイ
たき,0,0,0,動詞,自立,*,*,五段・カ行イ音便,命令k,たく,タキ,タキ
果たせ,0,0,0,動詞,自立,*,*,一段,命令k,果たせる,ハタセ,ハタセ
であるけ,0,0,0,動詞,自立,*,*,一段,命令k,であるける,デアルケ,デアルケ
とまれ,0,0,0,動詞,自立,*,*,一段,命令k,とまれる,トマレ,トマレ
転け,0,0,0,動詞,自立,*,*,一段,命令k,転ける,コケ,コケ
頂き,0,0,0,動詞,自立,*,*,五段・カ行イ音便,命令k,頂く,イタダキ,イタダキ
乗り換え,0,0,0,動詞,自立,*,*,一段,命令k,乗り換える,ノリカエ,ノリカエ
急ぎ,0,0,0,動詞,自立,*,*,五段・ガ行,命令k,急ぐ,イソギ,イソギ
合わせ,0,0,0,動詞,自立,*,*,一段,命令k,合わせる,アワセ,アワセ
あめ,0,0,0,動詞,自立,*,*,一段,命令k,あめる,アメ,アメ
触り,0,0,0,動詞,自立,*,*,五段・ラ行,命令k,触る,サワリ,サワリ
亡くなり,0,0,0,動詞,自立,*,*,五段・ラ行,命令k,亡くなる,ナクナリ,ナクナリ
くわえ,0,0,0,動詞,自立,*,*,一段,命令k,くわえる,クワエ,クワエ
搾り,0,0,0,動詞,自立,*,*,五段・ラ行,命令k,搾る,シボリ,シボリ
映し,0,0,0,動詞,自立,*,*,五段・サ行,命令k,映す,ウツシ,ウツシ
せかし,0,0,0,動詞,自立,*,*,五段・サ行,命令k,せかす,セカシ,セカシ
いかれ,0,0,0,動詞,自立,*,*,一段,命令k,いかれる,イカレ,イカレ
たため,0,0,0,動詞,自立,*,*,一段,命令k,たためる,タタメ,タタメ
積み,0,0,0,動詞,自立,*,*,五段・マ行,命令k,積む,ツミ,ツミ
薄れ,0,0,0,動詞,自立,*,*,一段,命令k,薄れる,ウスレ,ウスレ
改め,0,0,0,動詞,自立,*,*,下二・マ行,命令k,改む,アラタメ,アラタメ
ばれ,0,0,0,動詞,自立,*,*,一段,命令k,ばれる,バレ,バレ
更し,0,0,0,動詞,自立,*,*,五段・サ行,命令k,更す,フカシ,フカシ
教え,0,0,0,動詞,自立,*,*,一段,命令k,教える,オシエ,オシエ
映り,0,0,0,動詞,自立,*,*,五段・ラ行,命令k,映る,ウツリ,ウツリ
聞こえ,0,0,0,動詞,自立,*,*,一段,命令k,聞こえる,キコエ,キコエ
とまり,0,0,0,動詞,自立,*,*,五段・ラ行,命令k,とまる,トマリ,トマリ
変じ,0,0,0,動詞,自立,*,*,一段,命令k,変じる,ヘンジ,ヘンジ
泣き,0,0,0,動詞,自立,*,*,五段・カ行イ音便,命令k,泣く,ナキ,ナキ
こがれ,0,0,0,動詞,自立,*,*,一段,命令k,こがれる,コガレ,コガレ
組め,0,0,0,動詞,自立,*,*,一段,命令k,組める,クメ,クメ
愛で,0,0,0,動詞,自立,*,*,一段,命令k,愛でる,メデ,メデ
吸い出し,0,0,0,動詞,自立,*,*,五段・サ行,命令k,吸い出す,スイダシ,スイダシ
擦り,0,0,0,動詞,自立,*,*,五段・ラ行,命令k,擦る,スリ,スリ
回り,0,0,0,動詞,非自立,*,*,五段・ラ行,命令k,回る,マワリ,マワリ
朽ち果て,0,0,0,動詞,自立,*,*,一段,命令k,朽ち果てる,クチハテ,クチハテ
こやし,0,0,0,動詞,自立,*,*,五段・サ行,命令k,こやす,コヤシ,コヤシ
落ち,0,0,0,動詞,自立,*,*,一段,命令k,落ちる,オチ,オチ
移り,0,0,0,動詞,自立,*,*,五段・ラ行,命令k,移る,ウツリ,ウツリ
ほし,0,0,0,動詞,自立,*,*,五段・サ行,命令k,ほす,ホシ,ホシ
晴らし,0,0,0,動詞,自立,*,*,五段・サ行,命令k,晴らす,ハラシ,ハラシ
係り,0,0,0,動詞,自立,*,*,五段・ラ行,命令k,係る,カカリ,カカリ
飛ばし,0,0,0,動詞,自立,*,*,五段・サ行,命令k,飛ばす,トバシ,トバシ
あい,0,0,0,動詞,非自立,*,*,五段・ワ行促音便,命令k,あう,アイ,アイ
みかけ,0,0,0,動詞,自立,*,*,一段,命令k,みかける,ミカケ,ミカケ
うち,0,0,0,動詞,自立,*,*,五段・タ行,命令k,うつ,ウチ,ウチ
さわり,0,0,0,動詞,自立,*,*,五段・ラ行,命令k,さわる,サワリ,サワリ
すれ違い,0,0,0,動詞,自立,*,*,五段・ワ行促音便,命令k,すれ違う,スレチガイ,スレチガイ
やらし,0,0,0,動詞,自立,*,*,五段・サ行,命令k,やらす,ヤラシ,ヤラシ
そこね,0,0,0,動詞,自立,*,*,一段,命令k,そこねる,ソコネ,ソコネ
通じ,0,0,0,動詞,自立,*,*,一段,命令k,通じる,ツウジ,ツージ
照らし,0,0,0,動詞,自立,*,*,五段・サ行,命令k,照らす,テラシ,テラシ
いぶり,0,0,0,動詞,自立,*,*,五段・ラ行,命令k,いぶる,イブリ,イブリ
こみ,0,0,0,動詞,自立,*,*,五段・マ行,命令k,こむ,コミ,コミ
割引き,0,0,0,動詞,自立,*,*,五段・カ行イ音便,命令k,割引く,ワリビキ,ワリビキ
踏みとどまれ,0,0,0,動詞,自立,*,*,一段,命令k,踏みとどまれる,フミトドマレ,フミトドマレ
着き,0,0,0,動詞,自立,*,*,五段・カ行イ音便,命令k,着く,ツキ,ツキ
かまい,0,0,0,動詞,自立,*,*,五段・ワ行促音便,命令k,かまう,カマイ,カマイ
泊り,0,0,0,動詞,自立,*,*,五段・ラ行,命令k,泊る,トマリ,トマリ
戸惑い,0,0,0,動詞,自立,*,*,五段・ワ行ウ音便,命令k,戸惑う,トマドイ,トマドイ
目立ち,0,0,0,動詞,自立,*,*,五段・タ行,命令k,目立つ,メダチ,メダチ
し,0,0,0,動詞,自立,*,*,サ変・スル,命令k,する,シ,シ
しい,0,0,0,動詞,自立,*,*,サ変・スル,命令k・長音化,する,シイ,シー
せ,0,0,0,動詞,自立,*,*,サ変・スル,命令k・特殊,する,セ,セ
せえ,0,0,0,動詞,自立,*,*,サ変・スル,命令k・特殊・長音化,する,セエ,セー
媚び,0,0,0,動詞,自立,*,*,一段,命令k,媚びる,コビ,コビ
問いかけ,0,0,0,動詞,自立,*,*,一段,命令k,問いかける,トイカケ,トイカケ
向かい,0,0,0,動詞,自立,*,*,五段・ワ行促音便,命令k,向かう,ムカイ,ムカイ
運び,0,0,0,動詞,自立,*,*,五段・バ行,命令k,運ぶ,ハコビ,ハコビ
焚き,0,0,0,動詞,自立,*,*,五段・カ行イ音便,命令k,焚く,タキ,タキ
してやり,0,0,0,動詞,自立,*,*,五段・ラ行,命令k,してやる,シテヤリ,シテヤリ
うえ,0,0,0,動詞,自立,*,*,一段,命令k,うえる,ウエ,ウエ
化け,0,0,0,動詞,自立,*,*,一段,命令k,化ける,バケ,バケ
あからみ,0,0,0,動詞,自立,*,*,五段・マ行,命令k,あからむ,アカラミ,アカラミ
指さし,0,0,0,動詞,自立,*,*,五段・サ行,命令k,指さす,ユビサシ,ユビサシ
払い出し,0,0,0,動詞,自立,*,*,五段・サ行,命令k,払い出す,ハライダシ,ハライダシ
かかり,0,0,0,動詞,自立,*,*,五段・ラ行,命令k,かかる,カカリ,カカリ
しめし,0,0,0,動詞,自立,*,*,五段・サ行,命令k,しめす,シメシ,シメシ
やけ,0,0,0,動詞,自立,*,*,一段,命令k,やける,ヤケ,ヤケ
しょぼくれ,0,0,0,動詞,自立,*,*,一段,命令k,しょぼくれる,ショボクレ,ショボクレ
織り,0,0,0,動詞,自立,*,*,五段・ラ行,命令k,織る,オリ,オリ
探せ,0,0,0,動詞,自立,*,*,一段,命令k,探せる,サガセ,サガセ
食べ,0,0,0,動詞,自立,*,*,一段,命令k,食べる,タベ,タベ
煩わし,0,0,0,動詞,自立,*,*,五段・サ行,命令k,煩わす,ワズラワシ,ワズラワシ
推し,0,0,0,動詞,自立,*,*,五段・サ行,命令k,推す,オシ,オシ
とき,0,0,0,動詞,自立,*,*,五段・カ行イ音便,命令k,とく,トキ,トキ
馬鹿げ,0,0,0,動詞,自立,*,*,一段,命令k,馬鹿げる,バカゲ,バカゲ
あこがれ,0,0,0,動詞,自立,*,*,一段,命令k,あこがれる,アコガレ,アコガレ
襲われ,0,0,0,動詞,自立,*,*,一段,命令k,襲われる,オソワレ,オソワレ
使い分け,0,0,0,動詞,自立,*,*,一段,命令k,使い分ける,ツカイワケ,ツカイワケ
伏せ,0,0,0,動詞,自立,*,*,一段,命令k,伏せる,フセ,フセ
とがめ,0,0,0,動詞,自立,*,*,一段,命令k,とがめる,トガメ,トガメ
聞き入れ,0,0,0,動詞,自立,*,*,一段,命令k,聞き入れる,キキイレ,キキイレ
つとめ,0,0,0,動詞,自立,*,*,一段,命令k,つとめる,ツトメ,ツトメ
飛び,0,0,0,動詞,自立,*,*,五段・バ行,命令k,飛ぶ,トビ,トビ
このみ,0,0,0,動詞,自立,*,*,五段・マ行,命令k,このむ,コノミ,コノミ
うせ,0,0,0,動詞,自立,*,*,一段,命令k,うせる,ウセ,ウセ
突き刺し,0,0,0,動詞,自立,*,*,五段・サ行,命令k,突き刺す,ツキサシ,ツキサシ
なおし,0,0,0,動詞,自立,*,*,五段・サ行,命令k,なおす,ナオシ,ナオシ
使い果たし,0,0,0,動詞,自立,*,*,五段・サ行,命令k,使い果たす,ツカイハタシ,ツカイハタシ
送り出し,0,0,0,動詞,自立,*,*,五段・サ行,命令k,送り出す,オクリダシ,オクリダシ
過ごし,0,0,0,動詞,自立,*,*,五段・サ行,命令k,過ごす,スゴシ,スゴシ
画し,0,0,0,動詞,自立,*,*,五段・サ行,命令k,画す,カクシ,カクシ
しめ,0,0,0,動詞,接尾,*,*,一段,命令k,しめる,シメ,シメ
現れ,0,0,0,動詞,自立,*,*,一段,命令k,現れる,アラワレ,アラワレ
盛り,0,0,0,動詞,自立,*,*,五段・ラ行,命令k,盛る,モリ,モリ
残し,0,0,0,動詞,自立,*,*,五段・サ行,命令k,残す,ノコシ,ノコシ
あしらい,0,0,0,動詞,自立,*,*,五段・ワ行促音便,命令k,あしらう,アシライ,アシライ
でかし,0,0,0,動詞,自立,*,*,五段・サ行,命令k,でかす,デカシ,デカシ
動かし,0,0,0,動詞,自立,*,*,五段・サ行,命令k,動かす,ウゴカシ,ウゴカシ
取組み,0,0,0,動詞,自立,*,*,五段・マ行,命令k,取組む,トリクミ,トリクミ
乗り上げ,0,0,0,動詞,自立,*,*,一段,命令k,乗り上げる,ノリアゲ,ノリアゲ
取り合え,0,0,0,動詞,自立,*,*,一段,命令k,取り合える,トリアエ,トリアエ
ひかれ,0,0,0,動詞,自立,*,*,一段,命令k,ひかれる,ヒカレ,ヒカレ
やぶれ,0,0,0,動詞,自立,*,*,一段,命令k,やぶれる,ヤブレ,ヤブレ
やってき,0,0,0,動詞,自立,*,*,カ変・クル,命令k,やってくる,ヤッテキ,ヤッテキ
送り,0,0,0,動詞,自立,*,*,五段・ラ行,命令k,送る,オクリ,オクリ
いき,0,0,0,動詞,自立,*,*,一段,命令k,いきる,イキ,イキ
ふらし,0,0,0,動詞,自立,*,*,五段・サ行,命令k,ふらす,フラシ,フラシ
上がり,0,0,0,動詞,自立,*,*,五段・ラ行,命令k,上がる,アガリ,アガリ
湯引き,0,0,0,動詞,自立,*,*,五段・カ行イ音便,命令k,湯引く,ユビキ,ユビキ
たまりかね,0,0,0,動詞,自立,*,*,一段,命令k,たまりかねる,タマリカネ,タマリカネ
見立て,0,0,0,動詞,自立,*,*,一段,命令k,見立てる,ミタテ,ミタテ
犯し,0,0,0,動詞,自立,*,*,五段・サ行,命令k,犯す,オカシ,オカシ
高じ,0,0,0,動詞,自立,*,*,一段,命令k,高じる,コウジ,コージ
祓い,0,0,0,動詞,自立,*,*,五段・ワ行促音便,命令k,祓う,ハライ,ハライ
付き合え,0,0,0,動詞,自立,*,*,一段,命令k,付き合える,ツキアエ,ツキアエ
追い求め,0,0,0,動詞,自立,*,*,一段,命令k,追い求める,オイモトメ,オイモトメ
濡れ,0,0,0,動詞,自立,*,*,一段,命令k,濡れる,ヌレ,ヌレ
泣け,0,0,0,動詞,自立,*,*,一段,命令k,泣ける,ナケ,ナケ
入れ替え,0,0,0,動詞,自立,*,*,一段,命令k,入れ替える,イレカエ,イレカエ
ふみ,0,0,0,動詞,自立,*,*,五段・マ行,命令k,ふむ,フミ,フミ
取り,0,0,0,動詞,自立,*,*,五段・ラ行,命令k,取る,トリ,トリ
吠え,0,0,0,動詞,自立,*,*,一段,命令k,吠える,ホエ,ホエ
略し,0,0,0,動詞,自立,*,*,五段・サ行,命令k,略す,リャクシ,リャクシ
潰し,0,0,0,動詞,自立,*,*,五段・サ行,命令k,潰す,ツブシ,ツブシ
さぼり,0,0,0,動詞,自立,*,*,五段・ラ行,命令k,さぼる,サボリ,サボリ
入り乱れ,0,0,0,動詞,自立,*,*,一段,命令k,入り乱れる,イリミダレ,イリミダレ
恐れ入り,0,0,0,動詞,自立,*,*,五段・ラ行,命令k,恐れ入る,オソレイリ,オソレイリ
ついていけ,0,0,0,動詞,自立,*,*,一段,命令k,ついていける,ツイテイケ,ツイテイケ
轢き,0,0,0,動詞,自立,*,*,五段・カ行イ音便,命令k,轢く,ヒキ,ヒキ
うなり,0,0,0,動詞,自立,*,*,五段・ラ行,命令k,うなる,ウナリ,ウナリ
でむかえ,0,0,0,動詞,自立,*,*,一段,命令k,でむかえる,デムカエ,デムカエ
飲み,0,0,0,動詞,自立,*,*,五段・マ行,命令k,飲む,ノミ,ノミ
けせ,0,0,0,動詞,自立,*,*,一段,命令k,けせる,ケセ,ケセ
さがし,0,0,0,動詞,自立,*,*,五段・サ行,命令k,さがす,サガシ,サガシ
飛び出し,0,0,0,動詞,自立,*,*,五段・サ行,命令k,飛び出す,トビダシ,トビダシ
枯れ,0,0,0,動詞,自立,*,*,一段,命令k,枯れる,カレ,カレ
繰り返し,0,0,0,動詞,自立,*,*,五段・サ行,命令k,繰り返す,クリカエシ,クリカエシ
壊れ,0,0,0,動詞,自立,*,*,一段,命令k,壊れる,コワレ,コワレ
通り抜け,0,0,0,動詞,自立,*,*,一段,命令k,通り抜ける,トオリヌケ,トーリヌケ
泳ぎ,0,0,0,動詞,自立,*,*,五段・ガ行,命令k,泳ぐ,オヨギ,オヨギ
ゆるめ,0,0,0,動詞,自立,*,*,一段,命令k,ゆるめる,ユルメ,ユルメ
打ち込め,0,0,0,動詞,自立,*,*,一段,命令k,打ち込める,ウチコメ,ウチコメ
こかし,0,0,0,動詞,自立,*,*,五段・サ行,命令k,こかす,コカシ,コカシ
跨げ,0,0,0,動詞,自立,*,*,一段,命令k,跨げる,マタゲ,マタゲ
切り離し,0,0,0,動詞,自立,*,*,五段・サ行,命令k,切り離す,キリハナシ,キリハナシ
切れ,0,0,0,動詞,非自立,*,*,一段,命令k,切れる,キレ,キレ
わかし,0,0,0,動詞,自立,*,*,五段・サ行,命令k,わかす,ワカシ,ワカシ
かもせ,0,0,0,動詞,自立,*,*,一段,命令k,かもせる,カモセ,カモセ
乗りまわし,0,0,0,動詞,自立,*,*,五段・サ行,命令k,乗りまわす,ノリマワシ,ノリマワシ
疲れ,0,0,0,動詞,自立,*,*,一段,命令k,疲れる,ツカレ,ツカレ
たべ,0,0,0,動詞,自立,*,*,一段,命令k,たべる,タベ,タベ
こき,0,0,0,動詞,自立,*,*,五段・カ行イ音便,命令k,こく,コキ,コキ
なくなり,0,0,0,動詞,自立,*,*,五段・ラ行,命令k,なくなる,ナクナリ,ナクナリ
ゆで,0,0,0,動詞,自立,*,*,一段,命令k,ゆでる,ユデ,ユデ
探り,0,0,0,動詞,自立,*,*,五段・ラ行,命令k,探る,サグリ,サグリ
いに,0,0,0,動詞,自立,*,*,五段・ナ行,命令k,いぬ,イニ,イニ
来い,0,0,0,動詞,自立,*,*,カ変・来ル,命令k,来る,キイ,キー
きい,0,0,0,動詞,自立,*,*,カ変・来ル,命令k,来る,キイ,キー
き,0,0,0,動詞,自立,*,*,カ変・来ル,命令k,来る,キ,キ
切り替え,0,0,0,動詞,自立,*,*,一段,命令k,切り替える,キリカエ,キリカエ
持ち,0,0,0,動詞,自立,*,*,五段・タ行,命令k,持つ,モチ,モチ
落し,0,0,0,動詞,自立,*,*,五段・サ行,命令k,落す,オトシ,オトシ
ひろげ,0,0,0,動詞,自立,*,*,一段,命令k,ひろげる,ヒロゲ,ヒロゲ
載せ,0,0,0,動詞,自立,*,*,一段,命令k,載せる,ノセ,ノセ
いかけ,0,0,0,動詞,自立,*,*,一段,命令k,いかける,イカケ,イカケ
消せ,0,0,0,動詞,自立,*,*,一段,命令k,消せる,ケセ,ケセ
退け,0,0,0,動詞,自立,*,*,一段,命令k,退ける,シリゾケ,シリゾケ
退け,0,0,0,動詞,自立,*,*,一段,命令k,退ける,ドケ,ドケ
退け,0,0,0,動詞,自立,*,*,一段,命令k,退ける,ノケ,ノケ
退け,0,0,0,動詞,自立,*,*,一段,命令k,退ける,ヒケ,ヒケ
はかし,0,0,0,動詞,自立,*,*,五段・サ行,命令k,はかす,ハカシ,ハカシ
がんばり,0,0,0,動詞,自立,*,*,五段・ラ行,命令k,がんばる,ガンバリ,ガンバリ
いとい,0,0,0,動詞,自立,*,*,五段・ワ行ウ音便,命令k,いとう,イトイ,イトイ
はりかえ,0,0,0,動詞,自立,*,*,一段,命令k,はりかえる,ハリカエ,ハリカエ
服せ,0,0,0,動詞,自立,*,*,一段,命令k,服せる,フクセ,フクセ
寄り,0,0,0,動詞,自立,*,*,五段・ラ行,命令k,寄る,ヨリ,ヨリ
崩し,0,0,0,動詞,自立,*,*,五段・サ行,命令k,崩す,クズシ,クズシ
貰い,0,0,0,動詞,自立,*,*,五段・ワ行促音便,命令k,貰う,モライ,モライ
繰り,0,0,0,動詞,自立,*,*,五段・ラ行,命令k,繰る,クリ,クリ
しけ,0,0,0,動詞,自立,*,*,一段,命令k,しける,シケ,シケ
聞け,0,0,0,動詞,自立,*,*,一段,命令k,聞ける,キケ,キケ
祭り,0,0,0,動詞,自立,*,*,五段・ラ行,命令k,祭る,マツリ,マツリ
悔い,0,0,0,動詞,自立,*,*,一段,命令k,悔いる,クイ,クイ
就き,0,0,0,動詞,自立,*,*,五段・カ行イ音便,命令k,就く,ツキ,ツキ
抜け,0,0,0,動詞,自立,*,*,一段,命令k,抜ける,ヌケ,ヌケ
あき,0,0,0,動詞,自立,*,*,一段,命令k,あきる,アキ,アキ
呼びつけ,0,0,0,動詞,自立,*,*,一段,命令k,呼びつける,ヨビツケ,ヨビツケ
たし,0,0,0,動詞,自立,*,*,五段・サ行,命令k,たす,タシ,タシ
こぎ,0,0,0,動詞,自立,*,*,五段・ガ行,命令k,こぐ,コギ,コギ
掘り返し,0,0,0,動詞,自立,*,*,五段・サ行,命令k,掘り返す,ホリカエシ,ホリカエシ
生え,0,0,0,動詞,自立,*,*,一段,命令k,生える,ハエ,ハエ
並べ,0,0,0,動詞,自立,*,*,一段,命令k,並べる,ナラベ,ナラベ
割り,0,0,0,動詞,自立,*,*,五段・ラ行,命令k,割る,ワリ,ワリ
すけ,0,0,0,動詞,自立,*,*,一段,命令k,すける,スケ,スケ
治し,0,0,0,動詞,自立,*,*,五段・サ行,命令k,治す,ナオシ,ナオシ
かぎれ,0,0,0,動詞,自立,*,*,一段,命令k,かぎれる,カギレ,カギレ
掘れ,0,0,0,動詞,自立,*,*,一段,命令k,掘れる,ホレ,ホレ
増やし,0,0,0,動詞,自立,*,*,五段・サ行,命令k,増やす,フヤシ,フヤシ
仕上げ,0,0,0,動詞,自立,*,*,一段,命令k,仕上げる,シアゲ,シアゲ
伸ばし,0,0,0,動詞,自立,*,*,五段・サ行,命令k,伸ばす,ノバシ,ノバシ
黙し,0,0,0,動詞,自立,*,*,五段・サ行,命令k,黙す,モダシ,モダシ
細め,0,0,0,動詞,自立,*,*,一段,命令k,細める,ホソメ,ホソメ
ぼやけ,0,0,0,動詞,自立,*,*,一段,命令k,ぼやける,ボヤケ,ボヤケ
分け,0,0,0,動詞,自立,*,*,一段,命令k,分ける,ワケ,ワケ
遊べ,0,0,0,動詞,自立,*,*,一段,命令k,遊べる,アソベ,アソベ
負け,0,0,0,動詞,自立,*,*,一段,命令k,負ける,マケ,マケ
いわし,0,0,0,動詞,自立,*,*,五段・サ行,命令k,いわす,イワシ,イワシ
ひけ,0,0,0,動詞,自立,*,*,一段,命令k,ひける,ヒケ,ヒケ
覗き,0,0,0,動詞,自立,*,*,五段・カ行イ音便,命令k,覗く,ノゾキ,ノゾキ
潜め,0,0,0,動詞,自立,*,*,一段,命令k,潜める,ヒソメ,ヒソメ
積もり,0,0,0,動詞,自立,*,*,五段・ラ行,命令k,積もる,ツモリ,ツモリ
追いつめ,0,0,0,動詞,自立,*,*,一段,命令k,追いつめる,オイツメ,オイツメ
迎え入れ,0,0,0,動詞,自立,*,*,一段,命令k,迎え入れる,ムカエイレ,ムカエイレ
褒め,0,0,0,動詞,自立,*,*,一段,命令k,褒める,ホメ,ホメ
買え,0,0,0,動詞,自立,*,*,一段,命令k,買える,カエ,カエ
てれ,0,0,0,動詞,自立,*,*,一段,命令k,てれる,テレ,テレ
頼り,0,0,0,動詞,自立,*,*,五段・ラ行,命令k,頼る,タヨリ,タヨリ
こらし,0,0,0,動詞,自立,*,*,五段・サ行,命令k,こらす,コラシ,コラシ
兼ね,0,0,0,動詞,自立,*,*,一段,命令k,兼ねる,カネ,カネ
そこね,0,0,0,動詞,非自立,*,*,一段,命令k,そこねる,ソコネ,ソコネ
近づき,0,0,0,動詞,自立,*,*,五段・カ行イ音便,命令k,近づく,チカヅキ,チカズキ
やり直し,0,0,0,動詞,自立,*,*,五段・サ行,命令k,やり直す,ヤリナオシ,ヤリナオシ
読み直し,0,0,0,動詞,自立,*,*,五段・サ行,命令k,読み直す,ヨミナオシ,ヨミナオシ
どうじ,0,0,0,動詞,自立,*,*,一段,命令k,どうじる,ドウジ,ドージ
問い,0,0,0,動詞,自立,*,*,五段・ワ行促音便,命令k,問う,トイ,トイ
押し込め,0,0,0,動詞,自立,*,*,一段,命令k,押し込める,オシコメ,オシコメ
呼びかけ,0,0,0,動詞,自立,*,*,一段,命令k,呼びかける,ヨビカケ,ヨビカケ
集まり,0,0,0,動詞,自立,*,*,五段・ラ行,命令k,集まる,アツマリ,アツマリ
まかせ,0,0,0,動詞,自立,*,*,一段,命令k,まかせる,マカセ,マカセ
すぎ,0,0,0,動詞,自立,*,*,一段,命令k,すぎる,スギ,スギ
さかせ,0,0,0,動詞,自立,*,*,一段,命令k,さかせる,サカセ,サカセ
とび,0,0,0,動詞,自立,*,*,五段・バ行,命令k,とぶ,トビ,トビ
捕まえ,0,0,0,動詞,自立,*,*,一段,命令k,捕まえる,ツカマエ,ツカマエ
崩れ,0,0,0,動詞,自立,*,*,一段,命令k,崩れる,クズレ,クズレ
凝り,0,0,0,動詞,自立,*,*,五段・ラ行,命令k,凝る,コリ,コリ
凝り,0,0,0,動詞,自立,*,*,五段・ラ行,命令k,凝る,シコリ,シコリ
凝り,0,0,0,動詞,自立,*,*,五段・ラ行,命令k,凝る,コゴリ,コゴリ
そびれ,0,0,0,動詞,自立,*,*,一段,命令k,そびれる,ソビレ,ソビレ
喜べ,0,0,0,動詞,自立,*,*,一段,命令k,喜べる,ヨロコベ,ヨロコベ
盛り上げ,0,0,0,動詞,自立,*,*,一段,命令k,盛り上げる,モリアゲ,モリアゲ
決まり,0,0,0,動詞,自立,*,*,五段・ラ行,命令k,決まる,キマリ,キマリ
議し,0,0,0,動詞,自立,*,*,五段・サ行,命令k,議す,ギシ,ギシ
読め,0,0,0,動詞,自立,*,*,一段,命令k,読める,ヨメ,ヨメ
濁し,0,0,0,動詞,自立,*,*,五段・サ行,命令k,濁す,ニゴシ,ニゴシ
謝り,0,0,0,動詞,自立,*,*,五段・ラ行,命令k,謝る,アヤマリ,アヤマリ
燻し,0,0,0,動詞,自立,*,*,五段・サ行,命令k,燻す,イブシ,イブシ
配し,0,0,0,動詞,自立,*,*,五段・サ行,命令k,配す,ハイシ,ハイシ
こそげ,0,0,0,動詞,自立,*,*,一段,命令k,こそげる,コソゲ,コソゲ
探し出し,0,0,0,動詞,自立,*,*,五段・サ行,命令k,探し出す,サガシダシ,サガシダシ
祈り,0,0,0,動詞,自立,*,*,五段・ラ行,命令k,祈る,イノリ,イノリ
群れ,0,0,0,動詞,自立,*,*,一段,命令k,群れる,ムレ,ムレ
帰れ,0,0,0,動詞,自立,*,*,一段,命令k,帰れる,カエレ,カエレ
叩き,0,0,0,動詞,自立,*,*,五段・カ行イ音便,命令k,叩く,タタキ,タタキ
叩き,0,0,0,動詞,自立,*,*,五段・カ行イ音便,命令k,叩く,ハタキ,ハタキ
飛び起き,0,0,0,動詞,自立,*,*,一段,命令k,飛び起きる,トビオキ,トビオキ
とめ,0,0,0,動詞,自立,*,*,一段,命令k,とめる,トメ,トメ
伝い,0,0,0,動詞,自立,*,*,五段・ワ行促音便,命令k,伝う,ツタイ,ツタイ
学べ,0,0,0,動詞,自立,*,*,一段,命令k,学べる,マナベ,マナベ
取り寄せ,0,0,0,動詞,自立,*,*,一段,命令k,取り寄せる,トリヨセ,トリヨセ
粘り,0,0,0,動詞,自立,*,*,五段・ラ行,命令k,粘る,ネバリ,ネバリ
突っ込み,0,0,0,動詞,自立,*,*,五段・マ行,命令k,突っ込む,ツッコミ,ツッコミ
許せ,0,0,0,動詞,自立,*,*,一段,命令k,許せる,ユルセ,ユルセ
括り,0,0,0,動詞,自立,*,*,五段・ラ行,命令k,括る,ククリ,ククリ
戦い,0,0,0,動詞,自立,*,*,五段・ワ行促音便,命令k,戦う,タタカイ,タタカイ
入り,0,0,0,動詞,自立,*,*,五段・ラ行,命令k,入る,ハイリ,ハイリ
買い,0,0,0,動詞,自立,*,*,五段・ワ行促音便,命令k,買う,カイ,カイ
磨け,0,0,0,動詞,自立,*,*,一段,命令k,磨ける,ミガケ,ミガケ
のこし,0,0,0,動詞,自立,*,*,五段・サ行,命令k,のこす,ノコシ,ノコシ
騙し,0,0,0,動詞,自立,*,*,五段・サ行,命令k,騙す,ダマシ,ダマシ
滑り込み,0,0,0,動詞,自立,*,*,五段・マ行,命令k,滑り込む,スベリコミ,スベリコミ
答え,0,0,0,動詞,自立,*,*,一段,命令k,答える,コタエ,コタエ
低め,0,0,0,動詞,自立,*,*,一段,命令k,低める,ヒクメ,ヒクメ
はらい,0,0,0,動詞,自立,*,*,五段・ワ行促音便,命令k,はらう,ハライ,ハライ
埋め,0,0,0,動詞,自立,*,*,一段,命令k,埋める,ウメ,ウメ
埋め,0,0,0,動詞,自立,*,*,一段,命令k,埋める,ウズメ,ウズメ
溜め,0,0,0,動詞,自立,*,*,一段,命令k,溜める,タメ,タメ
締めくくり,0,0,0,動詞,自立,*,*,五段・ラ行,命令k,締めくくる,シメククリ,シメククリ
遊ばし,0,0,0,動詞,自立,*,*,五段・サ行,命令k,遊ばす,アソバシ,アソバシ
間違え,0,0,0,動詞,自立,*,*,一段,命令k,間違える,マチガエ,マチガエ
はやらせ,0,0,0,動詞,自立,*,*,一段,命令k,はやらせる,ハヤラセ,ハヤラセ
ざし,0,0,0,動詞,自立,*,*,五段・サ行,命令k,ざす,ザシ,ザシ
酌み,0,0,0,動詞,自立,*,*,五段・マ行,命令k,酌む,クミ,クミ
終わり,0,0,0,動詞,自立,*,*,五段・ラ行,命令k,終わる,オワリ,オワリ
てんじ,0,0,0,動詞,自立,*,*,一段,命令k,てんじる,テンジ,テンジ
にぎり,0,0,0,動詞,自立,*,*,五段・ラ行,命令k,にぎる,ニギリ,ニギリ
とどめ,0,0,0,動詞,自立,*,*,一段,命令k,とどめる,トドメ,トドメ
分け合い,0,0,0,動詞,自立,*,*,五段・ワ行促音便,命令k,分け合う,ワケアイ,ワケアイ
従い,0,0,0,動詞,自立,*,*,五段・ワ行促音便,命令k,従う,シタガイ,シタガイ
焼き上げ,0,0,0,動詞,自立,*,*,一段,命令k,焼き上げる,ヤキアゲ,ヤキアゲ
駆り立て,0,0,0,動詞,自立,*,*,一段,命令k,駆り立てる,カリタテ,カリタテ
閉め,0,0,0,動詞,自立,*,*,一段,命令k,閉める,シメ,シメ
離し,0,0,0,動詞,自立,*,*,五段・サ行,命令k,離す,ハナシ,ハナシ
つき,0,0,0,動詞,自立,*,*,五段・カ行イ音便,命令k,つく,ツキ,ツキ
望み,0,0,0,動詞,自立,*,*,五段・マ行,命令k,望む,ノゾミ,ノゾミ
持ち上がり,0,0,0,動詞,自立,*,*,五段・ラ行,命令k,持ち上がる,モチアガリ,モチアガリ
回り,0,0,0,動詞,自立,*,*,五段・ラ行,命令k,回る,マワリ,マワリ
滑り,0,0,0,動詞,自立,*,*,五段・ラ行,命令k,滑る,スベリ,スベリ
ゆるせ,0,0,0,動詞,自立,*,*,一段,命令k,ゆるせる,ユルセ,ユルセ
倒れ,0,0,0,動詞,自立,*,*,一段,命令k,倒れる,タオレ,タオレ
別れ,0,0,0,動詞,自立,*,*,一段,命令k,別れる,ワカレ,ワカレ
熟れ,0,0,0,動詞,自立,*,*,一段,命令k,熟れる,ウレ,ウレ
熟れ,0,0,0,動詞,自立,*,*,一段,命令k,熟れる,ナレ,ナレ
読み上げ,0,0,0,動詞,自立,*,*,一段,命令k,読み上げる,ヨミアゲ,ヨミアゲ
込み,0,0,0,動詞,自立,*,*,五段・マ行,命令k,込む,コミ,コミ
割れ,0,0,0,動詞,自立,*,*,一段,命令k,割れる,ワレ,ワレ
もやせ,0,0,0,動詞,自立,*,*,一段,命令k,もやせる,モヤセ,モヤセ
慣らし,0,0,0,動詞,自立,*,*,五段・サ行,命令k,慣らす,ナラシ,ナラシ
応じ,0,0,0,動詞,自立,*,*,一段,命令k,応じる,オウジ,オージ
離せ,0,0,0,動詞,自立,*,*,一段,命令k,離せる,ハナセ,ハナセ
集まれ,0,0,0,動詞,自立,*,*,一段,命令k,集まれる,アツマレ,アツマレ
にぎわし,0,0,0,動詞,自立,*,*,五段・サ行,命令k,にぎわす,ニギワシ,ニギワシ
語り,0,0,0,動詞,自立,*,*,五段・ラ行,命令k,語る,カタリ,カタリ
寄れ,0,0,0,動詞,自立,*,*,一段,命令k,寄れる,ヨレ,ヨレ
洗い,0,0,0,動詞,自立,*,*,五段・ワ行促音便,命令k,洗う,アライ,アライ
乗換え,0,0,0,動詞,自立,*,*,一段,命令k,乗換える,ノリカエ,ノリカエ
辿り,0,0,0,動詞,自立,*,*,五段・ラ行,命令k,辿る,タドリ,タドリ
踊り,0,0,0,動詞,自立,*,*,五段・ラ行,命令k,踊る,オドリ,オドリ
取り下げ,0,0,0,動詞,自立,*,*,一段,命令k,取り下げる,トリサゲ,トリサゲ
果たし,0,0,0,動詞,自立,*,*,五段・サ行,命令k,果たす,ハタシ,ハタシ
進め,0,0,0,動詞,自立,*,*,一段,命令k,進める,ススメ,ススメ
吹き替え,0,0,0,動詞,自立,*,*,一段,命令k,吹き替える,フキカエ,フキカエ
立たし,0,0,0,動詞,自立,*,*,五段・サ行,命令k,立たす,タタシ,タタシ
つけ,0,0,0,動詞,非自立,*,*,一段,命令k,つける,ツケ,ツケ
取り換え,0,0,0,動詞,自立,*,*,一段,命令k,取り換える,トリカエ,トリカエ
つなげ,0,0,0,動詞,自立,*,*,一段,命令k,つなげる,ツナゲ,ツナゲ
付け替え,0,0,0,動詞,自立,*,*,一段,命令k,付け替える,ツケカエ,ツケカエ
点し,0,0,0,動詞,自立,*,*,五段・サ行,命令k,点す,トモシ,トモシ
点し,0,0,0,動詞,自立,*,*,五段・サ行,命令k,点す,サシ,サシ
引っかけ,0,0,0,動詞,自立,*,*,一段,命令k,引っかける,ヒッカケ,ヒッカケ
挽き,0,0,0,動詞,自立,*,*,五段・カ行イ音便,命令k,挽く,ヒキ,ヒキ
話しかけ,0,0,0,動詞,自立,*,*,一段,命令k,話しかける,ハナシカケ,ハナシカケ
助かり,0,0,0,動詞,自立,*,*,五段・ラ行,命令k,助かる,タスカリ,タスカリ
言い,0,0,0,動詞,自立,*,*,五段・ワ行促音便,命令k,言う,イイ,イー
出し,0,0,0,動詞,自立,*,*,五段・サ行,命令k,出す,ダシ,ダシ
すがり,0,0,0,動詞,自立,*,*,五段・ラ行,命令k,すがる,スガリ,スガリ
ぬき,0,0,0,動詞,非自立,*,*,五段・カ行イ音便,命令k,ぬく,ヌキ,ヌキ
申し込み,0,0,0,動詞,自立,*,*,五段・マ行,命令k,申し込む,モウシコミ,モーシコミ
打ち合わせ,0,0,0,動詞,自立,*,*,一段,命令k,打ち合わせる,ウチアワセ,ウチアワセ
見舞い,0,0,0,動詞,自立,*,*,五段・ワ行促音便,命令k,見舞う,ミマイ,ミマイ
はめ,0,0,0,動詞,自立,*,*,一段,命令k,はめる,ハメ,ハメ
落ちこぼれ,0,0,0,動詞,自立,*,*,一段,命令k,落ちこぼれる,オチコボレ,オチコボレ
勝て,0,0,0,動詞,自立,*,*,一段,命令k,勝てる,カテ,カテ
絞め,0,0,0,動詞,自立,*,*,一段,命令k,絞める,シメ,シメ
どけ,0,0,0,動詞,自立,*,*,一段,命令k,どける,ドケ,ドケ
引き上げ,0,0,0,動詞,自立,*,*,一段,命令k,引き上げる,ヒキアゲ,ヒキアゲ
むかえ,0,0,0,動詞,自立,*,*,一段,命令k,むかえる,ムカエ,ムカエ
付し,0,0,0,動詞,自立,*,*,五段・サ行,命令k,付す,フシ,フシ
いやし,0,0,0,動詞,自立,*,*,五段・サ行,命令k,いやす,イヤシ,イヤシ
過ぎ,0,0,0,動詞,非自立,*,*,一段,命令k,過ぎる,スギ,スギ
たち,0,0,0,動詞,自立,*,*,五段・タ行,命令k,たつ,タチ,タチ
壊し,0,0,0,動詞,自立,*,*,五段・サ行,命令k,壊す,コワシ,コワシ
言い回し,0,0,0,動詞,自立,*,*,五段・サ行,命令k,言い回す,イイマワシ,イーマワシ
こなし,0,0,0,動詞,自立,*,*,五段・サ行,命令k,こなす,コナシ,コナシ
没し,0,0,0,動詞,自立,*,*,五段・サ行,命令k,没す,ボッシ,ボッシ
浴び,0,0,0,動詞,自立,*,*,一段,命令k,浴びる,アビ,アビ
しのぎ,0,0,0,動詞,自立,*,*,五段・ガ行,命令k,しのぐ,シノギ,シノギ
入れ替わり,0,0,0,動詞,自立,*,*,五段・ラ行,命令k,入れ替わる,イレカワリ,イレカワリ
打ち上げ,0,0,0,動詞,自立,*,*,一段,命令k,打ち上げる,ウチアゲ,ウチアゲ
まがい,0,0,0,動詞,自立,*,*,五段・ワ行促音便,命令k,まがう,マガイ,マガイ
売りつけ,0,0,0,動詞,自立,*,*,一段,命令k,売りつける,ウリツケ,ウリツケ
におい,0,0,0,動詞,自立,*,*,五段・ワ行促音便,命令k,におう,ニオイ,ニオイ
たらし,0,0,0,動詞,自立,*,*,五段・サ行,命令k,たらす,タラシ,タラシ
持ち上げ,0,0,0,動詞,自立,*,*,一段,命令k,持ち上げる,モチアゲ,モチアゲ
構え,0,0,0,動詞,自立,*,*,一段,命令k,構える,カマエ,カマエ
備え,0,0,0,動詞,自立,*,*,一段,命令k,備える,ソナエ,ソナエ
じゃい,0,0,0,動詞,非自立,*,*,五段・ワ行促音便,命令k,じゃう,ジャイ,ジャイ
折れ,0,0,0,動詞,自立,*,*,一段,命令k,折れる,オレ,オレ
合え,0,0,0,動詞,自立,*,*,一段,命令k,合える,アエ,アエ
切り出し,0,0,0,動詞,自立,*,*,五段・サ行,命令k,切り出す,キリダシ,キリダシ
もぎ,0,0,0,動詞,自立,*,*,五段・ガ行,命令k,もぐ,モギ,モギ
固め,0,0,0,動詞,自立,*,*,一段,命令k,固める,カタメ,カタメ
おこし,0,0,0,動詞,自立,*,*,五段・サ行,命令k,おこす,オコシ,オコシ
馴染め,0,0,0,動詞,自立,*,*,一段,命令k,馴染める,ナジメ,ナジメ
揉み,0,0,0,動詞,自立,*,*,五段・マ行,命令k,揉む,モミ,モミ
怠け,0,0,0,動詞,自立,*,*,一段,命令k,怠ける,ナマケ,ナマケ
会え,0,0,0,動詞,自立,*,*,一段,命令k,会える,アエ,アエ
もらし,0,0,0,動詞,自立,*,*,五段・サ行,命令k,もらす,モラシ,モラシ
上向き,0,0,0,動詞,自立,*,*,五段・カ行イ音便,命令k,上向く,ウワムキ,ウワムキ
擦り切れ,0,0,0,動詞,自立,*,*,一段,命令k,擦り切れる,スリキレ,スリキレ
振り込み,0,0,0,動詞,自立,*,*,五段・マ行,命令k,振り込む,フリコミ,フリコミ
わかれ,0,0,0,動詞,自立,*,*,一段,命令k,わかれる,ワカレ,ワカレ
遡れ,0,0,0,動詞,自立,*,*,一段,命令k,遡れる,サカノボレ,サカノボレ
ちなみ,0,0,0,動詞,自立,*,*,五段・マ行,命令k,ちなむ,チナミ,チナミ
とい,0,0,0,動詞,自立,*,*,五段・ワ行ウ音便,命令k,とう,トイ,トイ
たのしめ,0,0,0,動詞,自立,*,*,一段,命令k,たのしめる,タノシメ,タノシメ
さし,0,0,0,動詞,接尾,*,*,五段・サ行,命令k,さす,サシ,サシ
だし,0,0,0,動詞,非自立,*,*,五段・サ行,命令k,だす,ダシ,ダシ
焼かし,0,0,0,動詞,自立,*,*,五段・サ行,命令k,焼かす,ヤカシ,ヤカシ
生じ,0,0,0,動詞,自立,*,*,一段,命令k,生じる,ショウジ,ショージ
止まれ,0,0,0,動詞,自立,*,*,一段,命令k,止まれる,トマレ,トマレ
勝ち,0,0,0,動詞,自立,*,*,五段・タ行,命令k,勝つ,カチ,カチ
飽き,0,0,0,動詞,自立,*,*,一段,命令k,飽きる,アキ,アキ
設け,0,0,0,動詞,自立,*,*,一段,命令k,設ける,モウケ,モーケ
言い捨て,0,0,0,動詞,自立,*,*,一段,命令k,言い捨てる,イイステ,イーステ
仕入れ,0,0,0,動詞,自立,*,*,一段,命令k,仕入れる,シイレ,シイレ
遅らせ,0,0,0,動詞,自立,*,*,一段,命令k,遅らせる,オクラセ,オクラセ
だまし,0,0,0,動詞,自立,*,*,五段・サ行,命令k,だます,ダマシ,ダマシ
比べ,0,0,0,動詞,自立,*,*,一段,命令k,比べる,クラベ,クラベ
たおれ,0,0,0,動詞,自立,*,*,一段,命令k,たおれる,タオレ,タオレ
見向き,0,0,0,動詞,自立,*,*,五段・カ行イ音便,命令k,見向く,ミムキ,ミムキ
言いふらし,0,0,0,動詞,自立,*,*,五段・サ行,命令k,言いふらす,イイフラシ,イーフラシ
楽しみ,0,0,0,動詞,自立,*,*,五段・マ行,命令k,楽しむ,タノシミ,タノシミ
朽ち,0,0,0,動詞,自立,*,*,一段,命令k,朽ちる,クチ,クチ
なおせ,0,0,0,動詞,自立,*,*,一段,命令k,なおせる,ナオセ,ナオセ
つかし,0,0,0,動詞,自立,*,*,五段・サ行,命令k,つかす,ツカシ,ツカシ
萌え,0,0,0,動詞,自立,*,*,一段,命令k,萌える,モエ,モエ
そぎ,0,0,0,動詞,自立,*,*,五段・ガ行,命令k,そぐ,ソギ,ソギ
見逃し,0,0,0,動詞,自立,*,*,五段・サ行,命令k,見逃す,ミノガシ,ミノガシ
飛び出,0,0,0,動詞,自立,*,*,一段,命令k,飛び出る,トビデ,トビデ
でき,0,0,0,動詞,自立,*,*,一段,命令k,できる,デキ,デキ
頂き,0,0,0,動詞,非自立,*,*,五段・カ行イ音便,命令k,頂く,イタダキ,イタダキ
殺し,0,0,0,動詞,自立,*,*,五段・サ行,命令k,殺す,コロシ,コロシ
避け,0,0,0,動詞,自立,*,*,一段,命令k,避ける,サケ,サケ
合い,0,0,0,動詞,非自立,*,*,五段・ワ行促音便,命令k,合う,アイ,アイ
泊め,0,0,0,動詞,自立,*,*,一段,命令k,泊める,トメ,トメ
しまい,0,0,0,動詞,非自立,*,*,五段・ワ行促音便,命令k,しまう,シマイ,シマイ
栄え,0,0,0,動詞,自立,*,*,一段,命令k,栄える,サカエ,サカエ
栄え,0,0,0,動詞,自立,*,*,一段,命令k,栄える,ハエ,ハエ
おり,0,0,0,動詞,自立,*,*,五段・ラ行,命令k,おる,オリ,オリ
たより,0,0,0,動詞,自立,*,*,五段・ラ行,命令k,たよる,タヨリ,タヨリ
倒し,0,0,0,動詞,自立,*,*,五段・サ行,命令k,倒す,タオシ,タオシ
上り,0,0,0,動詞,自立,*,*,五段・ラ行,命令k,上る,ノボリ,ノボリ
ぬくめ,0,0,0,動詞,自立,*,*,一段,命令k,ぬくめる,ヌクメ,ヌクメ
掴まえ,0,0,0,動詞,自立,*,*,一段,命令k,掴まえる,ツカマエ,ツカマエ
萎え,0,0,0,動詞,自立,*,*,一段,命令k,萎える,ナエ,ナエ
着付け,0,0,0,動詞,自立,*,*,一段,命令k,着付ける,キツケ,キツケ
そり,0,0,0,動詞,自立,*,*,五段・ラ行,命令k,そる,ソリ,ソリ
こぎり,0,0,0,動詞,自立,*,*,五段・ラ行,命令k,こぎる,コギリ,コギリ
当てつけ,0,0,0,動詞,自立,*,*,一段,命令k,当てつける,アテツケ,アテツケ
付け合わせ,0,0,0,動詞,自立,*,*,一段,命令k,付け合わせる,ツケアワセ,ツケアワセ
のみ,0,0,0,動詞,自立,*,*,五段・マ行,命令k,のむ,ノミ,ノミ
育ち,0,0,0,動詞,自立,*,*,五段・タ行,命令k,育つ,ソダチ,ソダチ
あいうち,0,0,0,動詞,自立,*,*,五段・タ行,命令k,あいうつ,アイウチ,アイウチ
のめり,0,0,0,動詞,自立,*,*,五段・ラ行,命令k,のめる,ノメリ,ノメリ
すげ,0,0,0,動詞,自立,*,*,一段,命令k,すげる,スゲ,スゲ
落ち,0,0,0,動詞,自立,*,*,五段・タ行,命令k,落つ,オチ,オチ
投げ,0,0,0,動詞,自立,*,*,一段,命令k,投げる,ナゲ,ナゲ
学び,0,0,0,動詞,自立,*,*,五段・バ行,命令k,学ぶ,マナビ,マナビ
間にあい,0,0,0,動詞,自立,*,*,五段・ワ行促音便,命令k,間にあう,マニアイ,マニアイ
見込み,0,0,0,動詞,自立,*,*,五段・マ行,命令k,見込む,ミコミ,ミコミ
巡り会え,0,0,0,動詞,自立,*,*,一段,命令k,巡り会える,メグリアエ,メグリアエ
かぶれ,0,0,0,動詞,自立,*,*,一段,命令k,かぶれる,カブレ,カブレ
想い,0,0,0,動詞,自立,*,*,五段・ワ行促音便,命令k,想う,オモイ,オモイ
奢り,0,0,0,動詞,自立,*,*,五段・ラ行,命令k,奢る,オゴリ,オゴリ
死し,0,0,0,動詞,自立,*,*,五段・サ行,命令k,死す,シシ,シシ
沸かし,0,0,0,動詞,自立,*,*,五段・サ行,命令k,沸かす,ワカシ,ワカシ
見上げ,0,0,0,動詞,自立,*,*,一段,命令k,見上げる,ミアゲ,ミアゲ
費やし,0,0,0,動詞,自立,*,*,五段・サ行,命令k,費やす,ツイヤシ,ツイヤシ
増え,0,0,0,動詞,自立,*,*,一段,命令k,増える,フエ,フエ
給い,0,0,0,動詞,自立,*,*,五段・ワ行促音便,命令k,給う,タマイ,タマイ
廃れ,0,0,0,動詞,自立,*,*,一段,命令k,廃れる,スタレ,スタレ
注し,0,0,0,動詞,自立,*,*,五段・サ行,命令k,注す,サシ,サシ
なで,0,0,0,動詞,自立,*,*,一段,命令k,なでる,ナデ,ナデ
過ごせ,0,0,0,動詞,自立,*,*,一段,命令k,過ごせる,スゴセ,スゴセ
みがき,0,0,0,動詞,自立,*,*,五段・カ行イ音便,命令k,みがく,ミガキ,ミガキ
流行り,0,0,0,動詞,自立,*,*,五段・ラ行,命令k,流行る,ハヤリ,ハヤリ
結わえ,0,0,0,動詞,自立,*,*,一段,命令k,結わえる,ユワエ,ユワエ
引っ込み,0,0,0,動詞,自立,*,*,五段・マ行,命令k,引っ込む,ヒッコミ,ヒッコミ
詰め,0,0,0,動詞,自立,*,*,一段,命令k,詰める,ツメ,ツメ
計れ,0,0,0,動詞,自立,*,*,一段,命令k,計れる,ハカレ,ハカレ
抱き,0,0,0,動詞,自立,*,*,五段・カ行イ音便,命令k,抱く,イダキ,イダキ
抱き,0,0,0,動詞,自立,*,*,五段・カ行イ音便,命令k,抱く,ダキ,ダキ
投げ出し,0,0,0,動詞,自立,*,*,五段・サ行,命令k,投げ出す,ナゲダシ,ナゲダシ
売り,0,0,0,動詞,自立,*,*,五段・ラ行,命令k,売る,ウリ,ウリ
寝かし,0,0,0,動詞,自立,*,*,五段・サ行,命令k,寝かす,ネカシ,ネカシ
書き換え,0,0,0,動詞,自立,*,*,一段,命令k,書き換える,カキカエ,カキカエ
やり,0,0,0,動詞,自立,*,*,五段・ラ行,命令k,やる,ヤリ,ヤリ
越せ,0,0,0,動詞,自立,*,*,一段,命令k,越せる,コセ,コセ
通せ,0,0,0,動詞,自立,*,*,一段,命令k,通せる,トオセ,トーセ
すべり,0,0,0,動詞,自立,*,*,五段・ラ行,命令k,すべる,スベリ,スベリ
聞き取り,0,0,0,動詞,自立,*,*,五段・ラ行,命令k,聞き取る,キキトリ,キキトリ
考え,0,0,0,動詞,自立,*,*,一段,命令k,考える,カンガエ,カンガエ
ぶつかり,0,0,0,動詞,自立,*,*,五段・ラ行,命令k,ぶつかる,ブツカリ,ブツカリ
取り入れ,0,0,0,動詞,自立,*,*,一段,命令k,取り入れる,トリイレ,トリイレ
はき,0,0,0,動詞,自立,*,*,五段・カ行イ音便,命令k,はく,ハキ,ハキ
逃し,0,0,0,動詞,自立,*,*,五段・サ行,命令k,逃す,ノガシ,ノガシ
逃し,0,0,0,動詞,自立,*,*,五段・サ行,命令k,逃す,ニガシ,ニガシ
漁り,0,0,0,動詞,自立,*,*,五段・ラ行,命令k,漁る,アサリ,アサリ
漁り,0,0,0,動詞,自立,*,*,五段・ラ行,命令k,漁る,スナドリ,スナドリ
書き直し,0,0,0,動詞,自立,*,*,五段・サ行,命令k,書き直す,カキナオシ,カキナオシ
押え,0,0,0,動詞,自立,*,*,一段,命令k,押える,オサエ,オサエ
こみ,0,0,0,動詞,非自立,*,*,五段・マ行,命令k,こむ,コミ,コミ
しない,0,0,0,動詞,自立,*,*,五段・ワ行促音便,命令k,しなう,シナイ,シナイ
押さえ,0,0,0,動詞,自立,*,*,一段,命令k,押さえる,オサエ,オサエ
深め,0,0,0,動詞,自立,*,*,一段,命令k,深める,フカメ,フカメ
散らし,0,0,0,動詞,自立,*,*,五段・サ行,命令k,散らす,チラシ,チラシ
渡り,0,0,0,動詞,自立,*,*,五段・ラ行,命令k,渡る,ワタリ,ワタリ
敷き,0,0,0,動詞,自立,*,*,五段・カ行イ音便,命令k,敷く,シキ,シキ
丸め,0,0,0,動詞,自立,*,*,一段,命令k,丸める,マルメ,マルメ
着こなせ,0,0,0,動詞,自立,*,*,一段,命令k,着こなせる,キコナセ,キコナセ
通り,0,0,0,動詞,自立,*,*,五段・ラ行,命令k,通る,トオリ,トーリ
狂い,0,0,0,動詞,自立,*,*,五段・ワ行促音便,命令k,狂う,クルイ,クルイ
住まい,0,0,0,動詞,自立,*,*,五段・ワ行促音便,命令k,住まう,スマイ,スマイ
言わし,0,0,0,動詞,自立,*,*,五段・サ行,命令k,言わす,イワシ,イワシ
抜き,0,0,0,動詞,非自立,*,*,五段・カ行イ音便,命令k,抜く,ヌキ,ヌキ
返り,0,0,0,動詞,自立,*,*,五段・ラ行,命令k,返る,カエリ,カエリ
はやり,0,0,0,動詞,自立,*,*,五段・ラ行,命令k,はやる,ハヤリ,ハヤリ
なおし,0,0,0,動詞,非自立,*,*,五段・サ行,命令k,なおす,ナオシ,ナオシ
連れ,0,0,0,動詞,自立,*,*,一段,命令k,連れる,ツレ,ツレ
いため,0,0,0,動詞,自立,*,*,一段,命令k,いためる,イタメ,イタメ
うて,0,0,0,動詞,自立,*,*,一段,命令k,うてる,ウテ,ウテ
のがし,0,0,0,動詞,自立,*,*,五段・サ行,命令k,のがす,ノガシ,ノガシ
磨き,0,0,0,動詞,自立,*,*,五段・カ行イ音便,命令k,磨く,ミガキ,ミガキ
弾き,0,0,0,動詞,自立,*,*,五段・カ行イ音便,命令k,弾く,ヒキ,ヒキ
弾き,0,0,0,動詞,自立,*,*,五段・カ行イ音便,命令k,弾く,ハジキ,ハジキ
くり上げ,0,0,0,動詞,自立,*,*,一段,命令k,くり上げる,クリアゲ,クリアゲ
言い換え,0,0,0,動詞,自立,*,*,一段,命令k,言い換える,イイカエ,イーカエ
助け,0,0,0,動詞,自立,*,*,一段,命令k,助ける,タスケ,タスケ
助け,0,0,0,動詞,自立,*,*,一段,命令k,助ける,スケ,スケ
奏で,0,0,0,動詞,自立,*,*,一段,命令k,奏でる,カナデ,カナデ
治り,0,0,0,動詞,自立,*,*,五段・ラ行,命令k,治る,ナオリ,ナオリ
寄せ,0,0,0,動詞,自立,*,*,一段,命令k,寄せる,ヨセ,ヨセ
埋め立て,0,0,0,動詞,自立,*,*,一段,命令k,埋め立てる,ウメタテ,ウメタテ
むき,0,0,0,動詞,自立,*,*,五段・カ行イ音便,命令k,むく,ムキ,ムキ
述べ,0,0,0,動詞,自立,*,*,一段,命令k,述べる,ノベ,ノベ
力付け,0,0,0,動詞,自立,*,*,一段,命令k,力付ける,チカラヅケ,チカラズケ
編み,0,0,0,動詞,自立,*,*,五段・マ行,命令k,編む,アミ,アミ
止み,0,0,0,動詞,自立,*,*,五段・マ行,命令k,止む,ヤミ,ヤミ
絡め,0,0,0,動詞,自立,*,*,一段,命令k,絡める,カラメ,カラメ
ただれ,0,0,0,動詞,自立,*,*,一段,命令k,ただれる,タダレ,タダレ
寝かせ,0,0,0,動詞,自立,*,*,一段,命令k,寝かせる,ネカセ,ネカセ
張り合い,0,0,0,動詞,自立,*,*,五段・ワ行促音便,命令k,張り合う,ハリアイ,ハリアイ
知らせ,0,0,0,動詞,自立,*,*,一段,命令k,知らせる,シラセ,シラセ
帯び,0,0,0,動詞,自立,*,*,一段,命令k,帯びる,オビ,オビ
あるけ,0,0,0,動詞,自立,*,*,一段,命令k,あるける,アルケ,アルケ
突っ伏し,0,0,0,動詞,自立,*,*,五段・サ行,命令k,突っ伏す,ツップシ,ツップシ
撮れ,0,0,0,動詞,自立,*,*,一段,命令k,撮れる,トレ,トレ
染み,0,0,0,動詞,自立,*,*,一段,命令k,染みる,シミ,シミ
連れ回し,0,0,0,動詞,自立,*,*,五段・サ行,命令k,連れ回す,ツレマワシ,ツレマワシ
たやし,0,0,0,動詞,自立,*,*,五段・サ行,命令k,たやす,タヤシ,タヤシ
すめ,0,0,0,動詞,自立,*,*,一段,命令k,すめる,スメ,スメ
嫌われ,0,0,0,動詞,自立,*,*,一段,命令k,嫌われる,キラワレ,キラワレ
ぶち,0,0,0,動詞,自立,*,*,五段・タ行,命令k,ぶつ,ブチ,ブチ
みきり,0,0,0,動詞,自立,*,*,五段・ラ行,命令k,みきる,ミキリ,ミキリ
とみ,0,0,0,動詞,自立,*,*,五段・マ行,命令k,とむ,トミ,トミ
捕り,0,0,0,動詞,自立,*,*,五段・ラ行,命令k,捕る,トリ,トリ
ほえ,0,0,0,動詞,自立,*,*,一段,命令k,ほえる,ホエ,ホエ
倒せ,0,0,0,動詞,自立,*,*,一段,命令k,倒せる,タオセ,タオセ
擦れ,0,0,0,動詞,自立,*,*,一段,命令k,擦れる,スレ,スレ
擦れ,0,0,0,動詞,自立,*,*,一段,命令k,擦れる,コスレ,コスレ
抱きしめ,0,0,0,動詞,自立,*,*,一段,命令k,抱きしめる,ダキシメ,ダキシメ
やらかし,0,0,0,動詞,自立,*,*,五段・サ行,命令k,やらかす,ヤラカシ,ヤラカシ
冷やかし,0,0,0,動詞,自立,*,*,五段・サ行,命令k,冷やかす,ヒヤカシ,ヒヤカシ
貯め,0,0,0,動詞,自立,*,*,一段,命令k,貯める,タメ,タメ
こしらえ,0,0,0,動詞,自立,*,*,一段,命令k,こしらえる,コシラエ,コシラエ
開け,0,0,0,動詞,自立,*,*,一段,命令k,開ける,アケ,アケ
開け,0,0,0,動詞,自立,*,*,一段,命令k,開ける,ヒラケ,ヒラケ
追いかけ,0,0,0,動詞,自立,*,*,一段,命令k,追いかける,オイカケ,オイカケ
騒がし,0,0,0,動詞,自立,*,*,五段・サ行,命令k,騒がす,サワガシ,サワガシ
落ち着き,0,0,0,動詞,自立,*,*,五段・カ行イ音便,命令k,落ち着く,オチツキ,オチツキ
おき,0,0,0,動詞,非自立,*,*,五段・カ行イ音便,命令k,おく,オキ,オキ
いけ,0,0,0,動詞,非自立,*,*,一段,命令k,いける,イケ,イケ
産み,0,0,0,動詞,自立,*,*,五段・マ行,命令k,産む,ウミ,ウミ
約し,0,0,0,動詞,自立,*,*,五段・サ行,命令k,約す,ヤクシ,ヤクシ
下ろし,0,0,0,動詞,自立,*,*,五段・サ行,命令k,下ろす,オロシ,オロシ
はまり,0,0,0,動詞,自立,*,*,五段・ラ行,命令k,はまる,ハマリ,ハマリ
持たし,0,0,0,動詞,自立,*,*,五段・サ行,命令k,持たす,モタシ,モタシ
縫いつけ,0,0,0,動詞,自立,*,*,一段,命令k,縫いつける,ヌイツケ,ヌイツケ
うすれ,0,0,0,動詞,自立,*,*,一段,命令k,うすれる,ウスレ,ウスレ
称し,0,0,0,動詞,自立,*,*,五段・サ行,命令k,称す,ショウシ,ショーシ
抜き,0,0,0,動詞,自立,*,*,五段・カ行イ音便,命令k,抜く,ヌキ,ヌキ
えんじ,0,0,0,動詞,自立,*,*,一段,命令k,えんじる,エンジ,エンジ
行き,0,0,0,動詞,自立,*,*,五段・カ行促音便,命令k,行く,イキ,イキ
転がし,0,0,0,動詞,自立,*,*,五段・サ行,命令k,転がす,コロガシ,コロガシ
絞り,0,0,0,動詞,自立,*,*,五段・ラ行,命令k,絞る,シボリ,シボリ
掴め,0,0,0,動詞,自立,*,*,一段,命令k,掴める,ツカメ,ツカメ
乱れ,0,0,0,動詞,自立,*,*,一段,命令k,乱れる,ミダレ,ミダレ
庇い,0,0,0,動詞,自立,*,*,五段・ワ行促音便,命令k,庇う,カバイ,カバイ
おさえ,0,0,0,動詞,自立,*,*,一段,命令k,おさえる,オサエ,オサエ
わび,0,0,0,動詞,自立,*,*,一段,命令k,わびる,ワビ,ワビ
突き,0,0,0,動詞,自立,*,*,五段・カ行イ音便,命令k,突く,ツキ,ツキ
取り付け,0,0,0,動詞,自立,*,*,一段,命令k,取り付ける,トリツケ,トリツケ
合い,0,0,0,動詞,自立,*,*,五段・ワ行促音便,命令k,合う,アイ,アイ
だし,0,0,0,動詞,自立,*,*,五段・サ行,命令k,だす,ダシ,ダシ
付け加え,0,0,0,動詞,自立,*,*,一段,命令k,付け加える,ツケクワエ,ツケクワエ
見直し,0,0,0,動詞,自立,*,*,五段・サ行,命令k,見直す,ミナオシ,ミナオシ
たまげ,0,0,0,動詞,自立,*,*,一段,命令k,たまげる,タマゲ,タマゲ
建ち,0,0,0,動詞,自立,*,*,五段・タ行,命令k,建つ,タチ,タチ
終わらせ,0,0,0,動詞,自立,*,*,一段,命令k,終わらせる,オワラセ,オワラセ
保て,0,0,0,動詞,自立,*,*,一段,命令k,保てる,タモテ,タモテ
因み,0,0,0,動詞,自立,*,*,五段・マ行,命令k,因む,チナミ,チナミ
守り,0,0,0,動詞,自立,*,*,五段・ラ行,命令k,守る,マモリ,マモリ
調べ,0,0,0,動詞,自立,*,*,一段,命令k,調べる,シラベ,シラベ
老い,0,0,0,動詞,自立,*,*,一段,命令k,老いる,オイ,オイ
年老い,0,0,0,動詞,自立,*,*,一段,命令k,年老いる,トシオイ,トシオイ
届け,0,0,0,動詞,自立,*,*,一段,命令k,届ける,トドケ,トドケ
恨み,0,0,0,動詞,自立,*,*,五段・マ行,命令k,恨む,ウラミ,ウラミ
はやめ,0,0,0,動詞,自立,*,*,一段,命令k,はやめる,ハヤメ,ハヤメ
怒鳴り込み,0,0,0,動詞,自立,*,*,五段・マ行,命令k,怒鳴り込む,ドナリコミ,ドナリコミ
にえ,0,0,0,動詞,自立,*,*,一段,命令k,にえる,ニエ,ニエ
切り裂き,0,0,0,動詞,自立,*,*,五段・カ行イ音便,命令k,切り裂く,キリサキ,キリサキ
おじけ,0,0,0,動詞,自立,*,*,一段,命令k,おじける,オジケ,オジケ
かすみ,0,0,0,動詞,自立,*,*,五段・マ行,命令k,かすむ,カスミ,カスミ
ころび,0,0,0,動詞,自立,*,*,五段・バ行,命令k,ころぶ,コロビ,コロビ
しぶり,0,0,0,動詞,自立,*,*,五段・ラ行,命令k,しぶる,シブリ,シブリ
分け与え,0,0,0,動詞,自立,*,*,一段,命令k,分け与える,ワケアタエ,ワケアタエ
握り,0,0,0,動詞,自立,*,*,五段・ラ行,命令k,握る,ニギリ,ニギリ
考え出し,0,0,0,動詞,自立,*,*,五段・サ行,命令k,考え出す,カンガエダシ,カンガエダシ
きつけ,0,0,0,動詞,自立,*,*,一段,命令k,きつける,キツケ,キツケ
服し,0,0,0,動詞,自立,*,*,五段・サ行,命令k,服す,フクシ,フクシ
乱し,0,0,0,動詞,自立,*,*,五段・サ行,命令k,乱す,ミダシ,ミダシ
助け合い,0,0,0,動詞,自立,*,*,五段・ワ行促音便,命令k,助け合う,タスケアイ,タスケアイ
もめ,0,0,0,動詞,自立,*,*,一段,命令k,もめる,モメ,モメ
亡くし,0,0,0,動詞,自立,*,*,五段・サ行,命令k,亡くす,ナクシ,ナクシ
宿し,0,0,0,動詞,自立,*,*,五段・サ行,命令k,宿す,ヤドシ,ヤドシ
宿し,0,0,0,動詞,自立,*,*,五段・サ行,命令k,宿す,シュクシ,シュクシ
かしつけ,0,0,0,動詞,自立,*,*,一段,命令k,かしつける,カシツケ,カシツケ
使え,0,0,0,動詞,自立,*,*,一段,命令k,使える,ツカエ,ツカエ
くたびれ,0,0,0,動詞,自立,*,*,一段,命令k,くたびれる,クタビレ,クタビレ
割け,0,0,0,動詞,自立,*,*,一段,命令k,割ける,サケ,サケ
埋め合わせ,0,0,0,動詞,自立,*,*,一段,命令k,埋め合わせる,ウメアワセ,ウメアワセ
しずめ,0,0,0,動詞,自立,*,*,一段,命令k,しずめる,シズメ,シズメ
覚え,0,0,0,動詞,自立,*,*,一段,命令k,覚える,オボエ,オボエ
かぎ,0,0,0,動詞,自立,*,*,五段・ガ行,命令k,かぐ,カギ,カギ
渡し,0,0,0,動詞,自立,*,*,五段・サ行,命令k,渡す,ワタシ,ワタシ
ふれ合い,0,0,0,動詞,自立,*,*,五段・ワ行促音便,命令k,ふれ合う,フレアイ,フレアイ
きり,0,0,0,動詞,非自立,*,*,五段・ラ行,命令k,きる,キリ,キリ
つくね,0,0,0,動詞,自立,*,*,一段,命令k,つくねる,ツクネ,ツクネ
忘れ,0,0,0,動詞,自立,*,*,一段,命令k,忘れる,ワスレ,ワスレ
描け,0,0,0,動詞,自立,*,*,一段,命令k,描ける,エガケ,エガケ
損ね,0,0,0,動詞,自立,*,*,一段,命令k,損ねる,ソコネ,ソコネ
存じ,0,0,0,動詞,自立,*,*,一段,命令k,存じる,ゾンジ,ゾンジ
ただし,0,0,0,動詞,自立,*,*,五段・サ行,命令k,ただす,タダシ,タダシ
関わり,0,0,0,動詞,自立,*,*,五段・ラ行,命令k,関わる,カカワリ,カカワリ
鳴り,0,0,0,動詞,自立,*,*,五段・ラ行,命令k,鳴る,ナリ,ナリ
こぼれ,0,0,0,動詞,自立,*,*,一段,命令k,こぼれる,コボレ,コボレ
手伝い,0,0,0,動詞,自立,*,*,五段・ワ行促音便,命令k,手伝う,テツダイ,テツダイ
有し,0,0,0,動詞,自立,*,*,五段・サ行,命令k,有す,ユウシ,ユーシ
放り,0,0,0,動詞,自立,*,*,五段・ラ行,命令k,放る,ホウリ,ホーリ
乗せ,0,0,0,動詞,自立,*,*,一段,命令k,乗せる,ノセ,ノセ
ぼけ,0,0,0,動詞,自立,*,*,一段,命令k,ぼける,ボケ,ボケ
はみ,0,0,0,動詞,自立,*,*,五段・マ行,命令k,はむ,ハミ,ハミ
滑れ,0,0,0,動詞,自立,*,*,一段,命令k,滑れる,スベレ,スベレ
ちゃい,0,0,0,動詞,非自立,*,*,五段・ワ行促音便,命令k,ちゃう,チャイ,チャイ
まとまり,0,0,0,動詞,自立,*,*,五段・ラ行,命令k,まとまる,マトマリ,マトマリ
ひきこもり,0,0,0,動詞,自立,*,*,五段・ラ行,命令k,ひきこもる,ヒキコモリ,ヒキコモリ
ちがい,0,0,0,動詞,自立,*,*,五段・ワ行促音便,命令k,ちがう,チガイ,チガイ
辞め,0,0,0,動詞,自立,*,*,一段,命令k,辞める,ヤメ,ヤメ
くれ,0,0,0,動詞,自立,*,*,一段・クレル,命令k,くれる,クレ,クレ
鍛え,0,0,0,動詞,自立,*,*,一段,命令k,鍛える,キタエ,キタエ
稼ぎ,0,0,0,動詞,自立,*,*,五段・ガ行,命令k,稼ぐ,カセギ,カセギ
喫し,0,0,0,動詞,自立,*,*,五段・サ行,命令k,喫す,キッシ,キッシ
処し,0,0,0,動詞,自立,*,*,五段・サ行,命令k,処す,ショシ,ショシ
つかみ,0,0,0,動詞,自立,*,*,五段・マ行,命令k,つかむ,ツカミ,ツカミ
捌け,0,0,0,動詞,自立,*,*,一段,命令k,捌ける,ハケ,ハケ
捌け,0,0,0,動詞,自立,*,*,一段,命令k,捌ける,サバケ,サバケ
たしなみ,0,0,0,動詞,自立,*,*,五段・マ行,命令k,たしなむ,タシナミ,タシナミ
臭い,0,0,0,動詞,自立,*,*,五段・ワ行促音便,命令k,臭う,ニオイ,ニオイ
直し,0,0,0,動詞,非自立,*,*,五段・サ行,命令k,直す,ナオシ,ナオシ
動かせ,0,0,0,動詞,自立,*,*,一段,命令k,動かせる,ウゴカセ,ウゴカセ
ひねり,0,0,0,動詞,自立,*,*,五段・ラ行,命令k,ひねる,ヒネリ,ヒネリ
曇り,0,0,0,動詞,自立,*,*,五段・ラ行,命令k,曇る,クモリ,クモリ
説き,0,0,0,動詞,自立,*,*,五段・カ行イ音便,命令k,説く,トキ,トキ
あげ,0,0,0,動詞,自立,*,*,一段,命令k,あげる,アゲ,アゲ
捜し,0,0,0,動詞,自立,*,*,五段・サ行,命令k,捜す,サガシ,サガシ
埋もれ,0,0,0,動詞,自立,*,*,一段,命令k,埋もれる,ウズモレ,ウズモレ
埋もれ,0,0,0,動詞,自立,*,*,一段,命令k,埋もれる,ウモレ,ウモレ
腐し,0,0,0,動詞,自立,*,*,五段・サ行,命令k,腐す,クサシ,クサシ
とき,0,0,0,動詞,非自立,*,*,五段・カ行イ音便,命令k,とく,トキ,トキ
走り,0,0,0,動詞,自立,*,*,五段・ラ行,命令k,走る,ハシリ,ハシリ
かみ,0,0,0,動詞,自立,*,*,五段・マ行,命令k,かむ,カミ,カミ
穢れ,0,0,0,動詞,自立,*,*,一段,命令k,穢れる,ケガレ,ケガレ
対し,0,0,0,動詞,自立,*,*,五段・サ行,命令k,対す,タイシ,タイシ
近づけ,0,0,0,動詞,自立,*,*,一段,命令k,近づける,チカヅケ,チカズケ
踏み出し,0,0,0,動詞,自立,*,*,五段・サ行,命令k,踏み出す,フミダシ,フミダシ
擁し,0,0,0,動詞,自立,*,*,五段・サ行,命令k,擁す,ヨウシ,ヨーシ
広がり,0,0,0,動詞,自立,*,*,五段・ラ行,命令k,広がる,ヒロガリ,ヒロガリ
謝れ,0,0,0,動詞,自立,*,*,一段,命令k,謝れる,アヤマレ,アヤマレ
取り留め,0,0,0,動詞,自立,*,*,一段,命令k,取り留める,トリトメ,トリトメ
とりあえ,0,0,0,動詞,自立,*,*,一段,命令k,とりあえる,トリアエ,トリアエ
緩め,0,0,0,動詞,自立,*,*,一段,命令k,緩める,ユルメ,ユルメ
産まれ,0,0,0,動詞,自立,*,*,一段,命令k,産まれる,ウマレ,ウマレ
おもい,0,0,0,動詞,自立,*,*,五段・ワ行促音便,命令k,おもう,オモイ,オモイ
戻れ,0,0,0,動詞,自立,*,*,一段,命令k,戻れる,モドレ,モドレ
続き,0,0,0,動詞,自立,*,*,五段・カ行イ音便,命令k,続く,ツヅキ,ツズキ
組み合わせ,0,0,0,動詞,自立,*,*,一段,命令k,組み合わせる,クミアワセ,クミアワセ
しらみ,0,0,0,動詞,自立,*,*,五段・マ行,命令k,しらむ,シラミ,シラミ
つぶし,0,0,0,動詞,自立,*,*,五段・サ行,命令k,つぶす,ツブシ,ツブシ
追っかけ,0,0,0,動詞,自立,*,*,一段,命令k,追っかける,オッカケ,オッカケ
とかせ,0,0,0,動詞,自立,*,*,一段,命令k,とかせる,トカセ,トカセ
あらい,0,0,0,動詞,自立,*,*,五段・ワ行促音便,命令k,あらう,アライ,アライ
かね,0,0,0,動詞,非自立,*,*,一段,命令k,かねる,カネ,カネ
じまい,0,0,0,動詞,非自立,*,*,五段・ワ行促音便,命令k,じまう,ジマイ,ジマイ
ぶり,0,0,0,動詞,自立,*,*,五段・ラ行,命令k,ぶる,ブリ,ブリ
見れ,0,0,0,動詞,自立,*,*,一段,命令k,見れる,ミレ,ミレ
みなし,0,0,0,動詞,自立,*,*,五段・サ行,命令k,みなす,ミナシ,ミナシ
おき,0,0,0,動詞,自立,*,*,一段,命令k,おきる,オキ,オキ
眠り,0,0,0,動詞,自立,*,*,五段・ラ行,命令k,眠る,ネムリ,ネムリ
面し,0,0,0,動詞,自立,*,*,五段・サ行,命令k,面す,メンシ,メンシ
まかれ,0,0,0,動詞,自立,*,*,一段,命令k,まかれる,マカレ,マカレ
わたし,0,0,0,動詞,自立,*,*,五段・サ行,命令k,わたす,ワタシ,ワタシ
超え,0,0,0,動詞,自立,*,*,一段,命令k,超える,コエ,コエ
戯れ,0,0,0,動詞,自立,*,*,一段,命令k,戯れる,ザレ,ザレ
戯れ,0,0,0,動詞,自立,*,*,一段,命令k,戯れる,タワムレ,タワムレ
うわり,0,0,0,動詞,自立,*,*,五段・ラ行,命令k,うわる,ウワリ,ウワリ
着い,0,0,0,動詞,自立,*,*,一段,命令k,着る,キイ,キー
あたり,0,0,0,動詞,自立,*,*,五段・ラ行,命令k,あたる,アタリ,アタリ
ふくれ,0,0,0,動詞,自立,*,*,一段,命令k,ふくれる,フクレ,フクレ
確かめ,0,0,0,動詞,自立,*,*,一段,命令k,確かめる,タシカメ,タシカメ
提げ,0,0,0,動詞,自立,*,*,一段,命令k,提げる,サゲ,サゲ
提げ,0,0,0,動詞,自立,*,*,一段,命令k,提げる,ヒッサゲ,ヒッサゲ
晴れ,0,0,0,動詞,自立,*,*,一段,命令k,晴れる,ハレ,ハレ
吹き,0,0,0,動詞,自立,*,*,五段・カ行イ音便,命令k,吹く,フキ,フキ
恐れ,0,0,0,動詞,自立,*,*,一段,命令k,恐れる,オソレ,オソレ
ちかい,0,0,0,動詞,自立,*,*,五段・ワ行促音便,命令k,ちかう,チカイ,チカイ
干せ,0,0,0,動詞,自立,*,*,一段,命令k,干せる,ホセ,ホセ
兼ね合い,0,0,0,動詞,自立,*,*,五段・ワ行促音便,命令k,兼ね合う,カネアイ,カネアイ
思いだし,0,0,0,動詞,自立,*,*,五段・サ行,命令k,思いだす,オモイダシ,オモイダシ
よび,0,0,0,動詞,自立,*,*,五段・バ行,命令k,よぶ,ヨビ,ヨビ
のれ,0,0,0,動詞,自立,*,*,一段,命令k,のれる,ノレ,ノレ
くれ,0,0,0,動詞,自立,*,*,一段,命令k,くれる,クレ,クレ
かくし,0,0,0,動詞,自立,*,*,五段・サ行,命令k,かくす,カクシ,カクシ
ウケ,0,0,0,動詞,自立,*,*,一段,命令k,ウケる,ウケ,ウケ
まち,0,0,0,動詞,自立,*,*,五段・タ行,命令k,まつ,マチ,マチ
きえ,0,0,0,動詞,自立,*,*,一段,命令k,きえる,キエ,キエ
たばかり,0,0,0,動詞,自立,*,*,五段・ラ行,命令k,たばかる,タバカリ,タバカリ
にない,0,0,0,動詞,自立,*,*,五段・ワ行促音便,命令k,になう,ニナイ,ニナイ
砕け,0,0,0,動詞,自立,*,*,一段,命令k,砕ける,クダケ,クダケ
ほったらかし,0,0,0,動詞,自立,*,*,五段・サ行,命令k,ほったらかす,ホッタラカシ,ホッタラカシ
触れ,0,0,0,動詞,自立,*,*,一段,命令k,触れる,フレ,フレ
生やし,0,0,0,動詞,自立,*,*,五段・サ行,命令k,生やす,ハヤシ,ハヤシ
忘れかけ,0,0,0,動詞,自立,*,*,一段,命令k,忘れかける,ワスレカケ,ワスレカケ
討ち,0,0,0,動詞,自立,*,*,五段・タ行,命令k,討つ,ウチ,ウチ
弾み,0,0,0,動詞,自立,*,*,五段・マ行,命令k,弾む,ハズミ,ハズミ
押し入れ,0,0,0,動詞,自立,*,*,一段,命令k,押し入れる,オシイレ,オシイレ
割り当て,0,0,0,動詞,自立,*,*,一段,命令k,割り当てる,ワリアテ,ワリアテ
よそい,0,0,0,動詞,自立,*,*,五段・ワ行促音便,命令k,よそう,ヨソイ,ヨソイ
たちより,0,0,0,動詞,自立,*,*,五段・ラ行,命令k,たちよる,タチヨリ,タチヨリ
呼べ,0,0,0,動詞,自立,*,*,一段,命令k,呼べる,ヨベ,ヨベ
空き,0,0,0,動詞,自立,*,*,五段・カ行イ音便,命令k,空く,アキ,アキ
空き,0,0,0,動詞,自立,*,*,五段・カ行イ音便,命令k,空く,スキ,スキ
知り合え,0,0,0,動詞,自立,*,*,一段,命令k,知り合える,シリアエ,シリアエ
つき,0,0,0,動詞,自立,*,*,一段,命令k,つきる,ツキ,ツキ
なれ,0,0,0,動詞,自立,*,*,一段,命令k,なれる,ナレ,ナレ
こり,0,0,0,動詞,自立,*,*,一段,命令k,こりる,コリ,コリ
吹け,0,0,0,動詞,自立,*,*,一段,命令k,吹ける,フケ,フケ
役立ち,0,0,0,動詞,自立,*,*,五段・タ行,命令k,役立つ,ヤクダチ,ヤクダチ
迷い,0,0,0,動詞,自立,*,*,五段・ワ行ウ音便,命令k,迷う,マヨイ,マヨイ
めげ,0,0,0,動詞,自立,*,*,一段,命令k,めげる,メゲ,メゲ
ぬけ,0,0,0,動詞,自立,*,*,一段,命令k,ぬける,ヌケ,ヌケ
かくれ,0,0,0,動詞,自立,*,*,一段,命令k,かくれる,カクレ,カクレ
読み込め,0,0,0,動詞,自立,*,*,一段,命令k,読み込める,ヨミコメ,ヨミコメ
はり,0,0,0,動詞,非自立,*,*,五段・ラ行,命令k,はる,ハリ,ハリ
弁じ,0,0,0,動詞,自立,*,*,一段,命令k,弁じる,ベンジ,ベンジ
あわて,0,0,0,動詞,自立,*,*,一段,命令k,あわてる,アワテ,アワテ
かめ,0,0,0,動詞,自立,*,*,一段,命令k,かめる,カメ,カメ
絞れ,0,0,0,動詞,自立,*,*,一段,命令k,絞れる,シボレ,シボレ
起こし,0,0,0,動詞,自立,*,*,五段・サ行,命令k,起こす,オコシ,オコシ
勝ち抜き,0,0,0,動詞,自立,*,*,五段・カ行イ音便,命令k,勝ち抜く,カチヌキ,カチヌキ
ならえ,0,0,0,動詞,自立,*,*,一段,命令k,ならえる,ナラエ,ナラエ
破れ,0,0,0,動詞,自立,*,*,一段,命令k,破れる,ヤブレ,ヤブレ
破れ,0,0,0,動詞,自立,*,*,一段,命令k,破れる,ワレ,ワレ
もうかり,0,0,0,動詞,自立,*,*,五段・ラ行,命令k,もうかる,モウカリ,モーカリ
蹴り,0,0,0,動詞,自立,*,*,五段・ラ行,命令k,蹴る,ケリ,ケリ
ふくみ,0,0,0,動詞,自立,*,*,五段・マ行,命令k,ふくむ,フクミ,フクミ
落ちぶれ,0,0,0,動詞,自立,*,*,一段,命令k,落ちぶれる,オチブレ,オチブレ
添え,0,0,0,動詞,自立,*,*,一段,命令k,添える,ソエ,ソエ
出せ,0,0,0,動詞,自立,*,*,一段,命令k,出せる,ダセ,ダセ
はらし,0,0,0,動詞,自立,*,*,五段・サ行,命令k,はらす,ハラシ,ハラシ
加え,0,0,0,動詞,自立,*,*,一段,命令k,加える,クワエ,クワエ
なき,0,0,0,動詞,自立,*,*,五段・カ行イ音便,命令k,なく,ナキ,ナキ
よじ登れ,0,0,0,動詞,自立,*,*,一段,命令k,よじ登れる,ヨジノボレ,ヨジノボレ
空け,0,0,0,動詞,自立,*,*,一段,命令k,空ける,アケ,アケ
選べ,0,0,0,動詞,自立,*,*,一段,命令k,選べる,エラベ,エラベ
告げ,0,0,0,動詞,自立,*,*,一段,命令k,告げる,ツゲ,ツゲ
痛め,0,0,0,動詞,自立,*,*,一段,命令k,痛める,イタメ,イタメ
売り出し,0,0,0,動詞,自立,*,*,五段・サ行,命令k,売り出す,ウリダシ,ウリダシ
気遣い,0,0,0,動詞,自立,*,*,五段・ワ行促音便,命令k,気遣う,キヅカイ,キズカイ
づけ,0,0,0,動詞,非自立,*,*,一段,命令k,づける,ヅケ,ズケ
かわり,0,0,0,動詞,自立,*,*,五段・ラ行,命令k,かわる,カワリ,カワリ
逃げ出し,0,0,0,動詞,自立,*,*,五段・サ行,命令k,逃げ出す,ニゲダシ,ニゲダシ
ふて,0,0,0,動詞,自立,*,*,一段,命令k,ふてる,フテ,フテ
流し,0,0,0,動詞,自立,*,*,五段・サ行,命令k,流す,ナガシ,ナガシ
いただき,0,0,0,動詞,非自立,*,*,五段・カ行イ音便,命令k,いただく,イタダキ,イタダキ
畳み,0,0,0,動詞,自立,*,*,五段・マ行,命令k,畳む,タタミ,タタミ
よし,0,0,0,動詞,自立,*,*,五段・サ行,命令k,よす,ヨシ,ヨシ
なまり,0,0,0,動詞,自立,*,*,五段・ラ行,命令k,なまる,ナマリ,ナマリ
問い詰め,0,0,0,動詞,自立,*,*,一段,命令k,問い詰める,トイツメ,トイツメ
見捨て,0,0,0,動詞,自立,*,*,一段,命令k,見捨てる,ミステ,ミステ
せき止め,0,0,0,動詞,自立,*,*,一段,命令k,せき止める,セキトメ,セキトメ
上がれ,0,0,0,動詞,自立,*,*,一段,命令k,上がれる,アガレ,アガレ
申込み,0,0,0,動詞,自立,*,*,五段・マ行,命令k,申込む,モウシコミ,モーシコミ
さえ,0,0,0,動詞,自立,*,*,一段,命令k,さえる,サエ,サエ
垢抜け,0,0,0,動詞,自立,*,*,一段,命令k,垢抜ける,アカヌケ,アカヌケ
生らし,0,0,0,動詞,自立,*,*,五段・サ行,命令k,生らす,ナラシ,ナラシ
きり,0,0,0,動詞,自立,*,*,五段・ラ行,命令k,きる,キリ,キリ
知れ,0,0,0,動詞,自立,*,*,一段,命令k,知れる,シレ,シレ
いただけ,0,0,0,動詞,自立,*,*,一段,命令k,いただける,イタダケ,イタダケ
たわけ,0,0,0,動詞,自立,*,*,一段,命令k,たわける,タワケ,タワケ
送り届け,0,0,0,動詞,自立,*,*,一段,命令k,送り届ける,オクリトドケ,オクリトドケ
であい,0,0,0,動詞,自立,*,*,五段・ワ行促音便,命令k,であう,デアイ,デアイ
はい,0,0,0,動詞,自立,*,*,五段・ワ行促音便,命令k,はう,ハイ,ハイ
見届け,0,0,0,動詞,自立,*,*,一段,命令k,見届ける,ミトドケ,ミトドケ
さげ,0,0,0,動詞,自立,*,*,一段,命令k,さげる,サゲ,サゲ
あき,0,0,0,動詞,自立,*,*,五段・カ行イ音便,命令k,あく,アキ,アキ
化し,0,0,0,動詞,自立,*,*,五段・サ行,命令k,化す,カシ,カシ
間引き,0,0,0,動詞,自立,*,*,五段・カ行イ音便,命令k,間引く,マビキ,マビキ
活け,0,0,0,動詞,自立,*,*,一段,命令k,活ける,イケ,イケ
引き継ぎ,0,0,0,動詞,自立,*,*,五段・ガ行,命令k,引き継ぐ,ヒキツギ,ヒキツギ
採り,0,0,0,動詞,自立,*,*,五段・ラ行,命令k,採る,トリ,トリ
さび,0,0,0,動詞,自立,*,*,一段,命令k,さびる,サビ,サビ
おち,0,0,0,動詞,自立,*,*,一段,命令k,おちる,オチ,オチ
至り,0,0,0,動詞,自立,*,*,五段・ラ行,命令k,至る,イタリ,イタリ
たがね,0,0,0,動詞,自立,*,*,一段,命令k,たがねる,タガネ,タガネ
つくれ,0,0,0,動詞,自立,*,*,一段,命令k,つくれる,ツクレ,ツクレ
働け,0,0,0,動詞,自立,*,*,一段,命令k,働ける,ハタラケ,ハタラケ
うみ,0,0,0,動詞,自立,*,*,五段・マ行,命令k,うむ,ウミ,ウミ
番え,0,0,0,動詞,自立,*,*,一段,命令k,番える,ツガエ,ツガエ
しゃれ,0,0,0,動詞,自立,*,*,一段,命令k,しゃれる,シャレ,シャレ
直し,0,0,0,動詞,自立,*,*,五段・サ行,命令k,直す,ナオシ,ナオシ
憧れ,0,0,0,動詞,自立,*,*,一段,命令k,憧れる,アコガレ,アコガレ
言いあい,0,0,0,動詞,自立,*,*,五段・ワ行促音便,命令k,言いあう,イイアイ,イーアイ
広げ,0,0,0,動詞,自立,*,*,一段,命令k,広げる,ヒロゲ,ヒロゲ
ほうけ,0,0,0,動詞,自立,*,*,一段,命令k,ほうける,ホウケ,ホーケ
うごき,0,0,0,動詞,自立,*,*,五段・カ行イ音便,命令k,うごく,ウゴキ,ウゴキ
下し,0,0,0,動詞,自立,*,*,五段・サ行,命令k,下す,クダシ,クダシ
書き取り,0,0,0,動詞,自立,*,*,五段・ラ行,命令k,書き取る,カキトリ,カキトリ
こもり,0,0,0,動詞,自立,*,*,五段・ラ行,命令k,こもる,コモリ,コモリ
任し,0,0,0,動詞,自立,*,*,五段・サ行,命令k,任す,マカシ,マカシ
制し,0,0,0,動詞,自立,*,*,五段・サ行,命令k,制す,セイシ,セイシ
携わり,0,0,0,動詞,自立,*,*,五段・ラ行,命令k,携わる,タズサワリ,タズサワリ
吊り,0,0,0,動詞,自立,*,*,五段・ラ行,命令k,吊る,ツリ,ツリ
願い,0,0,0,動詞,非自立,*,*,五段・ワ行促音便,命令k,願う,ネガイ,ネガイ
狙え,0,0,0,動詞,自立,*,*,一段,命令k,狙える,ネラエ,ネラエ
生まれで,0,0,0,動詞,自立,*,*,一段,命令k,生まれでる,ウマレデ,ウマレデ
引出し,0,0,0,動詞,自立,*,*,五段・サ行,命令k,引出す,ヒキダシ,ヒキダシ
観い,0,0,0,動詞,自立,*,*,一段,命令k,観る,ミイ,ミー
演じ,0,0,0,動詞,自立,*,*,一段,命令k,演じる,エンジ,エンジ
揃え,0,0,0,動詞,自立,*,*,一段,命令k,揃える,ソロエ,ソロエ
転び,0,0,0,動詞,自立,*,*,五段・バ行,命令k,転ぶ,コロビ,コロビ
うり,0,0,0,動詞,自立,*,*,五段・ラ行,命令k,うる,ウリ,ウリ
叫び,0,0,0,動詞,自立,*,*,五段・バ行,命令k,叫ぶ,サケビ,サケビ
白み,0,0,0,動詞,自立,*,*,五段・マ行,命令k,白む,シラミ,シラミ
剥ぎ,0,0,0,動詞,自立,*,*,五段・ガ行,命令k,剥ぐ,ハギ,ハギ
励み,0,0,0,動詞,自立,*,*,五段・マ行,命令k,励む,ハゲミ,ハゲミ
傷み,0,0,0,動詞,自立,*,*,五段・マ行,命令k,傷む,イタミ,イタミ
垂らし,0,0,0,動詞,自立,*,*,五段・サ行,命令k,垂らす,タラシ,タラシ
笑え,0,0,0,動詞,自立,*,*,一段,命令k,笑える,ワラエ,ワラエ
おれ,0,0,0,動詞,自立,*,*,一段,命令k,おれる,オレ,オレ
無くし,0,0,0,動詞,自立,*,*,五段・サ行,命令k,無くす,ナクシ,ナクシ
たしなめ,0,0,0,動詞,自立,*,*,一段,命令k,たしなめる,タシナメ,タシナメ
張り出し,0,0,0,動詞,自立,*,*,五段・サ行,命令k,張り出す,ハリダシ,ハリダシ
からし,0,0,0,動詞,自立,*,*,五段・サ行,命令k,からす,カラシ,カラシ
くさし,0,0,0,動詞,自立,*,*,五段・サ行,命令k,くさす,クサシ,クサシ
出会え,0,0,0,動詞,自立,*,*,一段,命令k,出会える,デアエ,デアエ
引き,0,0,0,動詞,自立,*,*,五段・カ行イ音便,命令k,引く,ヒキ,ヒキ
まわり,0,0,0,動詞,自立,*,*,五段・ラ行,命令k,まわる,マワリ,マワリ
懸け,0,0,0,動詞,自立,*,*,一段,命令k,懸ける,カケ,カケ
あがれ,0,0,0,動詞,自立,*,*,一段,命令k,あがれる,アガレ,アガレ
ひり,0,0,0,動詞,自立,*,*,五段・ラ行,命令k,ひる,ヒリ,ヒリ
そらせ,0,0,0,動詞,自立,*,*,一段,命令k,そらせる,ソラセ,ソラセ
味付け,0,0,0,動詞,自立,*,*,一段,命令k,味付ける,アジツケ,アジツケ
遅らし,0,0,0,動詞,自立,*,*,五段・サ行,命令k,遅らす,オクラシ,オクラシ
もみ,0,0,0,動詞,自立,*,*,五段・マ行,命令k,もむ,モミ,モミ
おし,0,0,0,動詞,自立,*,*,五段・サ行,命令k,おす,オシ,オシ
上れ,0,0,0,動詞,自立,*,*,一段,命令k,上れる,ノボレ,ノボレ
はたし,0,0,0,動詞,自立,*,*,五段・サ行,命令k,はたす,ハタシ,ハタシ
憶え,0,0,0,動詞,自立,*,*,一段,命令k,憶える,オボエ,オボエ
こなせ,0,0,0,動詞,自立,*,*,一段,命令k,こなせる,コナセ,コナセ
太り,0,0,0,動詞,自立,*,*,五段・ラ行,命令k,太る,フトリ,フトリ
過ち,0,0,0,動詞,自立,*,*,五段・タ行,命令k,過つ,アヤマチ,アヤマチ
とり,0,0,0,動詞,非自立,*,*,五段・ラ行,命令k,とる,トリ,トリ
値切れ,0,0,0,動詞,自立,*,*,一段,命令k,値切れる,ネギレ,ネギレ
はいれ,0,0,0,動詞,自立,*,*,一段,命令k,はいれる,ハイレ,ハイレ
思いきり,0,0,0,動詞,自立,*,*,五段・ラ行,命令k,思いきる,オモイキリ,オモイキリ
ほころび,0,0,0,動詞,自立,*,*,五段・バ行,命令k,ほころぶ,ホコロビ,ホコロビ
近付き,0,0,0,動詞,自立,*,*,五段・カ行イ音便,命令k,近付く,チカヅキ,チカズキ
はえ,0,0,0,動詞,自立,*,*,一段,命令k,はえる,ハエ,ハエ
見回り,0,0,0,動詞,自立,*,*,五段・ラ行,命令k,見回る,ミマワリ,ミマワリ
足り,0,0,0,動詞,自立,*,*,五段・ラ行,命令k,足る,タリ,タリ
ばかし,0,0,0,動詞,自立,*,*,五段・サ行,命令k,ばかす,バカシ,バカシ
さがり,0,0,0,動詞,自立,*,*,五段・ラ行,命令k,さがる,サガリ,サガリ
植え,0,0,0,動詞,自立,*,*,一段,命令k,植える,ウエ,ウエ
腫れ,0,0,0,動詞,自立,*,*,一段,命令k,腫れる,ハレ,ハレ
高め,0,0,0,動詞,自立,*,*,一段,命令k,高める,タカメ,タカメ
のこれ,0,0,0,動詞,自立,*,*,一段,命令k,のこれる,ノコレ,ノコレ
写り,0,0,0,動詞,自立,*,*,五段・ラ行,命令k,写る,ウツリ,ウツリ
思ひ,0,0,0,動詞,自立,*,*,四段・ハ行,命令k,思ふ,オモヒ,オモイ
つり,0,0,0,動詞,自立,*,*,五段・ラ行,命令k,つる,ツリ,ツリ
きらい,0,0,0,動詞,自立,*,*,五段・ワ行促音便,命令k,きらう,キライ,キライ
こび,0,0,0,動詞,自立,*,*,一段,命令k,こびる,コビ,コビ
もえ,0,0,0,動詞,自立,*,*,一段,命令k,もえる,モエ,モエ
やつし,0,0,0,動詞,自立,*,*,五段・サ行,命令k,やつす,ヤツシ,ヤツシ
知り合い,0,0,0,動詞,自立,*,*,五段・ワ行促音便,命令k,知り合う,シリアイ,シリアイ
覚め,0,0,0,動詞,自立,*,*,一段,命令k,覚める,サメ,サメ
ふざけ,0,0,0,動詞,自立,*,*,一段,命令k,ふざける,フザケ,フザケ
生かせ,0,0,0,動詞,自立,*,*,一段,命令k,生かせる,イカセ,イカセ
わり,0,0,0,動詞,自立,*,*,五段・ラ行,命令k,わる,ワリ,ワリ
入れ,0,0,0,動詞,自立,*,*,一段,命令k,入れる,イレ,イレ
入れ,0,0,0,動詞,自立,*,*,一段,命令k,入れる,ハイレ,ハイレ
盛り上がり,0,0,0,動詞,自立,*,*,五段・ラ行,命令k,盛り上がる,モリアガリ,モリアガリ
締まり,0,0,0,動詞,自立,*,*,五段・ラ行,命令k,締まる,シマリ,シマリ
なえ,0,0,0,動詞,自立,*,*,一段,命令k,なえる,ナエ,ナエ
揺れ,0,0,0,動詞,自立,*,*,一段,命令k,揺れる,ユレ,ユレ
ずり,0,0,0,動詞,自立,*,*,五段・ラ行,命令k,ずる,ズリ,ズリ
詰まり,0,0,0,動詞,自立,*,*,五段・ラ行,命令k,詰まる,ツマリ,ツマリ
合わし,0,0,0,動詞,自立,*,*,五段・サ行,命令k,合わす,アワシ,アワシ
折り,0,0,0,動詞,自立,*,*,五段・ラ行,命令k,折る,オリ,オリ
きわめ,0,0,0,動詞,自立,*,*,一段,命令k,きわめる,キワメ,キワメ
待ち,0,0,0,動詞,自立,*,*,五段・タ行,命令k,待つ,マチ,マチ
沿い,0,0,0,動詞,自立,*,*,五段・ワ行促音便,命令k,沿う,ソイ,ソイ
泊まり込み,0,0,0,動詞,自立,*,*,五段・マ行,命令k,泊まり込む,トマリコミ,トマリコミ
流せ,0,0,0,動詞,自立,*,*,一段,命令k,流せる,ナガセ,ナガセ
借り,0,0,0,動詞,自立,*,*,一段,命令k,借りる,カリ,カリ
問い合わせ,0,0,0,動詞,自立,*,*,一段,命令k,問い合わせる,トイアワセ,トイアワセ
みせ,0,0,0,動詞,非自立,*,*,一段,命令k,みせる,ミセ,ミセ
数え,0,0,0,動詞,自立,*,*,一段,命令k,数える,カゾエ,カゾエ
いたり,0,0,0,動詞,自立,*,*,五段・ラ行,命令k,いたる,イタリ,イタリ
召し,0,0,0,動詞,自立,*,*,五段・サ行,命令k,召す,メシ,メシ
ずらし,0,0,0,動詞,自立,*,*,五段・サ行,命令k,ずらす,ズラシ,ズラシ
ひし,0,0,0,動詞,自立,*,*,五段・サ行,命令k,ひす,ヒシ,ヒシ
備え付け,0,0,0,動詞,自立,*,*,一段,命令k,備え付ける,ソナエツケ,ソナエツケ
よれ,0,0,0,動詞,自立,*,*,一段,命令k,よれる,ヨレ,ヨレ
売り込み,0,0,0,動詞,自立,*,*,五段・マ行,命令k,売り込む,ウリコミ,ウリコミ
使い,0,0,0,動詞,自立,*,*,五段・ワ行促音便,命令k,使う,ツカイ,ツカイ
剃り,0,0,0,動詞,自立,*,*,五段・ラ行,命令k,剃る,スリ,スリ
剃り,0,0,0,動詞,自立,*,*,五段・ラ行,命令k,剃る,ソリ,ソリ
行き,0,0,0,動詞,非自立,*,*,五段・カ行促音便ユク,命令k,行く,ユキ,ユキ
泣かし,0,0,0,動詞,自立,*,*,五段・サ行,命令k,泣かす,ナカシ,ナカシ
売り切れ,0,0,0,動詞,自立,*,*,一段,命令k,売り切れる,ウリキレ,ウリキレ
飾り,0,0,0,動詞,自立,*,*,五段・ラ行,命令k,飾る,カザリ,カザリ
すね,0,0,0,動詞,自立,*,*,一段,命令k,すねる,スネ,スネ
とっつき,0,0,0,動詞,自立,*,*,五段・カ行イ音便,命令k,とっつく,トッツキ,トッツキ
よい,0,0,0,動詞,自立,*,*,五段・ワ行促音便,命令k,よう,ヨイ,ヨイ
放し,0,0,0,動詞,自立,*,*,五段・サ行,命令k,放す,ハナシ,ハナシ
放し,0,0,0,動詞,自立,*,*,五段・サ行,命令k,放す,ホカシ,ホカシ
そやし,0,0,0,動詞,自立,*,*,五段・サ行,命令k,そやす,ソヤシ,ソヤシ
引き延ばし,0,0,0,動詞,自立,*,*,五段・サ行,命令k,引き延ばす,ヒキノバシ,ヒキノバシ
付き添い,0,0,0,動詞,自立,*,*,五段・ワ行促音便,命令k,付き添う,ツキソイ,ツキソイ
売り上げ,0,0,0,動詞,自立,*,*,一段,命令k,売り上げる,ウリアゲ,ウリアゲ
利き,0,0,0,動詞,自立,*,*,五段・カ行イ音便,命令k,利く,キキ,キキ
冷え,0,0,0,動詞,自立,*,*,一段,命令k,冷える,ヒエ,ヒエ
じゃれ,0,0,0,動詞,自立,*,*,一段,命令k,じゃれる,ジャレ,ジャレ
はおり,0,0,0,動詞,自立,*,*,五段・ラ行,命令k,はおる,ハオリ,ハオリ
生め,0,0,0,動詞,自立,*,*,一段,命令k,生める,ウメ,ウメ
まねき,0,0,0,動詞,自立,*,*,五段・カ行イ音便,命令k,まねく,マネキ,マネキ
あやし,0,0,0,動詞,自立,*,*,五段・サ行,命令k,あやす,アヤシ,アヤシ
載り,0,0,0,動詞,自立,*,*,五段・ラ行,命令k,載る,ノリ,ノリ
はずれ,0,0,0,動詞,自立,*,*,一段,命令k,はずれる,ハズレ,ハズレ
捉え,0,0,0,動詞,自立,*,*,一段,命令k,捉える,トラエ,トラエ
取り替え,0,0,0,動詞,自立,*,*,一段,命令k,取り替える,トリカエ,トリカエ
よい,0,0,0,動詞,自立,*,*,五段・ワ行ウ音便,命令k,よう,ヨイ,ヨイ
しかけ,0,0,0,動詞,自立,*,*,一段,命令k,しかける,シカケ,シカケ
ふり,0,0,0,動詞,自立,*,*,五段・ラ行,命令k,ふる,フリ,フリ
尽くし,0,0,0,動詞,非自立,*,*,五段・サ行,命令k,尽くす,ツクシ,ツクシ
たがい,0,0,0,動詞,自立,*,*,五段・ワ行促音便,命令k,たがう,タガイ,タガイ
払え,0,0,0,動詞,自立,*,*,一段,命令k,払える,ハラエ,ハラエ
嫌い,0,0,0,動詞,自立,*,*,五段・ワ行促音便,命令k,嫌う,キライ,キライ
年寄り,0,0,0,動詞,自立,*,*,五段・ラ行,命令k,年寄る,トシヨリ,トシヨリ
むけ,0,0,0,動詞,自立,*,*,一段,命令k,むける,ムケ,ムケ
よばれ,0,0,0,動詞,自立,*,*,一段,命令k,よばれる,ヨバレ,ヨバレ
刺し,0,0,0,動詞,自立,*,*,五段・サ行,命令k,刺す,サシ,サシ
作りあげ,0,0,0,動詞,自立,*,*,一段,命令k,作りあげる,ツクリアゲ,ツクリアゲ
わすれ,0,0,0,動詞,自立,*,*,一段,命令k,わすれる,ワスレ,ワスレ
つくり上げ,0,0,0,動詞,自立,*,*,一段,命令k,つくり上げる,ツクリアゲ,ツクリアゲ
こり,0,0,0,動詞,自立,*,*,五段・ラ行,命令k,こる,コリ,コリ
仕上がり,0,0,0,動詞,自立,*,*,五段・ラ行,命令k,仕上がる,シアガリ,シアガリ
ズレ,0,0,0,動詞,自立,*,*,一段,命令k,ズレる,ズレ,ズレ
怒れ,0,0,0,動詞,自立,*,*,一段,命令k,怒れる,オコレ,オコレ
引っ張り,0,0,0,動詞,自立,*,*,五段・ラ行,命令k,引っ張る,ヒッパリ,ヒッパリ
ゆい,0,0,0,動詞,自立,*,*,五段・ワ行ウ音便,命令k,いう,ユイ,ユイ
かられ,0,0,0,動詞,自立,*,*,一段,命令k,かられる,カラレ,カラレ
呼び,0,0,0,動詞,自立,*,*,五段・バ行,命令k,呼ぶ,ヨビ,ヨビ
好み,0,0,0,動詞,自立,*,*,五段・マ行,命令k,好む,コノミ,コノミ
切り捨て,0,0,0,動詞,自立,*,*,一段,命令k,切り捨てる,キリステ,キリステ
笑い転げ,0,0,0,動詞,自立,*,*,一段,命令k,笑い転げる,ワライコロゲ,ワライコロゲ
住み,0,0,0,動詞,自立,*,*,五段・マ行,命令k,住む,スミ,スミ
頑張れ,0,0,0,動詞,自立,*,*,一段,命令k,頑張れる,ガンバレ,ガンバレ
させ,0,0,0,動詞,自立,*,*,一段,命令k,させる,サセ,サセ
おかし,0,0,0,動詞,自立,*,*,五段・サ行,命令k,おかす,オカシ,オカシ
積み重ね,0,0,0,動詞,自立,*,*,一段,命令k,積み重ねる,ツミカサネ,ツミカサネ
訳せ,0,0,0,動詞,自立,*,*,一段,命令k,訳せる,ヤクセ,ヤクセ
詫び,0,0,0,動詞,自立,*,*,一段,命令k,詫びる,ワビ,ワビ
担げ,0,0,0,動詞,自立,*,*,一段,命令k,担げる,カツゲ,カツゲ
採れ,0,0,0,動詞,自立,*,*,一段,命令k,採れる,トレ,トレ
進み,0,0,0,動詞,自立,*,*,五段・マ行,命令k,進む,ススミ,ススミ
動き,0,0,0,動詞,自立,*,*,五段・カ行イ音便,命令k,動く,ウゴキ,ウゴキ
汚し,0,0,0,動詞,自立,*,*,五段・サ行,命令k,汚す,ヨゴシ,ヨゴシ
汚し,0,0,0,動詞,自立,*,*,五段・サ行,命令k,汚す,ケガシ,ケガシ
選び,0,0,0,動詞,自立,*,*,五段・バ行,命令k,選ぶ,エラビ,エラビ
見せ,0,0,0,動詞,自立,*,*,一段,命令k,見せる,ミセ,ミセ
煮付け,0,0,0,動詞,自立,*,*,一段,命令k,煮付ける,ニツケ,ニツケ
納め,0,0,0,動詞,自立,*,*,一段,命令k,納める,オサメ,オサメ
預かり,0,0,0,動詞,自立,*,*,五段・ラ行,命令k,預かる,アズカリ,アズカリ
くべ,0,0,0,動詞,自立,*,*,一段,命令k,くべる,クベ,クベ
組合い,0,0,0,動詞,自立,*,*,五段・ワ行促音便,命令k,組合う,クミアイ,クミアイ
振れ,0,0,0,動詞,自立,*,*,一段,命令k,振れる,フレ,フレ
来れ,0,0,0,動詞,自立,*,*,一段,命令k,来れる,コレ,コレ
おせ,0,0,0,動詞,自立,*,*,一段,命令k,おせる,オセ,オセ
ほかし,0,0,0,動詞,自立,*,*,五段・サ行,命令k,ほかす,ホカシ,ホカシ
つぶれ,0,0,0,動詞,自立,*,*,一段,命令k,つぶれる,ツブレ,ツブレ
あい,0,0,0,動詞,自立,*,*,五段・ワ行促音便,命令k,あう,アイ,アイ
だれ,0,0,0,動詞,自立,*,*,一段,命令k,だれる,ダレ,ダレ
振り返り,0,0,0,動詞,自立,*,*,五段・ラ行,命令k,振り返る,フリカエリ,フリカエリ
はね,0,0,0,動詞,自立,*,*,一段,命令k,はねる,ハネ,ハネ
直せ,0,0,0,動詞,自立,*,*,一段,命令k,直せる,ナオセ,ナオセ
いたし,0,0,0,動詞,自立,*,*,五段・サ行,命令k,いたす,イタシ,イタシ
かけ,0,0,0,動詞,非自立,*,*,一段,命令k,かける,カケ,カケ
見い,0,0,0,動詞,自立,*,*,一段,命令k・長音化,見る,ミイ,ミー
みい,0,0,0,動詞,自立,*,*,一段,命令k・長音化,みる,ミイ,ミー
み,0,0,0,動詞,自立,*,*,一段,命令k,みる,ミ,ミ
見い,0,0,0,動詞,非自立,*,*,一段,命令k・長音化,見る,ミイ,ミー
みい,0,0,0,動詞,非自立,*,*,一段,命令k・長音化,みる,ミイ,ミー
み,0,0,0,動詞,非自立,*,*,一段,命令k,みる,ミ,ミ
訛り,0,0,0,動詞,自立,*,*,五段・ラ行,命令k,訛る,ナマリ,ナマリ
押し付け,0,0,0,動詞,自立,*,*,一段,命令k,押し付ける,オシツケ,オシツケ
どうけ,0,0,0,動詞,自立,*,*,一段,命令k,どうける,ドウケ,ドーケ
被れ,0,0,0,動詞,自立,*,*,一段,命令k,被れる,カブレ,カブレ
甘え,0,0,0,動詞,自立,*,*,一段,命令k,甘える,アマエ,アマエ
延ばし,0,0,0,動詞,自立,*,*,五段・サ行,命令k,延ばす,ノバシ,ノバシ
こだわり,0,0,0,動詞,自立,*,*,五段・ラ行,命令k,こだわる,コダワリ,コダワリ
痺れ,0,0,0,動詞,自立,*,*,一段,命令k,痺れる,シビレ,シビレ
保ち,0,0,0,動詞,自立,*,*,五段・タ行,命令k,保つ,タモチ,タモチ
張りつめ,0,0,0,動詞,自立,*,*,一段,命令k,張りつめる,ハリツメ,ハリツメ
打ち込み,0,0,0,動詞,自立,*,*,五段・マ行,命令k,打ち込む,ウチコミ,ウチコミ
のせ,0,0,0,動詞,自立,*,*,一段,命令k,のせる,ノセ,ノセ
もらい,0,0,0,動詞,自立,*,*,五段・ワ行促音便,命令k,もらう,モライ,モライ
請け合い,0,0,0,動詞,自立,*,*,五段・ワ行促音便,命令k,請け合う,ウケアイ,ウケアイ
まくり,0,0,0,動詞,非自立,*,*,五段・ラ行,命令k,まくる,マクリ,マクリ
アテ,0,0,0,動詞,自立,*,*,一段,命令k,アテる,アテ,アテ
けあげ,0,0,0,動詞,自立,*,*,一段,命令k,けあげる,ケアゲ,ケアゲ
張れ,0,0,0,動詞,自立,*,*,一段,命令k,張れる,ハレ,ハレ
たり,0,0,0,動詞,自立,*,*,五段・ラ行,命令k,たる,タリ,タリ
かえ,0,0,0,動詞,自立,*,*,一段,命令k,かえる,カエ,カエ
走り出し,0,0,0,動詞,自立,*,*,五段・サ行,命令k,走り出す,ハシリダシ,ハシリダシ
漕ぎ,0,0,0,動詞,自立,*,*,五段・ガ行,命令k,漕ぐ,コギ,コギ
しみ,0,0,0,動詞,自立,*,*,一段,命令k,しみる,シミ,シミ
誇れ,0,0,0,動詞,自立,*,*,一段,命令k,誇れる,ホコレ,ホコレ
かいし,0,0,0,動詞,自立,*,*,五段・サ行,命令k,かいす,カイシ,カイシ
踏んづけ,0,0,0,動詞,自立,*,*,一段,命令k,踏んづける,フンヅケ,フンズケ
炒め,0,0,0,動詞,自立,*,*,一段,命令k,炒める,イタメ,イタメ
受け止め,0,0,0,動詞,自立,*,*,一段,命令k,受け止める,ウケトメ,ウケトメ
消し,0,0,0,動詞,自立,*,*,五段・サ行,命令k,消す,ケシ,ケシ
見積もり,0,0,0,動詞,自立,*,*,五段・ラ行,命令k,見積もる,ミツモリ,ミツモリ
招き,0,0,0,動詞,自立,*,*,五段・カ行イ音便,命令k,招く,マネキ,マネキ
曲げ,0,0,0,動詞,自立,*,*,一段,命令k,曲げる,マゲ,マゲ
通い,0,0,0,動詞,自立,*,*,五段・ワ行促音便,命令k,通う,カヨイ,カヨイ
組み,0,0,0,動詞,自立,*,*,五段・マ行,命令k,組む,クミ,クミ
殴り,0,0,0,動詞,自立,*,*,五段・ラ行,命令k,殴る,ナグリ,ナグリ
きき,0,0,0,動詞,自立,*,*,五段・カ行イ音便,命令k,きく,キキ,キキ
飛び越え,0,0,0,動詞,自立,*,*,一段,命令k,飛び越える,トビコエ,トビコエ
まけ,0,0,0,動詞,自立,*,*,一段,命令k,まける,マケ,マケ
いせ,0,0,0,動詞,自立,*,*,一段,命令k,いせる,イセ,イセ
やすみ,0,0,0,動詞,自立,*,*,五段・マ行,命令k,やすむ,ヤスミ,ヤスミ
済まし,0,0,0,動詞,自立,*,*,五段・サ行,命令k,済ます,スマシ,スマシ
見過ごし,0,0,0,動詞,自立,*,*,五段・サ行,命令k,見過ごす,ミスゴシ,ミスゴシ
想い,0,0,0,動詞,自立,*,*,五段・ワ行ウ音便,命令k,想う,オモイ,オモイ
勧め,0,0,0,動詞,自立,*,*,一段,命令k,勧める,ススメ,ススメ
画き,0,0,0,動詞,自立,*,*,五段・カ行イ音便,命令k,画く,エガキ,エガキ
たむけ,0,0,0,動詞,自立,*,*,一段,命令k,たむける,タムケ,タムケ
旅立ち,0,0,0,動詞,自立,*,*,五段・タ行,命令k,旅立つ,タビダチ,タビダチ
踏み,0,0,0,動詞,自立,*,*,五段・マ行,命令k,踏む,フミ,フミ
移り変わり,0,0,0,動詞,自立,*,*,五段・ラ行,命令k,移り変わる,ウツリカワリ,ウツリカワリ
たげ,0,0,0,動詞,非自立,*,*,一段,命令k,たげる,タゲ,タゲ
おけ,0,0,0,動詞,自立,*,*,一段,命令k,おける,オケ,オケ
いなし,0,0,0,動詞,自立,*,*,五段・サ行,命令k,いなす,イナシ,イナシ
かし,0,0,0,動詞,自立,*,*,五段・サ行,命令k,かす,カシ,カシ
経ち,0,0,0,動詞,自立,*,*,五段・タ行,命令k,経つ,タチ,タチ
うねり,0,0,0,動詞,自立,*,*,五段・ラ行,命令k,うねる,ウネリ,ウネリ
引き合い,0,0,0,動詞,自立,*,*,五段・ワ行促音便,命令k,引き合う,ヒキアイ,ヒキアイ
終え,0,0,0,動詞,非自立,*,*,一段,命令k,終える,オエ,オエ
食い,0,0,0,動詞,自立,*,*,五段・ワ行ウ音便,命令k,食う,クイ,クイ
なじみ,0,0,0,動詞,自立,*,*,五段・マ行,命令k,なじむ,ナジミ,ナジミ
建て直し,0,0,0,動詞,自立,*,*,五段・サ行,命令k,建て直す,タテナオシ,タテナオシ
足し,0,0,0,動詞,自立,*,*,五段・サ行,命令k,足す,タシ,タシ
行き着け,0,0,0,動詞,自立,*,*,一段,命令k,行き着ける,ユキツケ,ユキツケ
行き着け,0,0,0,動詞,自立,*,*,一段,命令k,行き着ける,イキツケ,イキツケ
わかり,0,0,0,動詞,自立,*,*,五段・ラ行,命令k,わかる,ワカリ,ワカリ
くくり,0,0,0,動詞,自立,*,*,五段・ラ行,命令k,くくる,ククリ,ククリ
つくり,0,0,0,動詞,自立,*,*,五段・ラ行,命令k,つくる,ツクリ,ツクリ
取り壊し,0,0,0,動詞,自立,*,*,五段・サ行,命令k,取り壊す,トリコワシ,トリコワシ
つげ,0,0,0,動詞,自立,*,*,一段,命令k,つげる,ツゲ,ツゲ
くされ,0,0,0,動詞,自立,*,*,一段,命令k,くされる,クサレ,クサレ
死ね,0,0,0,動詞,自立,*,*,一段,命令k,死ねる,シネ,シネ
ながれ,0,0,0,動詞,自立,*,*,一段,命令k,ながれる,ナガレ,ナガレ
継ぎ,0,0,0,動詞,自立,*,*,五段・ガ行,命令k,継ぐ,ツギ,ツギ
勤め,0,0,0,動詞,自立,*,*,一段,命令k,勤める,ツトメ,ツトメ
終わらし,0,0,0,動詞,自立,*,*,五段・サ行,命令k,終わらす,オワラシ,オワラシ
なくし,0,0,0,動詞,自立,*,*,五段・サ行,命令k,なくす,ナクシ,ナクシ
送れ,0,0,0,動詞,自立,*,*,一段,命令k,送れる,オクレ,オクレ
付け,0,0,0,動詞,自立,*,*,一段,命令k,付ける,ツケ,ツケ
伸べ,0,0,0,動詞,自立,*,*,一段,命令k,伸べる,ノベ,ノベ
混ぜ合わせ,0,0,0,動詞,自立,*,*,一段,命令k,混ぜ合わせる,マゼアワセ,マゼアワセ
つれ,0,0,0,動詞,自立,*,*,一段,命令k,つれる,ツレ,ツレ
立て直し,0,0,0,動詞,自立,*,*,五段・サ行,命令k,立て直す,タテナオシ,タテナオシ
ビビり,0,0,0,動詞,自立,*,*,五段・ラ行,命令k,ビビる,ビビリ,ビビリ
くい,0,0,0,動詞,自立,*,*,五段・ワ行促音便,命令k,くう,クイ,クイ
与え,0,0,0,動詞,自立,*,*,一段,命令k,与える,アタエ,アタエ
だらけ,0,0,0,動詞,自立,*,*,一段,命令k,だらける,ダラケ,ダラケ
和み,0,0,0,動詞,自立,*,*,五段・マ行,命令k,和む,ナゴミ,ナゴミ
くらし,0,0,0,動詞,自立,*,*,五段・サ行,命令k,くらす,クラシ,クラシ
つかり,0,0,0,動詞,自立,*,*,五段・ラ行,命令k,つかる,ツカリ,ツカリ
抜かし,0,0,0,動詞,自立,*,*,五段・サ行,命令k,抜かす,ヌカシ,ヌカシ
飛び降り,0,0,0,動詞,自立,*,*,一段,命令k,飛び降りる,トビオリ,トビオリ
せかせ,0,0,0,動詞,自立,*,*,一段,命令k,せかせる,セカセ,セカセ
減らし,0,0,0,動詞,自立,*,*,五段・サ行,命令k,減らす,ヘラシ,ヘラシ
あて,0,0,0,動詞,自立,*,*,一段,命令k,あてる,アテ,アテ
さき,0,0,0,動詞,自立,*,*,五段・カ行イ音便,命令k,さく,サキ,サキ
飾り付け,0,0,0,動詞,自立,*,*,一段,命令k,飾り付ける,カザリツケ,カザリツケ
ばけ,0,0,0,動詞,自立,*,*,一段,命令k,ばける,バケ,バケ
居残り,0,0,0,動詞,自立,*,*,五段・ラ行,命令k,居残る,イノコリ,イノコリ
たび,0,0,0,動詞,自立,*,*,四段・バ行,命令k,たぶ,タビ,タビ
賄い,0,0,0,動詞,自立,*,*,五段・ワ行促音便,命令k,賄う,マカナイ,マカナイ
賭け,0,0,0,動詞,自立,*,*,一段,命令k,賭ける,カケ,カケ
事足り,0,0,0,動詞,自立,*,*,五段・ラ行,命令k,事足る,コトタリ,コトタリ
成し,0,0,0,動詞,自立,*,*,五段・サ行,命令k,成す,ナシ,ナシ
はらえ,0,0,0,動詞,自立,*,*,一段,命令k,はらえる,ハラエ,ハラエ
思い出せ,0,0,0,動詞,自立,*,*,一段,命令k,思い出せる,オモイダセ,オモイダセ
くらい,0,0,0,動詞,自立,*,*,五段・ワ行促音便,命令k,くらう,クライ,クライ
たくし,0,0,0,動詞,自立,*,*,五段・サ行,命令k,たくす,タクシ,タクシ
押し出し,0,0,0,動詞,自立,*,*,五段・サ行,命令k,押し出す,オシダシ,オシダシ
がいし,0,0,0,動詞,自立,*,*,五段・サ行,命令k,がいす,ガイシ,ガイシ
出かけ,0,0,0,動詞,自立,*,*,一段,命令k,出かける,デカケ,デカケ
頑張り,0,0,0,動詞,自立,*,*,五段・ラ行,命令k,頑張る,ガンバリ,ガンバリ
おごり,0,0,0,動詞,自立,*,*,五段・ラ行,命令k,おごる,オゴリ,オゴリ
でばり,0,0,0,動詞,自立,*,*,五段・ラ行,命令k,でばる,デバリ,デバリ
担い,0,0,0,動詞,自立,*,*,五段・ワ行促音便,命令k,担う,ニナイ,ニナイ
まかない,0,0,0,動詞,自立,*,*,五段・ワ行促音便,命令k,まかなう,マカナイ,マカナイ
読み,0,0,0,動詞,自立,*,*,五段・マ行,命令k,読む,ヨミ,ヨミ
受け入れ,0,0,0,動詞,自立,*,*,一段,命令k,受け入れる,ウケイレ,ウケイレ
儲け,0,0,0,動詞,自立,*,*,一段,命令k,儲ける,モウケ,モーケ
立てかけ,0,0,0,動詞,自立,*,*,一段,命令k,立てかける,タテカケ,タテカケ
取り上げ,0,0,0,動詞,自立,*,*,一段,命令k,取り上げる,トリアゲ,トリアゲ
洒落,0,0,0,動詞,自立,*,*,一段,命令k,洒落る,シャレ,シャレ
しね,0,0,0,動詞,自立,*,*,一段,命令k,しねる,シネ,シネ
雇い,0,0,0,動詞,自立,*,*,五段・ワ行促音便,命令k,雇う,ヤトイ,ヤトイ
したい,0,0,0,動詞,自立,*,*,五段・ワ行促音便,命令k,したう,シタイ,シタイ
起き,0,0,0,動詞,自立,*,*,一段,命令k,起きる,オキ,オキ
訳し,0,0,0,動詞,自立,*,*,五段・サ行,命令k,訳す,ヤクシ,ヤクシ
住み込み,0,0,0,動詞,自立,*,*,五段・マ行,命令k,住み込む,スミコミ,スミコミ
荒れ,0,0,0,動詞,自立,*,*,一段,命令k,荒れる,アレ,アレ
なまけ,0,0,0,動詞,自立,*,*,一段,命令k,なまける,ナマケ,ナマケ
寝かしつけ,0,0,0,動詞,自立,*,*,一段,命令k,寝かしつける,ネカシツケ,ネカシツケ
ちゃい,0,0,0,動詞,自立,*,*,五段・ワ行促音便,命令k,ちゃう,チャイ,チャイ
宿り,0,0,0,動詞,自立,*,*,五段・ラ行,命令k,宿る,ヤドリ,ヤドリ
登れ,0,0,0,動詞,自立,*,*,一段,命令k,登れる,ノボレ,ノボレ
うつし,0,0,0,動詞,自立,*,*,五段・サ行,命令k,うつす,ウツシ,ウツシ
裏切り,0,0,0,動詞,自立,*,*,五段・ラ行,命令k,裏切る,ウラギリ,ウラギリ
習わせ,0,0,0,動詞,自立,*,*,一段,命令k,習わせる,ナラワセ,ナラワセ
ばて,0,0,0,動詞,自立,*,*,一段,命令k,ばてる,バテ,バテ
いき,0,0,0,動詞,自立,*,*,五段・カ行促音便,命令k,いく,イキ,イキ
はしゃぎ,0,0,0,動詞,自立,*,*,五段・ガ行,命令k,はしゃぐ,ハシャギ,ハシャギ
とい,0,0,0,動詞,自立,*,*,五段・ワ行促音便,命令k,とう,トイ,トイ
まくれ,0,0,0,動詞,自立,*,*,一段,命令k,まくれる,マクレ,マクレ
控え,0,0,0,動詞,自立,*,*,一段,命令k,控える,ヒカエ,ヒカエ
慌て,0,0,0,動詞,自立,*,*,一段,命令k,慌てる,アワテ,アワテ
潰れ,0,0,0,動詞,自立,*,*,一段,命令k,潰れる,ツブレ,ツブレ
まちがい,0,0,0,動詞,自立,*,*,五段・ワ行促音便,命令k,まちがう,マチガイ,マチガイ
あせ,0,0,0,動詞,自立,*,*,一段,命令k,あせる,アセ,アセ
笑わせ,0,0,0,動詞,自立,*,*,一段,命令k,笑わせる,ワラワセ,ワラワセ
帰し,0,0,0,動詞,自立,*,*,五段・サ行,命令k,帰す,キシ,キシ
帰し,0,0,0,動詞,自立,*,*,五段・サ行,命令k,帰す,カエシ,カエシ
言い表せ,0,0,0,動詞,自立,*,*,一段,命令k,言い表せる,イイアラワセ,イーアラワセ
せめ,0,0,0,動詞,自立,*,*,一段,命令k,せめる,セメ,セメ
やみ,0,0,0,動詞,自立,*,*,五段・マ行,命令k,やむ,ヤミ,ヤミ
見渡せ,0,0,0,動詞,自立,*,*,一段,命令k,見渡せる,ミワタセ,ミワタセ
かんがえ,0,0,0,動詞,自立,*,*,一段,命令k,かんがえる,カンガエ,カンガエ
うたがい,0,0,0,動詞,自立,*,*,五段・ワ行促音便,命令k,うたがう,ウタガイ,ウタガイ
返せ,0,0,0,動詞,自立,*,*,一段,命令k,返せる,カエセ,カエセ
まわり,0,0,0,動詞,非自立,*,*,五段・ラ行,命令k,まわる,マワリ,マワリ
果て,0,0,0,動詞,自立,*,*,一段,命令k,果てる,ハテ,ハテ
移せ,0,0,0,動詞,自立,*,*,一段,命令k,移せる,ウツセ,ウツセ
当てはめ,0,0,0,動詞,自立,*,*,一段,命令k,当てはめる,アテハメ,アテハメ
ため,0,0,0,動詞,自立,*,*,一段,命令k,ためる,タメ,タメ
追い,0,0,0,動詞,自立,*,*,五段・ワ行促音便,命令k,追う,オイ,オイ
隠し,0,0,0,動詞,自立,*,*,五段・サ行,命令k,隠す,カクシ,カクシ
いただき,0,0,0,動詞,自立,*,*,五段・カ行イ音便,命令k,いただく,イタダキ,イタダキ
尋ね,0,0,0,動詞,自立,*,*,一段,命令k,尋ねる,タズネ,タズネ
かび,0,0,0,動詞,自立,*,*,一段,命令k,かびる,カビ,カビ
香り,0,0,0,動詞,自立,*,*,五段・ラ行,命令k,香る,カオリ,カオリ
ひっぱり,0,0,0,動詞,自立,*,*,五段・ラ行,命令k,ひっぱる,ヒッパリ,ヒッパリ
用い,0,0,0,動詞,自立,*,*,一段,命令k,用いる,モチイ,モチイ
目指し,0,0,0,動詞,自立,*,*,五段・サ行,命令k,目指す,メザシ,メザシ
惑い,0,0,0,動詞,自立,*,*,五段・ワ行促音便,命令k,惑う,マドイ,マドイ
ならい,0,0,0,動詞,自立,*,*,五段・ワ行促音便,命令k,ならう,ナライ,ナライ
かち,0,0,0,動詞,自立,*,*,五段・タ行,命令k,かつ,カチ,カチ
くずし,0,0,0,動詞,自立,*,*,五段・サ行,命令k,くずす,クズシ,クズシ
悩み,0,0,0,動詞,自立,*,*,五段・マ行,命令k,悩む,ナヤミ,ナヤミ
とげ,0,0,0,動詞,自立,*,*,一段,命令k,とげる,トゲ,トゲ
勝り,0,0,0,動詞,自立,*,*,五段・ラ行,命令k,勝る,マサリ,マサリ
惹き,0,0,0,動詞,自立,*,*,五段・カ行イ音便,命令k,惹く,ヒキ,ヒキ
きらし,0,0,0,動詞,自立,*,*,五段・サ行,命令k,きらす,キラシ,キラシ
かがし,0,0,0,動詞,自立,*,*,五段・サ行,命令k,かがす,カガシ,カガシ
暮らし,0,0,0,動詞,自立,*,*,五段・サ行,命令k,暮らす,クラシ,クラシ
混じり,0,0,0,動詞,自立,*,*,五段・ラ行,命令k,混じる,マジリ,マジリ
はじまり,0,0,0,動詞,自立,*,*,五段・ラ行,命令k,はじまる,ハジマリ,ハジマリ
まぎれ,0,0,0,動詞,自立,*,*,一段,命令k,まぎれる,マギレ,マギレ
ひねくれ,0,0,0,動詞,自立,*,*,一段,命令k,ひねくれる,ヒネクレ,ヒネクレ
消え,0,0,0,動詞,自立,*,*,一段,命令k,消える,キエ,キエ
習い,0,0,0,動詞,自立,*,*,五段・ワ行促音便,命令k,習う,ナライ,ナライ
たいし,0,0,0,動詞,自立,*,*,五段・サ行,命令k,たいす,タイシ,タイシ
湧き,0,0,0,動詞,自立,*,*,五段・カ行イ音便,命令k,湧く,ワキ,ワキ
コケ,0,0,0,動詞,自立,*,*,一段,命令k,コケる,コケ,コケ
溺れ,0,0,0,動詞,自立,*,*,一段,命令k,溺れる,オボレ,オボレ
傷つけ,0,0,0,動詞,自立,*,*,一段,命令k,傷つける,キズツケ,キズツケ
たり,0,0,0,動詞,非自立,*,*,五段・ラ行,命令k,たる,タリ,タリ
笑われ,0,0,0,動詞,自立,*,*,一段,命令k,笑われる,ワラワレ,ワラワレ
作り直し,0,0,0,動詞,自立,*,*,五段・サ行,命令k,作り直す,ツクリナオシ,ツクリナオシ
眺め,0,0,0,動詞,自立,*,*,一段,命令k,眺める,ナガメ,ナガメ
いなみ,0,0,0,動詞,自立,*,*,五段・マ行,命令k,いなむ,イナミ,イナミ
てき,0,0,0,動詞,非自立,*,*,五段・カ行促音便,命令k,てく,テキ,テキ
持ち回り,0,0,0,動詞,自立,*,*,五段・ラ行,命令k,持ち回る,モチマワリ,モチマワリ
バレ,0,0,0,動詞,自立,*,*,一段,命令k,バレる,バレ,バレ
ゆり,0,0,0,動詞,自立,*,*,五段・ラ行,命令k,ゆる,ユリ,ユリ
めざし,0,0,0,動詞,自立,*,*,五段・サ行,命令k,めざす,メザシ,メザシ
追い詰め,0,0,0,動詞,自立,*,*,一段,命令k,追い詰める,オイツメ,オイツメ
戸惑い,0,0,0,動詞,自立,*,*,五段・ワ行促音便,命令k,戸惑う,トマドイ,トマドイ
浮かし,0,0,0,動詞,自立,*,*,五段・サ行,命令k,浮かす,ウカシ,ウカシ
からみ,0,0,0,動詞,自立,*,*,五段・マ行,命令k,からむ,カラミ,カラミ
混じ,0,0,0,動詞,自立,*,*,一段,命令k,混じる,コンジ,コンジ
付け足し,0,0,0,動詞,自立,*,*,五段・サ行,命令k,付け足す,ツケタシ,ツケタシ
跳び,0,0,0,動詞,自立,*,*,五段・バ行,命令k,跳ぶ,トビ,トビ
つぶり,0,0,0,動詞,自立,*,*,五段・ラ行,命令k,つぶる,ツブリ,ツブリ
なだめ,0,0,0,動詞,自立,*,*,一段,命令k,なだめる,ナダメ,ナダメ
知り,0,0,0,動詞,自立,*,*,五段・ラ行,命令k,知る,シリ,シリ
かかれ,0,0,0,動詞,自立,*,*,一段,命令k,かかれる,カカレ,カカレ
笑わし,0,0,0,動詞,自立,*,*,五段・サ行,命令k,笑わす,ワラワシ,ワラワシ
借り,0,0,0,動詞,自立,*,*,五段・ラ行,命令k,借る,カリ,カリ
つまみ,0,0,0,動詞,自立,*,*,五段・マ行,命令k,つまむ,ツマミ,ツマミ
見通し,0,0,0,動詞,自立,*,*,五段・サ行,命令k,見通す,ミトオシ,ミトオシ
片付け,0,0,0,動詞,自立,*,*,一段,命令k,片付ける,カタヅケ,カタズケ
終え,0,0,0,動詞,自立,*,*,一段,命令k,終える,オエ,オエ
こわし,0,0,0,動詞,自立,*,*,五段・サ行,命令k,こわす,コワシ,コワシ
押し込み,0,0,0,動詞,自立,*,*,五段・マ行,命令k,押し込む,オシコミ,オシコミ
かて,0,0,0,動詞,自立,*,*,一段,命令k,かてる,カテ,カテ
思え,0,0,0,動詞,自立,*,*,一段,命令k,思える,オモエ,オモエ
割り切れ,0,0,0,動詞,自立,*,*,一段,命令k,割り切れる,ワリキレ,ワリキレ
しき,0,0,0,動詞,自立,*,*,五段・カ行イ音便,命令k,しく,シキ,シキ
かすり,0,0,0,動詞,自立,*,*,五段・ラ行,命令k,かする,カスリ,カスリ
ほめ,0,0,0,動詞,自立,*,*,一段,命令k,ほめる,ホメ,ホメ
わき,0,0,0,動詞,自立,*,*,五段・カ行イ音便,命令k,わく,ワキ,ワキ
あたい,0,0,0,動詞,自立,*,*,五段・ワ行促音便,命令k,あたう,アタイ,アタイ
浮き,0,0,0,動詞,自立,*,*,五段・カ行イ音便,命令k,浮く,ウキ,ウキ
いじめ,0,0,0,動詞,自立,*,*,一段,命令k,いじめる,イジメ,イジメ
囲い,0,0,0,動詞,自立,*,*,五段・ワ行促音便,命令k,囲う,カコイ,カコイ
使いこなせ,0,0,0,動詞,自立,*,*,一段,命令k,使いこなせる,ツカイコナセ,ツカイコナセ
楽しめ,0,0,0,動詞,自立,*,*,一段,命令k,楽しめる,タノシメ,タノシメ
めし,0,0,0,動詞,自立,*,*,五段・サ行,命令k,めす,メシ,メシ
痩せ,0,0,0,動詞,自立,*,*,一段,命令k,痩せる,ヤセ,ヤセ
引き受け,0,0,0,動詞,自立,*,*,一段,命令k,引き受ける,ヒキウケ,ヒキウケ
寂れ,0,0,0,動詞,自立,*,*,一段,命令k,寂れる,サビレ,サビレ
咲き,0,0,0,動詞,自立,*,*,五段・カ行イ音便,命令k,咲く,サキ,サキ
割り込み,0,0,0,動詞,自立,*,*,五段・マ行,命令k,割り込む,ワリコミ,ワリコミ
まじり,0,0,0,動詞,自立,*,*,五段・ラ行,命令k,まじる,マジリ,マジリ
つくし,0,0,0,動詞,非自立,*,*,五段・サ行,命令k,つくす,ツクシ,ツクシ
座り,0,0,0,動詞,自立,*,*,五段・ラ行,命令k,座る,スワリ,スワリ
まね,0,0,0,動詞,自立,*,*,一段,命令k,まねる,マネ,マネ
済み,0,0,0,動詞,自立,*,*,五段・マ行,命令k,済む,スミ,スミ
かんじ,0,0,0,動詞,自立,*,*,一段,命令k,かんじる,カンジ,カンジ
もつれ,0,0,0,動詞,自立,*,*,一段,命令k,もつれる,モツレ,モツレ
産し,0,0,0,動詞,自立,*,*,五段・サ行,命令k,産す,ムシ,ムシ
踏まえ,0,0,0,動詞,自立,*,*,一段,命令k,踏まえる,フマエ,フマエ
まわれ,0,0,0,動詞,自立,*,*,一段,命令k,まわれる,マワレ,マワレ
ちらし,0,0,0,動詞,自立,*,*,五段・サ行,命令k,ちらす,チラシ,チラシ
のめ,0,0,0,動詞,自立,*,*,一段,命令k,のめる,ノメ,ノメ
なさい,0,0,0,動詞,自立,*,*,五段・ラ行特殊,命令k,なさる,ナサイ,ナサイ
介し,0,0,0,動詞,自立,*,*,五段・サ行,命令k,介す,カイシ,カイシ
損ない,0,0,0,動詞,自立,*,*,五段・ワ行促音便,命令k,損なう,ソコナイ,ソコナイ
ほどき,0,0,0,動詞,自立,*,*,五段・カ行イ音便,命令k,ほどく,ホドキ,ホドキ
生れ,0,0,0,動詞,自立,*,*,一段,命令k,生れる,ウマレ,ウマレ
うたい,0,0,0,動詞,自立,*,*,五段・ワ行促音便,命令k,うたう,ウタイ,ウタイ
見知り,0,0,0,動詞,自立,*,*,五段・ラ行,命令k,見知る,ミシリ,ミシリ
尽くし,0,0,0,動詞,自立,*,*,五段・サ行,命令k,尽くす,ツクシ,ツクシ
塗り,0,0,0,動詞,自立,*,*,五段・ラ行,命令k,塗る,ヌリ,ヌリ
出え,0,0,0,動詞,自立,*,*,一段,命令k,出る,デエ,デー
でえ,0,0,0,動詞,自立,*,*,一段,命令k・長音化,でる,デエ,デー
出え,0,0,0,動詞,非自立,*,*,一段,命令k・長音化,出る,デエ,デー
でえ,0,0,0,動詞,非自立,*,*,一段,命令k・長音化,でる,デエ,デー
現し,0,0,0,動詞,自立,*,*,五段・サ行,命令k,現す,アラワシ,アラワシ
表し,0,0,0,動詞,自立,*,*,五段・サ行,命令k,表す,アラワシ,アラワシ
よせ,0,0,0,動詞,自立,*,*,一段,命令k,よせる,ヨセ,ヨセ
見つかり,0,0,0,動詞,自立,*,*,五段・ラ行,命令k,見つかる,ミツカリ,ミツカリ
交わり,0,0,0,動詞,自立,*,*,五段・ラ行,命令k,交わる,マジワリ,マジワリ
やり,0,0,0,動詞,非自立,*,*,五段・ラ行,命令k,やる,ヤリ,ヤリ
聴き,0,0,0,動詞,自立,*,*,五段・カ行イ音便,命令k,聴く,キキ,キキ
しし,0,0,0,動詞,自立,*,*,五段・サ行,命令k,しす,シシ,シシ
いだけ,0,0,0,動詞,自立,*,*,一段,命令k,いだける,イダケ,イダケ
のび,0,0,0,動詞,自立,*,*,一段,命令k,のびる,ノビ,ノビ
暮れ,0,0,0,動詞,自立,*,*,一段,命令k,暮れる,クレ,クレ
からめ,0,0,0,動詞,自立,*,*,一段,命令k,からめる,カラメ,カラメ
いたわり,0,0,0,動詞,自立,*,*,五段・ラ行,命令k,いたわる,イタワリ,イタワリ
行い,0,0,0,動詞,自立,*,*,五段・ワ行促音便,命令k,行う,オコナイ,オコナイ
捏ね,0,0,0,動詞,自立,*,*,一段,命令k,捏ねる,コネ,コネ
捏ね,0,0,0,動詞,自立,*,*,一段,命令k,捏ねる,ツクネ,ツクネ
分かれ,0,0,0,動詞,自立,*,*,一段,命令k,分かれる,ワカレ,ワカレ
習わし,0,0,0,動詞,自立,*,*,五段・サ行,命令k,習わす,ナラワシ,ナラワシ
引き留め,0,0,0,動詞,自立,*,*,一段,命令k,引き留める,ヒキトメ,ヒキトメ
入り込め,0,0,0,動詞,自立,*,*,一段,命令k,入り込める,ハイリコメ,ハイリコメ
ひっくり返し,0,0,0,動詞,自立,*,*,五段・サ行,命令k,ひっくり返す,ヒックリカエシ,ヒックリカエシ
のし,0,0,0,動詞,自立,*,*,五段・サ行,命令k,のす,ノシ,ノシ
吸い込み,0,0,0,動詞,自立,*,*,五段・マ行,命令k,吸い込む,スイコミ,スイコミ
さめ,0,0,0,動詞,自立,*,*,一段,命令k,さめる,サメ,サメ
補い,0,0,0,動詞,自立,*,*,五段・ワ行促音便,命令k,補う,オギナイ,オギナイ
攻め,0,0,0,動詞,自立,*,*,一段,命令k,攻める,セメ,セメ
および,0,0,0,動詞,自立,*,*,五段・バ行,命令k,およぶ,オヨビ,オヨビ
干し,0,0,0,動詞,自立,*,*,五段・サ行,命令k,干す,ホシ,ホシ
逃げ,0,0,0,動詞,自立,*,*,一段,命令k,逃げる,ニゲ,ニゲ
汚れ,0,0,0,動詞,自立,*,*,一段,命令k,汚れる,ヨゴレ,ヨゴレ
汚れ,0,0,0,動詞,自立,*,*,一段,命令k,汚れる,ケガレ,ケガレ
すみ,0,0,0,動詞,自立,*,*,五段・マ行,命令k,すむ,スミ,スミ
ぎし,0,0,0,動詞,自立,*,*,五段・サ行,命令k,ぎす,ギシ,ギシ
伝え,0,0,0,動詞,自立,*,*,一段,命令k,伝える,ツタエ,ツタエ
そえ,0,0,0,動詞,自立,*,*,一段,命令k,そえる,ソエ,ソエ
引きずり,0,0,0,動詞,自立,*,*,五段・ラ行,命令k,引きずる,ヒキズリ,ヒキズリ
ぬい,0,0,0,動詞,自立,*,*,五段・ワ行促音便,命令k,ぬう,ヌイ,ヌイ
たで,0,0,0,動詞,自立,*,*,一段,命令k,たでる,タデ,タデ
つつき,0,0,0,動詞,自立,*,*,五段・カ行イ音便,命令k,つつく,ツツキ,ツツキ
籠り,0,0,0,動詞,自立,*,*,五段・ラ行,命令k,籠る,コモリ,コモリ
余し,0,0,0,動詞,自立,*,*,五段・サ行,命令k,余す,アマシ,アマシ
衰え,0,0,0,動詞,自立,*,*,一段,命令k,衰える,オトロエ,オトロエ
うつろい,0,0,0,動詞,自立,*,*,五段・ワ行促音便,命令k,うつろう,ウツロイ,ウツロイ
もちこたえ,0,0,0,動詞,自立,*,*,一段,命令k,もちこたえる,モチコタエ,モチコタエ
行け,0,0,0,動詞,自立,*,*,一段,命令k,行ける,イケ,イケ
行け,0,0,0,動詞,自立,*,*,一段,命令k,行ける,ユケ,ユケ
ごまかし,0,0,0,動詞,自立,*,*,五段・サ行,命令k,ごまかす,ゴマカシ,ゴマカシ
でっち上げ,0,0,0,動詞,自立,*,*,一段,命令k,でっち上げる,デッチアゲ,デッチアゲ
置き,0,0,0,動詞,自立,*,*,五段・カ行イ音便,命令k,置く,オキ,オキ
かどわかし,0,0,0,動詞,自立,*,*,五段・サ行,命令k,かどわかす,カドワカシ,カドワカシ
たり,0,0,0,動詞,自立,*,*,一段,命令k,たりる,タリ,タリ
みれ,0,0,0,動詞,自立,*,*,一段,命令k,みれる,ミレ,ミレ
思い切り,0,0,0,動詞,自立,*,*,五段・ラ行,命令k,思い切る,オモイキリ,オモイキリ
できあい,0,0,0,動詞,自立,*,*,五段・ワ行促音便,命令k,できあう,デキアイ,デキアイ
とろけ,0,0,0,動詞,自立,*,*,一段,命令k,とろける,トロケ,トロケ
迷い,0,0,0,動詞,自立,*,*,五段・ワ行促音便,命令k,迷う,マヨイ,マヨイ
反らし,0,0,0,動詞,自立,*,*,五段・サ行,命令k,反らす,ソラシ,ソラシ
けなし,0,0,0,動詞,自立,*,*,五段・サ行,命令k,けなす,ケナシ,ケナシ
開き,0,0,0,動詞,自立,*,*,五段・カ行イ音便,命令k,開く,ヒラキ,ヒラキ
開き,0,0,0,動詞,自立,*,*,五段・カ行イ音便,命令k,開く,アキ,アキ
燃やし,0,0,0,動詞,自立,*,*,五段・サ行,命令k,燃やす,モヤシ,モヤシ
さり,0,0,0,動詞,自立,*,*,五段・ラ行,命令k,さる,サリ,サリ
混ぜ,0,0,0,動詞,自立,*,*,一段,命令k,混ぜる,マゼ,マゼ
ふせ,0,0,0,動詞,自立,*,*,一段,命令k,ふせる,フセ,フセ
もどし,0,0,0,動詞,自立,*,*,五段・サ行,命令k,もどす,モドシ,モドシ
思い,0,0,0,動詞,自立,*,*,五段・ワ行ウ音便,命令k,思う,オモイ,オモイ
曲がり,0,0,0,動詞,自立,*,*,五段・ラ行,命令k,曲がる,マガリ,マガリ
費え,0,0,0,動詞,自立,*,*,一段,命令k,費える,ツイエ,ツイエ
温め,0,0,0,動詞,自立,*,*,一段,命令k,温める,アタタメ,アタタメ
温め,0,0,0,動詞,自立,*,*,一段,命令k,温める,ヌクメ,ヌクメ
押しだし,0,0,0,動詞,自立,*,*,五段・サ行,命令k,押しだす,オシダシ,オシダシ
待ち受け,0,0,0,動詞,自立,*,*,一段,命令k,待ち受ける,マチウケ,マチウケ
事足り,0,0,0,動詞,自立,*,*,一段,命令k,事足りる,コトタリ,コトタリ
作り上げ,0,0,0,動詞,自立,*,*,一段,命令k,作り上げる,ツクリアゲ,ツクリアゲ
しゃがみ,0,0,0,動詞,自立,*,*,五段・マ行,命令k,しゃがむ,シャガミ,シャガミ
いたし,0,0,0,動詞,非自立,*,*,五段・サ行,命令k,いたす,イタシ,イタシ
言いだし,0,0,0,動詞,自立,*,*,五段・サ行,命令k,言いだす,イイダシ,イーダシ
きらめき,0,0,0,動詞,自立,*,*,五段・カ行イ音便,命令k,きらめく,キラメキ,キラメキ
好き,0,0,0,動詞,自立,*,*,五段・カ行イ音便,命令k,好く,スキ,スキ
ぬき,0,0,0,動詞,自立,*,*,五段・カ行イ音便,命令k,ぬく,ヌキ,ヌキ
走りで,0,0,0,動詞,自立,*,*,一段,命令k,走りでる,ハシリデ,ハシリデ
取り次ぎ,0,0,0,動詞,自立,*,*,五段・ガ行,命令k,取り次ぐ,トリツギ,トリツギ
座れ,0,0,0,動詞,自立,*,*,一段,命令k,座れる,スワレ,スワレ
取り組み,0,0,0,動詞,自立,*,*,五段・マ行,命令k,取り組む,トリクミ,トリクミ
はせ,0,0,0,動詞,自立,*,*,一段,命令k,はせる,ハセ,ハセ
当て,0,0,0,動詞,自立,*,*,一段,命令k,当てる,アテ,アテ
発し,0,0,0,動詞,自立,*,*,五段・サ行,命令k,発す,ハッシ,ハッシ
くじけ,0,0,0,動詞,自立,*,*,一段,命令k,くじける,クジケ,クジケ
覆し,0,0,0,動詞,自立,*,*,五段・サ行,命令k,覆す,クツガエシ,クツガエシ
咎め,0,0,0,動詞,自立,*,*,一段,命令k,咎める,トガメ,トガメ
当り,0,0,0,動詞,自立,*,*,五段・ラ行,命令k,当る,アタリ,アタリ
ちび,0,0,0,動詞,自立,*,*,一段,命令k,ちびる,チビ,チビ
からまり,0,0,0,動詞,自立,*,*,五段・ラ行,命令k,からまる,カラマリ,カラマリ
ゆき,0,0,0,動詞,自立,*,*,五段・カ行イ音便,命令k,ゆく,ユキ,ユキ
欠け,0,0,0,動詞,自立,*,*,一段,命令k,欠ける,カケ,カケ
乗り出し,0,0,0,動詞,自立,*,*,五段・サ行,命令k,乗り出す,ノリダシ,ノリダシ
みせ,0,0,0,動詞,自立,*,*,一段,命令k,みせる,ミセ,ミセ
供え,0,0,0,動詞,自立,*,*,一段,命令k,供える,ソナエ,ソナエ
とえ,0,0,0,動詞,自立,*,*,一段,命令k,とえる,トエ,トエ
めき,0,0,0,動詞,非自立,*,*,五段・カ行イ音便,命令k,めく,メキ,メキ
引き起こし,0,0,0,動詞,自立,*,*,五段・サ行,命令k,引き起こす,ヒキオコシ,ヒキオコシ
ばらし,0,0,0,動詞,自立,*,*,五段・サ行,命令k,ばらす,バラシ,バラシ
言い返し,0,0,0,動詞,自立,*,*,五段・サ行,命令k,言い返す,イイカエシ,イーカエシ
支え,0,0,0,動詞,自立,*,*,一段,命令k,支える,ササエ,ササエ
支え,0,0,0,動詞,自立,*,*,一段,命令k,支える,ツカエ,ツカエ
われ,0,0,0,動詞,自立,*,*,一段,命令k,われる,ワレ,ワレ
うかれ,0,0,0,動詞,自立,*,*,一段,命令k,うかれる,ウカレ,ウカレ
見分け,0,0,0,動詞,自立,*,*,一段,命令k,見分ける,ミワケ,ミワケ
まげ,0,0,0,動詞,自立,*,*,一段,命令k,まげる,マゲ,マゲ
させ,0,0,0,動詞,接尾,*,*,一段,命令k,させる,サセ,サセ
責め,0,0,0,動詞,自立,*,*,一段,命令k,責める,セメ,セメ
始め,0,0,0,動詞,自立,*,*,一段,命令k,始める,ハジメ,ハジメ
引き止め,0,0,0,動詞,自立,*,*,一段,命令k,引き止める,ヒキトメ,ヒキトメ
寝ぼけ,0,0,0,動詞,自立,*,*,一段,命令k,寝ぼける,ネボケ,ネボケ
炊き,0,0,0,動詞,自立,*,*,五段・カ行イ音便,命令k,炊く,タキ,タキ
噛み,0,0,0,動詞,自立,*,*,五段・マ行,命令k,噛む,カミ,カミ
浮かべ,0,0,0,動詞,自立,*,*,一段,命令k,浮かべる,ウカベ,ウカベ
あみ,0,0,0,動詞,自立,*,*,五段・マ行,命令k,あむ,アミ,アミ
下り,0,0,0,動詞,自立,*,*,五段・ラ行,命令k,下る,クダリ,クダリ
積め,0,0,0,動詞,自立,*,*,一段,命令k,積める,ツメ,ツメ
有り,0,0,0,動詞,自立,*,*,五段・ラ行,命令k,有る,アリ,アリ
貼り,0,0,0,動詞,自立,*,*,五段・ラ行,命令k,貼る,ハリ,ハリ
片づけ,0,0,0,動詞,自立,*,*,一段,命令k,片づける,カタヅケ,カタズケ
がんばれ,0,0,0,動詞,自立,*,*,一段,命令k,がんばれる,ガンバレ,ガンバレ
追い込み,0,0,0,動詞,自立,*,*,五段・マ行,命令k,追い込む,オイコミ,オイコミ
けたて,0,0,0,動詞,自立,*,*,一段,命令k,けたてる,ケタテ,ケタテ
しみ,0,0,0,動詞,自立,*,*,五段・マ行,命令k,しむ,シミ,シミ
だせ,0,0,0,動詞,自立,*,*,一段,命令k,だせる,ダセ,ダセ
引っ越し,0,0,0,動詞,自立,*,*,五段・サ行,命令k,引っ越す,ヒッコシ,ヒッコシ
合し,0,0,0,動詞,自立,*,*,五段・サ行,命令k,合す,アワシ,アワシ
やり直せ,0,0,0,動詞,自立,*,*,一段,命令k,やり直せる,ヤリナオセ,ヤリナオセ
炊け,0,0,0,動詞,自立,*,*,一段,命令k,炊ける,タケ,タケ
かい,0,0,0,動詞,自立,*,*,五段・ワ行促音便,命令k,かう,カイ,カイ
見出し,0,0,0,動詞,自立,*,*,五段・サ行,命令k,見出す,ミイダシ,ミイダシ
申し上げ,0,0,0,動詞,自立,*,*,一段,命令k,申し上げる,モウシアゲ,モーシアゲ
寝過ごし,0,0,0,動詞,自立,*,*,五段・サ行,命令k,寝過ごす,ネスゴシ,ネスゴシ
変わり,0,0,0,動詞,自立,*,*,五段・ラ行,命令k,変わる,カワリ,カワリ
抑え,0,0,0,動詞,自立,*,*,一段,命令k,抑える,オサエ,オサエ
見切れ,0,0,0,動詞,自立,*,*,一段,命令k,見切れる,ミキレ,ミキレ
漬け,0,0,0,動詞,自立,*,*,一段,命令k,漬ける,ツケ,ツケ
痛み,0,0,0,動詞,自立,*,*,五段・マ行,命令k,痛む,イタミ,イタミ
取り仕切り,0,0,0,動詞,自立,*,*,五段・ラ行,命令k,取り仕切る,トリシキリ,トリシキリ
しらけ,0,0,0,動詞,自立,*,*,一段,命令k,しらける,シラケ,シラケ
くけ,0,0,0,動詞,自立,*,*,一段,命令k,くける,クケ,クケ
明け暮れ,0,0,0,動詞,自立,*,*,一段,命令k,明け暮れる,アケクレ,アケクレ
差し上げ,0,0,0,動詞,自立,*,*,一段,命令k,差し上げる,サシアゲ,サシアゲ
移し,0,0,0,動詞,自立,*,*,五段・サ行,命令k,移す,ウツシ,ウツシ
うちみ,0,0,0,動詞,自立,*,*,一段,命令k,うちみる,ウチミ,ウチミ
涙し,0,0,0,動詞,自立,*,*,五段・サ行,命令k,涙す,ナミダシ,ナミダシ
待ち合わせ,0,0,0,動詞,自立,*,*,一段,命令k,待ち合わせる,マチアワセ,マチアワセ
属し,0,0,0,動詞,自立,*,*,五段・サ行,命令k,属す,ゾクシ,ゾクシ
通え,0,0,0,動詞,自立,*,*,一段,命令k,通える,カヨエ,カヨエ
すき,0,0,0,動詞,自立,*,*,五段・カ行イ音便,命令k,すく,スキ,スキ
会い,0,0,0,動詞,自立,*,*,五段・ワ行促音便,命令k,会う,アイ,アイ
くだけ,0,0,0,動詞,自立,*,*,一段,命令k,くだける,クダケ,クダケ
そめ,0,0,0,動詞,自立,*,*,一段,命令k,そめる,ソメ,ソメ
上げ,0,0,0,動詞,自立,*,*,一段,命令k,上げる,アゲ,アゲ
引越し,0,0,0,動詞,自立,*,*,五段・サ行,命令k,引越す,ヒッコシ,ヒッコシ
傾き,0,0,0,動詞,自立,*,*,五段・カ行イ音便,命令k,傾く,カタムキ,カタムキ
傾き,0,0,0,動詞,自立,*,*,五段・カ行イ音便,命令k,傾く,カタブキ,カタブキ
狩り,0,0,0,動詞,自立,*,*,五段・ラ行,命令k,狩る,カリ,カリ
繋がり,0,0,0,動詞,自立,*,*,五段・ラ行,命令k,繋がる,ツナガリ,ツナガリ
負い,0,0,0,動詞,自立,*,*,五段・ワ行ウ音便,命令k,負う,オイ,オイ
曲り,0,0,0,動詞,自立,*,*,五段・ラ行,命令k,曲る,マガリ,マガリ
さらし,0,0,0,動詞,自立,*,*,五段・サ行,命令k,さらす,サラシ,サラシ
記し,0,0,0,動詞,自立,*,*,五段・サ行,命令k,記す,シルシ,シルシ
のけ,0,0,0,動詞,自立,*,*,一段,命令k,のける,ノケ,ノケ
残せ,0,0,0,動詞,自立,*,*,一段,命令k,残せる,ノコセ,ノコセ
落とせ,0,0,0,動詞,自立,*,*,一段,命令k,落とせる,オトセ,オトセ
力み,0,0,0,動詞,自立,*,*,五段・マ行,命令k,力む,リキミ,リキミ
秀で,0,0,0,動詞,自立,*,*,一段,命令k,秀でる,ヒイデ,ヒイデ
泣かせ,0,0,0,動詞,自立,*,*,一段,命令k,泣かせる,ナカセ,ナカセ
たたし,0,0,0,動詞,自立,*,*,五段・サ行,命令k,たたす,タタシ,タタシ
乗りかえ,0,0,0,動詞,自立,*,*,一段,命令k,乗りかえる,ノリカエ,ノリカエ
めぐり,0,0,0,動詞,自立,*,*,五段・ラ行,命令k,めぐる,メグリ,メグリ
書き込み,0,0,0,動詞,自立,*,*,五段・マ行,命令k,書き込む,カキコミ,カキコミ
働かし,0,0,0,動詞,自立,*,*,五段・サ行,命令k,働かす,ハタラカシ,ハタラカシ
かぶり,0,0,0,動詞,自立,*,*,五段・ラ行,命令k,かぶる,カブリ,カブリ
凍り,0,0,0,動詞,自立,*,*,五段・ラ行,命令k,凍る,コオリ,コーリ
喋り,0,0,0,動詞,自立,*,*,五段・ラ行,命令k,喋る,シャベリ,シャベリ
にたち,0,0,0,動詞,自立,*,*,五段・タ行,命令k,にたつ,ニタチ,ニタチ
づき,0,0,0,動詞,自立,*,*,五段・カ行イ音便,命令k,づく,ヅキ,ズキ
訪ね,0,0,0,動詞,自立,*,*,一段,命令k,訪ねる,タズネ,タズネ
耐え,0,0,0,動詞,自立,*,*,一段,命令k,耐える,タエ,タエ
担ぎ,0,0,0,動詞,自立,*,*,五段・ガ行,命令k,担ぐ,カツギ,カツギ
落ち着け,0,0,0,動詞,自立,*,*,一段,命令k,落ち着ける,オチツケ,オチツケ
さんじ,0,0,0,動詞,自立,*,*,一段,命令k,さんじる,サンジ,サンジ
集め,0,0,0,動詞,自立,*,*,一段,命令k,集める,アツメ,アツメ
逢え,0,0,0,動詞,自立,*,*,一段,命令k,逢える,アエ,アエ
はげ,0,0,0,動詞,自立,*,*,一段,命令k,はげる,ハゲ,ハゲ
達し,0,0,0,動詞,自立,*,*,五段・サ行,命令k,達す,タッシ,タッシ
さし,0,0,0,動詞,自立,*,*,五段・サ行,命令k,さす,サシ,サシ
すれ,0,0,0,動詞,自立,*,*,一段,命令k,すれる,スレ,スレ
包み,0,0,0,動詞,自立,*,*,五段・マ行,命令k,包む,ツツミ,ツツミ
飾りつけ,0,0,0,動詞,自立,*,*,一段,命令k,飾りつける,カザリツケ,カザリツケ
