ガバ,0,0,0,副詞,助詞類接続,*,*,*,*,ガバ,ガバ,ガバ
ニヤリ,0,0,0,副詞,助詞類接続,*,*,*,*,ニヤリ,ニヤリ,ニヤリ
ピン,0,0,0,副詞,助詞類接続,*,*,*,*,ピン,ピン,ピン
くしゃくしゃ,0,0,0,副詞,助詞類接続,*,*,*,*,くしゃくしゃ,クシャクシャ,クシャクシャ
ニコッ,0,0,0,副詞,助詞類接続,*,*,*,*,ニコッ,ニコッ,ニコッ
ウロウロ,0,0,0,副詞,助詞類接続,*,*,*,*,ウロウロ,ウロウロ,ウロウロ
広びろ,0,0,0,副詞,助詞類接続,*,*,*,*,広びろ,ヒロビロ,ヒロビロ
ぴたり,0,0,0,副詞,助詞類接続,*,*,*,*,ぴたり,ピタリ,ピタリ
ビシビシ,0,0,0,副詞,助詞類接続,*,*,*,*,ビシビシ,ビシビシ,ビシビシ
ポツリ,0,0,0,副詞,助詞類接続,*,*,*,*,ポツリ,ポツリ,ポツリ
何でも,0,0,0,副詞,助詞類接続,*,*,*,*,何でも,ナンデモ,ナンデモ
ぽろり,0,0,0,副詞,助詞類接続,*,*,*,*,ぽろり,ポロリ,ポロリ
とくとく,0,0,0,副詞,助詞類接続,*,*,*,*,とくとく,トクトク,トクトク
淡々,0,0,0,副詞,助詞類接続,*,*,*,*,淡々,タンタン,タンタン
ピリッ,0,0,0,副詞,助詞類接続,*,*,*,*,ピリッ,ピリッ,ピリッ
きちん,0,0,0,副詞,助詞類接続,*,*,*,*,きちん,キチン,キチン
ばりばり,0,0,0,副詞,助詞類接続,*,*,*,*,ばりばり,バリバリ,バリバリ
所詮,0,0,0,副詞,助詞類接続,*,*,*,*,所詮,ショセン,ショセン
あっけらかん,0,0,0,副詞,助詞類接続,*,*,*,*,あっけらかん,アッケラカン,アッケラカン
黒ぐろ,0,0,0,副詞,助詞類接続,*,*,*,*,黒ぐろ,クログロ,クログロ
終生,0,0,0,副詞,助詞類接続,*,*,*,*,終生,シュウセイ,シューセイ
元々,0,0,0,副詞,助詞類接続,*,*,*,*,元々,モトモト,モトモト
折々,0,0,0,副詞,助詞類接続,*,*,*,*,折々,オリオリ,オリオリ
わっ,0,0,0,副詞,助詞類接続,*,*,*,*,わっ,ワッ,ワッ
ちょっぴり,0,0,0,副詞,助詞類接続,*,*,*,*,ちょっぴり,チョッピリ,チョッピリ
とかく,0,0,0,副詞,助詞類接続,*,*,*,*,とかく,トカク,トカク
ピタッ,0,0,0,副詞,助詞類接続,*,*,*,*,ピタッ,ピタッ,ピタッ
たって,0,0,0,副詞,助詞類接続,*,*,*,*,たって,タッテ,タッテ
ピッカピカ,0,0,0,副詞,助詞類接続,*,*,*,*,ピッカピカ,ピッカピカ,ピッカピカ
しまいに,0,0,0,副詞,助詞類接続,*,*,*,*,しまいに,シマイニ,シマイニ
チクリ,0,0,0,副詞,助詞類接続,*,*,*,*,チクリ,チクリ,チクリ
多少,0,0,0,副詞,助詞類接続,*,*,*,*,多少,タショウ,タショー
もう少し,0,0,0,副詞,助詞類接続,*,*,*,*,もう少し,モウスコシ,モースコシ
ブラブラ,0,0,0,副詞,助詞類接続,*,*,*,*,ブラブラ,ブラブラ,ブラブラ
ヒュルヒュル,0,0,0,副詞,助詞類接続,*,*,*,*,ヒュルヒュル,ヒュルヒュル,ヒュルヒュル
すこし,0,0,0,副詞,助詞類接続,*,*,*,*,すこし,スコシ,スコシ
また,0,0,0,副詞,助詞類接続,*,*,*,*,また,マタ,マタ
それなり,0,0,0,副詞,助詞類接続,*,*,*,*,それなり,ソレナリ,ソレナリ
全く,0,0,0,副詞,助詞類接続,*,*,*,*,全く,マッタク,マッタク
生き生き,0,0,0,副詞,助詞類接続,*,*,*,*,生き生き,イキイキ,イキイキ
今後,0,0,0,副詞,助詞類接続,*,*,*,*,今後,コンゴ,コンゴ
まるまる,0,0,0,副詞,助詞類接続,*,*,*,*,まるまる,マルマル,マルマル
じゅっ,0,0,0,副詞,助詞類接続,*,*,*,*,じゅっ,ジュッ,ジュッ
うすうす,0,0,0,副詞,助詞類接続,*,*,*,*,うすうす,ウスウス,ウスウス
ハッキリ,0,0,0,副詞,助詞類接続,*,*,*,*,ハッキリ,ハッキリ,ハッキリ
そのうえ,0,0,0,副詞,助詞類接続,*,*,*,*,そのうえ,ソノウエ,ソノウエ
だらだら,0,0,0,副詞,助詞類接続,*,*,*,*,だらだら,ダラダラ,ダラダラ
少し,0,0,0,副詞,助詞類接続,*,*,*,*,少し,スコシ,スコシ
数多く,0,0,0,副詞,助詞類接続,*,*,*,*,数多く,カズオオク,カズオーク
僅か,0,0,0,副詞,助詞類接続,*,*,*,*,僅か,ワズカ,ワズカ
時どき,0,0,0,副詞,助詞類接続,*,*,*,*,時どき,トキドキ,トキドキ
公然,0,0,0,副詞,助詞類接続,*,*,*,*,公然,コウゼン,コーゼン
ずいぶん,0,0,0,副詞,助詞類接続,*,*,*,*,ずいぶん,ズイブン,ズイブン
さしも,0,0,0,副詞,助詞類接続,*,*,*,*,さしも,サシモ,サシモ
平常,0,0,0,副詞,助詞類接続,*,*,*,*,平常,ヘイジョウ,ヘイジョー
ゆるり,0,0,0,副詞,助詞類接続,*,*,*,*,ゆるり,ユルリ,ユルリ
ケロリ,0,0,0,副詞,助詞類接続,*,*,*,*,ケロリ,ケロリ,ケロリ
やがて,0,0,0,副詞,助詞類接続,*,*,*,*,やがて,ヤガテ,ヤガテ
こっそり,0,0,0,副詞,助詞類接続,*,*,*,*,こっそり,コッソリ,コッソリ
あわや,0,0,0,副詞,助詞類接続,*,*,*,*,あわや,アワヤ,アワヤ
ともに,0,0,0,副詞,助詞類接続,*,*,*,*,ともに,トモニ,トモニ
ベチャッ,0,0,0,副詞,助詞類接続,*,*,*,*,ベチャッ,ベチャッ,ベチャッ
ガッカリ,0,0,0,副詞,助詞類接続,*,*,*,*,ガッカリ,ガッカリ,ガッカリ
続々,0,0,0,副詞,助詞類接続,*,*,*,*,続々,ゾクゾク,ゾクゾク
正正堂堂,0,0,0,副詞,助詞類接続,*,*,*,*,正正堂堂,セイセイドウドウ,セイセイドードー
ジリジリ,0,0,0,副詞,助詞類接続,*,*,*,*,ジリジリ,ジリジリ,ジリジリ
つぎつぎ,0,0,0,副詞,助詞類接続,*,*,*,*,つぎつぎ,ツギツギ,ツギツギ
カラカラ,0,0,0,副詞,助詞類接続,*,*,*,*,カラカラ,カラカラ,カラカラ
ありあり,0,0,0,副詞,助詞類接続,*,*,*,*,ありあり,アリアリ,アリアリ
カチンコチン,0,0,0,副詞,助詞類接続,*,*,*,*,カチンコチン,カチンコチン,カチンコチン
着々,0,0,0,副詞,助詞類接続,*,*,*,*,着々,チャクチャク,チャクチャク
ギスギス,0,0,0,副詞,助詞類接続,*,*,*,*,ギスギス,ギスギス,ギスギス
こわごわ,0,0,0,副詞,助詞類接続,*,*,*,*,こわごわ,コワゴワ,コワゴワ
とう,0,0,0,副詞,助詞類接続,*,*,*,*,とう,トウ,トウ
バリバリ,0,0,0,副詞,助詞類接続,*,*,*,*,バリバリ,バリバリ,バリバリ
しらじら,0,0,0,副詞,助詞類接続,*,*,*,*,しらじら,シラジラ,シラジラ
はっきり,0,0,0,副詞,助詞類接続,*,*,*,*,はっきり,ハッキリ,ハッキリ
着着,0,0,0,副詞,助詞類接続,*,*,*,*,着着,チャクチャク,チャクチャク
みつしり,0,0,0,副詞,助詞類接続,*,*,*,*,みつしり,ミツシリ,ミツシリ
ムッ,0,0,0,副詞,助詞類接続,*,*,*,*,ムッ,ムッ,ムッ
コトン,0,0,0,副詞,助詞類接続,*,*,*,*,コトン,コトン,コトン
くるり,0,0,0,副詞,助詞類接続,*,*,*,*,くるり,クルリ,クルリ
案の定,0,0,0,副詞,助詞類接続,*,*,*,*,案の定,アンノジョウ,アンノジョー
もしか,0,0,0,副詞,助詞類接続,*,*,*,*,もしか,モシカ,モシカ
チラホラ,0,0,0,副詞,助詞類接続,*,*,*,*,チラホラ,チラホラ,チラホラ
まあだ,0,0,0,副詞,助詞類接続,*,*,*,*,まあだ,マアダ,マーダ
別途,0,0,0,副詞,助詞類接続,*,*,*,*,別途,ベット,ベット
根っから,0,0,0,副詞,助詞類接続,*,*,*,*,根っから,ネッカラ,ネッカラ
わざわざ,0,0,0,副詞,助詞類接続,*,*,*,*,わざわざ,ワザワザ,ワザワザ
こつぜん,0,0,0,副詞,助詞類接続,*,*,*,*,こつぜん,コツゼン,コツゼン
ズラリ,0,0,0,副詞,助詞類接続,*,*,*,*,ズラリ,ズラリ,ズラリ
これから,0,0,0,副詞,助詞類接続,*,*,*,*,これから,コレカラ,コレカラ
ポッキリ,0,0,0,副詞,助詞類接続,*,*,*,*,ポッキリ,ポッキリ,ポッキリ
きっぱり,0,0,0,副詞,助詞類接続,*,*,*,*,きっぱり,キッパリ,キッパリ
グズグズ,0,0,0,副詞,助詞類接続,*,*,*,*,グズグズ,グズグズ,グズグズ
ひしひし,0,0,0,副詞,助詞類接続,*,*,*,*,ひしひし,ヒシヒシ,ヒシヒシ
もしも,0,0,0,副詞,助詞類接続,*,*,*,*,もしも,モシモ,モシモ
丸々,0,0,0,副詞,助詞類接続,*,*,*,*,丸々,マルマル,マルマル
ぱさぱさ,0,0,0,副詞,助詞類接続,*,*,*,*,ぱさぱさ,パサパサ,パサパサ
それ程,0,0,0,副詞,助詞類接続,*,*,*,*,それ程,ソレホド,ソレホド
ドン,0,0,0,副詞,助詞類接続,*,*,*,*,ドン,ドン,ドン
しょせん,0,0,0,副詞,助詞類接続,*,*,*,*,しょせん,ショセン,ショセン
カタカタ,0,0,0,副詞,助詞類接続,*,*,*,*,カタカタ,カタカタ,カタカタ
うとうと,0,0,0,副詞,助詞類接続,*,*,*,*,うとうと,ウトウト,ウトウト
案外,0,0,0,副詞,助詞類接続,*,*,*,*,案外,アンガイ,アンガイ
パリッ,0,0,0,副詞,助詞類接続,*,*,*,*,パリッ,パリッ,パリッ
バン,0,0,0,副詞,助詞類接続,*,*,*,*,バン,バン,バン
じゅうぶん,0,0,0,副詞,助詞類接続,*,*,*,*,じゅうぶん,ジュウブン,ジューブン
アッケラカン,0,0,0,副詞,助詞類接続,*,*,*,*,アッケラカン,アッケラカン,アッケラカン
まったく,0,0,0,副詞,助詞類接続,*,*,*,*,まったく,マッタク,マッタク
じわっ,0,0,0,副詞,助詞類接続,*,*,*,*,じわっ,ジワッ,ジワッ
ウトウト,0,0,0,副詞,助詞類接続,*,*,*,*,ウトウト,ウトウト,ウトウト
とつとつ,0,0,0,副詞,助詞類接続,*,*,*,*,とつとつ,トツトツ,トツトツ
ゴソゴソ,0,0,0,副詞,助詞類接続,*,*,*,*,ゴソゴソ,ゴソゴソ,ゴソゴソ
チョット,0,0,0,副詞,助詞類接続,*,*,*,*,チョット,チョット,チョット
あっさり,0,0,0,副詞,助詞類接続,*,*,*,*,あっさり,アッサリ,アッサリ
キュキュキュっ,0,0,0,副詞,助詞類接続,*,*,*,*,キュキュキュっ,キュキュキュッ,キュキュキュッ
こんもり,0,0,0,副詞,助詞類接続,*,*,*,*,こんもり,コンモリ,コンモリ
ギョロッ,0,0,0,副詞,助詞類接続,*,*,*,*,ギョロッ,ギョロッ,ギョロッ
バラバラ,0,0,0,副詞,助詞類接続,*,*,*,*,バラバラ,バラバラ,バラバラ
どど,0,0,0,副詞,助詞類接続,*,*,*,*,どど,ドド,ドド
がっかり,0,0,0,副詞,助詞類接続,*,*,*,*,がっかり,ガッカリ,ガッカリ
とりあえず,0,0,0,副詞,助詞類接続,*,*,*,*,とりあえず,トリアエズ,トリアエズ
フワッ,0,0,0,副詞,助詞類接続,*,*,*,*,フワッ,フワッ,フワッ
いずれ,0,0,0,副詞,助詞類接続,*,*,*,*,いずれ,イズレ,イズレ
ぐじゅぐじゅ,0,0,0,副詞,助詞類接続,*,*,*,*,ぐじゅぐじゅ,グジュグジュ,グジュグジュ
さらり,0,0,0,副詞,助詞類接続,*,*,*,*,さらり,サラリ,サラリ
ヒシヒシ,0,0,0,副詞,助詞類接続,*,*,*,*,ヒシヒシ,ヒシヒシ,ヒシヒシ
なぜ,0,0,0,副詞,助詞類接続,*,*,*,*,なぜ,ナゼ,ナゼ
パタパタ,0,0,0,副詞,助詞類接続,*,*,*,*,パタパタ,パタパタ,パタパタ
とても,0,0,0,副詞,助詞類接続,*,*,*,*,とても,トテモ,トテモ
思い通り,0,0,0,副詞,助詞類接続,*,*,*,*,思い通り,オモイドオリ,オモイドーリ
スラリ,0,0,0,副詞,助詞類接続,*,*,*,*,スラリ,スラリ,スラリ
なんとなく,0,0,0,副詞,助詞類接続,*,*,*,*,なんとなく,ナントナク,ナントナク
もんもん,0,0,0,副詞,助詞類接続,*,*,*,*,もんもん,モンモン,モンモン
ぐっすり,0,0,0,副詞,助詞類接続,*,*,*,*,ぐっすり,グッスリ,グッスリ
ぬるり,0,0,0,副詞,助詞類接続,*,*,*,*,ぬるり,ヌルリ,ヌルリ
入れ代わり立ち代わり,0,0,0,副詞,助詞類接続,*,*,*,*,入れ代わり立ち代わり,イレカワリタチカワリ,イレカワリタチカワリ
ニンマリ,0,0,0,副詞,助詞類接続,*,*,*,*,ニンマリ,ニンマリ,ニンマリ
ギンギン,0,0,0,副詞,助詞類接続,*,*,*,*,ギンギン,ギンギン,ギンギン
さっぱり,0,0,0,副詞,助詞類接続,*,*,*,*,さっぱり,サッパリ,サッパリ
スグ,0,0,0,副詞,助詞類接続,*,*,*,*,スグ,スグ,スグ
うだうだ,0,0,0,副詞,助詞類接続,*,*,*,*,うだうだ,ウダウダ,ウダウダ
てんやわんや,0,0,0,副詞,助詞類接続,*,*,*,*,てんやわんや,テンヤワンヤ,テンヤワンヤ
一応,0,0,0,副詞,助詞類接続,*,*,*,*,一応,イチオウ,イチオー
すらり,0,0,0,副詞,助詞類接続,*,*,*,*,すらり,スラリ,スラリ
ほれぼれ,0,0,0,副詞,助詞類接続,*,*,*,*,ほれぼれ,ホレボレ,ホレボレ
ギラギラ,0,0,0,副詞,助詞類接続,*,*,*,*,ギラギラ,ギラギラ,ギラギラ
どぉ,0,0,0,副詞,助詞類接続,*,*,*,*,どぉ,ドォ,ドー
ひゅっ,0,0,0,副詞,助詞類接続,*,*,*,*,ひゅっ,ヒュッ,ヒュッ
ごたごた,0,0,0,副詞,助詞類接続,*,*,*,*,ごたごた,ゴタゴタ,ゴタゴタ
ぎりぎり,0,0,0,副詞,助詞類接続,*,*,*,*,ぎりぎり,ギリギリ,ギリギリ
営営,0,0,0,副詞,助詞類接続,*,*,*,*,営営,エイエイ,エイエイ
りん,0,0,0,副詞,助詞類接続,*,*,*,*,りん,リン,リン
たらり,0,0,0,副詞,助詞類接続,*,*,*,*,たらり,タラリ,タラリ
パッ,0,0,0,副詞,助詞類接続,*,*,*,*,パッ,パッ,パッ
わっさり,0,0,0,副詞,助詞類接続,*,*,*,*,わっさり,ワッサリ,ワッサリ
はりはり,0,0,0,副詞,助詞類接続,*,*,*,*,はりはり,ハリハリ,ハリハリ
余りに,0,0,0,副詞,助詞類接続,*,*,*,*,余りに,アマリニ,アマリニ
わずか,0,0,0,副詞,助詞類接続,*,*,*,*,わずか,ワズカ,ワズカ
一挙,0,0,0,副詞,助詞類接続,*,*,*,*,一挙,イッキョ,イッキョ
モウモウ,0,0,0,副詞,助詞類接続,*,*,*,*,モウモウ,モウモウ,モーモー
ハラハラ,0,0,0,副詞,助詞類接続,*,*,*,*,ハラハラ,ハラハラ,ハラハラ
もともと,0,0,0,副詞,助詞類接続,*,*,*,*,もともと,モトモト,モトモト
イロイロ,0,0,0,副詞,助詞類接続,*,*,*,*,イロイロ,イロイロ,イロイロ
それだけ,0,0,0,副詞,助詞類接続,*,*,*,*,それだけ,ソレダケ,ソレダケ
段々,0,0,0,副詞,助詞類接続,*,*,*,*,段々,ダンダン,ダンダン
ベッタリ,0,0,0,副詞,助詞類接続,*,*,*,*,ベッタリ,ベッタリ,ベッタリ
うんざり,0,0,0,副詞,助詞類接続,*,*,*,*,うんざり,ウンザリ,ウンザリ
小ざっぱり,0,0,0,副詞,助詞類接続,*,*,*,*,小ざっぱり,コザッパリ,コザッパリ
ふわり,0,0,0,副詞,助詞類接続,*,*,*,*,ふわり,フワリ,フワリ
白白,0,0,0,副詞,助詞類接続,*,*,*,*,白白,シラジラ,シラジラ
よちよち,0,0,0,副詞,助詞類接続,*,*,*,*,よちよち,ヨチヨチ,ヨチヨチ
漫然と,0,0,0,副詞,助詞類接続,*,*,*,*,漫然と,マンゼント,マンゼント
ドスン,0,0,0,副詞,助詞類接続,*,*,*,*,ドスン,ドスン,ドスン
フワリ,0,0,0,副詞,助詞類接続,*,*,*,*,フワリ,フワリ,フワリ
ギクリ,0,0,0,副詞,助詞類接続,*,*,*,*,ギクリ,ギクリ,ギクリ
きらり,0,0,0,副詞,助詞類接続,*,*,*,*,きらり,キラリ,キラリ
キョトン,0,0,0,副詞,助詞類接続,*,*,*,*,キョトン,キョトン,キョトン
急ぎ,0,0,0,副詞,助詞類接続,*,*,*,*,急ぎ,イソギ,イソギ
ニッコリ,0,0,0,副詞,助詞類接続,*,*,*,*,ニッコリ,ニッコリ,ニッコリ
ふわふわ,0,0,0,副詞,助詞類接続,*,*,*,*,ふわふわ,フワフワ,フワフワ
スンナリ,0,0,0,副詞,助詞類接続,*,*,*,*,スンナリ,スンナリ,スンナリ
恐る恐る,0,0,0,副詞,助詞類接続,*,*,*,*,恐る恐る,オソルオソル,オソルオソル
極力,0,0,0,副詞,助詞類接続,*,*,*,*,極力,キョクリョク,キョクリョク
すっきり,0,0,0,副詞,助詞類接続,*,*,*,*,すっきり,スッキリ,スッキリ
ずしり,0,0,0,副詞,助詞類接続,*,*,*,*,ずしり,ズシリ,ズシリ
いっそ,0,0,0,副詞,助詞類接続,*,*,*,*,いっそ,イッソ,イッソ
別段,0,0,0,副詞,助詞類接続,*,*,*,*,別段,ベツダン,ベツダン
ふっくら,0,0,0,副詞,助詞類接続,*,*,*,*,ふっくら,フックラ,フックラ
日ごろ,0,0,0,副詞,助詞類接続,*,*,*,*,日ごろ,ヒゴロ,ヒゴロ
なかなか,0,0,0,副詞,助詞類接続,*,*,*,*,なかなか,ナカナカ,ナカナカ
思い思い,0,0,0,副詞,助詞類接続,*,*,*,*,思い思い,オモイオモイ,オモイオモイ
ブンブン,0,0,0,副詞,助詞類接続,*,*,*,*,ブンブン,ブンブン,ブンブン
トロリ,0,0,0,副詞,助詞類接続,*,*,*,*,トロリ,トロリ,トロリ
ジン,0,0,0,副詞,助詞類接続,*,*,*,*,ジン,ジン,ジン
そろそろ,0,0,0,副詞,助詞類接続,*,*,*,*,そろそろ,ソロソロ,ソロソロ
でん,0,0,0,副詞,助詞類接続,*,*,*,*,でん,デン,デン
色々,0,0,0,副詞,助詞類接続,*,*,*,*,色々,イロイロ,イロイロ
いちおう,0,0,0,副詞,助詞類接続,*,*,*,*,いちおう,イチオウ,イチオー
コツコツ,0,0,0,副詞,助詞類接続,*,*,*,*,コツコツ,コツコツ,コツコツ
ぐるり,0,0,0,副詞,助詞類接続,*,*,*,*,ぐるり,グルリ,グルリ
のんびり,0,0,0,副詞,助詞類接続,*,*,*,*,のんびり,ノンビリ,ノンビリ
ぐでんぐでん,0,0,0,副詞,助詞類接続,*,*,*,*,ぐでんぐでん,グデングデン,グデングデン
なおさら,0,0,0,副詞,助詞類接続,*,*,*,*,なおさら,ナオサラ,ナオサラ
パパパパパーン,0,0,0,副詞,助詞類接続,*,*,*,*,パパパパパーン,パパパパパーン,パパパパパーン
溌溂,0,0,0,副詞,助詞類接続,*,*,*,*,溌溂,ハツラツ,ハツラツ
そもそも,0,0,0,副詞,助詞類接続,*,*,*,*,そもそも,ソモソモ,ソモソモ
フワフワ,0,0,0,副詞,助詞類接続,*,*,*,*,フワフワ,フワフワ,フワフワ
これ程,0,0,0,副詞,助詞類接続,*,*,*,*,これ程,コレホド,コレホド
ありのまま,0,0,0,副詞,助詞類接続,*,*,*,*,ありのまま,アリノママ,アリノママ
まだまだ,0,0,0,副詞,助詞類接続,*,*,*,*,まだまだ,マダマダ,マダマダ
ビュンビュン,0,0,0,副詞,助詞類接続,*,*,*,*,ビュンビュン,ビュンビュン,ビュンビュン
ちゃくちゃく,0,0,0,副詞,助詞類接続,*,*,*,*,ちゃくちゃく,チャクチャク,チャクチャク
ギシギシ,0,0,0,副詞,助詞類接続,*,*,*,*,ギシギシ,ギシギシ,ギシギシ
チラリ,0,0,0,副詞,助詞類接続,*,*,*,*,チラリ,チラリ,チラリ
わんさ,0,0,0,副詞,助詞類接続,*,*,*,*,わんさ,ワンサ,ワンサ
命からがら,0,0,0,副詞,助詞類接続,*,*,*,*,命からがら,イノチカラガラ,イノチカラガラ
ずっしり,0,0,0,副詞,助詞類接続,*,*,*,*,ずっしり,ズッシリ,ズッシリ
ぬけぬけ,0,0,0,副詞,助詞類接続,*,*,*,*,ぬけぬけ,ヌケヌケ,ヌケヌケ
ぽん,0,0,0,副詞,助詞類接続,*,*,*,*,ぽん,ポン,ポン
伸び伸び,0,0,0,副詞,助詞類接続,*,*,*,*,伸び伸び,ノビノビ,ノビノビ
えいえい,0,0,0,副詞,助詞類接続,*,*,*,*,えいえい,エイエイ,エイエイ
やんわり,0,0,0,副詞,助詞類接続,*,*,*,*,やんわり,ヤンワリ,ヤンワリ
何より,0,0,0,副詞,助詞類接続,*,*,*,*,何より,ナニヨリ,ナニヨリ
ピタリ,0,0,0,副詞,助詞類接続,*,*,*,*,ピタリ,ピタリ,ピタリ
こう,0,0,0,副詞,助詞類接続,*,*,*,*,こう,コウ,コー
ガラリ,0,0,0,副詞,助詞類接続,*,*,*,*,ガラリ,ガラリ,ガラリ
喜々,0,0,0,副詞,助詞類接続,*,*,*,*,喜々,キキ,キキ
当然,0,0,0,副詞,助詞類接続,*,*,*,*,当然,トウゼン,トーゼン
再び,0,0,0,副詞,助詞類接続,*,*,*,*,再び,フタタビ,フタタビ
せいぜい,0,0,0,副詞,助詞類接続,*,*,*,*,せいぜい,セイゼイ,セイゼイ
ほろり,0,0,0,副詞,助詞類接続,*,*,*,*,ほろり,ホロリ,ホロリ
ゴホゴホ,0,0,0,副詞,助詞類接続,*,*,*,*,ゴホゴホ,ゴホゴホ,ゴホゴホ
なるべく,0,0,0,副詞,助詞類接続,*,*,*,*,なるべく,ナルベク,ナルベク
いきいき,0,0,0,副詞,助詞類接続,*,*,*,*,いきいき,イキイキ,イキイキ
ぴしゃり,0,0,0,副詞,助詞類接続,*,*,*,*,ぴしゃり,ピシャリ,ピシャリ
ボーッ,0,0,0,副詞,助詞類接続,*,*,*,*,ボーッ,ボーッ,ボーッ
細々,0,0,0,副詞,助詞類接続,*,*,*,*,細々,コマゴマ,コマゴマ
あんなに,0,0,0,副詞,助詞類接続,*,*,*,*,あんなに,アンナニ,アンナニ
わくわく,0,0,0,副詞,助詞類接続,*,*,*,*,わくわく,ワクワク,ワクワク
びっちり,0,0,0,副詞,助詞類接続,*,*,*,*,びっちり,ビッチリ,ビッチリ
泣き泣き,0,0,0,副詞,助詞類接続,*,*,*,*,泣き泣き,ナキナキ,ナキナキ
なまじ,0,0,0,副詞,助詞類接続,*,*,*,*,なまじ,ナマジ,ナマジ
からり,0,0,0,副詞,助詞類接続,*,*,*,*,からり,カラリ,カラリ
キッパリ,0,0,0,副詞,助詞類接続,*,*,*,*,キッパリ,キッパリ,キッパリ
しっとり,0,0,0,副詞,助詞類接続,*,*,*,*,しっとり,シットリ,シットリ
どしり,0,0,0,副詞,助詞類接続,*,*,*,*,どしり,ドシリ,ドシリ
ソワソワ,0,0,0,副詞,助詞類接続,*,*,*,*,ソワソワ,ソワソワ,ソワソワ
すーっ,0,0,0,副詞,助詞類接続,*,*,*,*,すーっ,スーッ,スーッ
何故,0,0,0,副詞,助詞類接続,*,*,*,*,何故,ナゼ,ナゼ
バタッ,0,0,0,副詞,助詞類接続,*,*,*,*,バタッ,バタッ,バタッ
それほど,0,0,0,副詞,助詞類接続,*,*,*,*,それほど,ソレホド,ソレホド
もはや,0,0,0,副詞,助詞類接続,*,*,*,*,もはや,モハヤ,モハヤ
こまごま,0,0,0,副詞,助詞類接続,*,*,*,*,こまごま,コマゴマ,コマゴマ
急きょ,0,0,0,副詞,助詞類接続,*,*,*,*,急きょ,キュウキョ,キューキョ
ペコペコ,0,0,0,副詞,助詞類接続,*,*,*,*,ペコペコ,ペコペコ,ペコペコ
あいにく,0,0,0,副詞,助詞類接続,*,*,*,*,あいにく,アイニク,アイニク
まずまず,0,0,0,副詞,助詞類接続,*,*,*,*,まずまず,マズマズ,マズマズ
スキッ,0,0,0,副詞,助詞類接続,*,*,*,*,スキッ,スキッ,スキッ
あまりに,0,0,0,副詞,助詞類接続,*,*,*,*,あまりに,アマリニ,アマリニ
ホイホイ,0,0,0,副詞,助詞類接続,*,*,*,*,ホイホイ,ホイホイ,ホイホイ
ガバガバ,0,0,0,副詞,助詞類接続,*,*,*,*,ガバガバ,ガバガバ,ガバガバ
そう,0,0,0,副詞,助詞類接続,*,*,*,*,そう,ソウ,ソー
およそ,0,0,0,副詞,助詞類接続,*,*,*,*,およそ,オヨソ,オヨソ
ガラッ,0,0,0,副詞,助詞類接続,*,*,*,*,ガラッ,ガラッ,ガラッ
そこそこ,0,0,0,副詞,助詞類接続,*,*,*,*,そこそこ,ソコソコ,ソコソコ
カッ,0,0,0,副詞,助詞類接続,*,*,*,*,カッ,カッ,カッ
コンコン,0,0,0,副詞,助詞類接続,*,*,*,*,コンコン,コンコン,コンコン
プカプカ,0,0,0,副詞,助詞類接続,*,*,*,*,プカプカ,プカプカ,プカプカ
なにか,0,0,0,副詞,助詞類接続,*,*,*,*,なにか,ナニカ,ナニカ
モワッ,0,0,0,副詞,助詞類接続,*,*,*,*,モワッ,モワッ,モワッ
ぼそぼそ,0,0,0,副詞,助詞類接続,*,*,*,*,ぼそぼそ,ボソボソ,ボソボソ
チリンチリン,0,0,0,副詞,助詞類接続,*,*,*,*,チリンチリン,チリンチリン,チリンチリン
段段,0,0,0,副詞,助詞類接続,*,*,*,*,段段,ダンダン,ダンダン
グイグイ,0,0,0,副詞,助詞類接続,*,*,*,*,グイグイ,グイグイ,グイグイ
ぐったり,0,0,0,副詞,助詞類接続,*,*,*,*,ぐったり,グッタリ,グッタリ
パクン,0,0,0,副詞,助詞類接続,*,*,*,*,パクン,パクン,パクン
ポロリ,0,0,0,副詞,助詞類接続,*,*,*,*,ポロリ,ポロリ,ポロリ
ヘラヘラ,0,0,0,副詞,助詞類接続,*,*,*,*,ヘラヘラ,ヘラヘラ,ヘラヘラ
ヨチヨチ,0,0,0,副詞,助詞類接続,*,*,*,*,ヨチヨチ,ヨチヨチ,ヨチヨチ
いろいろ,0,0,0,副詞,助詞類接続,*,*,*,*,いろいろ,イロイロ,イロイロ
正々堂々,0,0,0,副詞,助詞類接続,*,*,*,*,正々堂々,セイセイドウドウ,セイセイドードー
どうどう,0,0,0,副詞,助詞類接続,*,*,*,*,どうどう,ドウドウ,ドードー
ますます,0,0,0,副詞,助詞類接続,*,*,*,*,ますます,マスマス,マスマス
ジージー,0,0,0,副詞,助詞類接続,*,*,*,*,ジージー,ジージー,ジージー
堂々,0,0,0,副詞,助詞類接続,*,*,*,*,堂々,ドウドウ,ドードー
どう,0,0,0,副詞,助詞類接続,*,*,*,*,どう,ドウ,ドー
幸い,0,0,0,副詞,助詞類接続,*,*,*,*,幸い,サイワイ,サイワイ
大方,0,0,0,副詞,助詞類接続,*,*,*,*,大方,オオカタ,オーカタ
ヒリヒリ,0,0,0,副詞,助詞類接続,*,*,*,*,ヒリヒリ,ヒリヒリ,ヒリヒリ
三度々々,0,0,0,副詞,助詞類接続,*,*,*,*,三度々々,サンドサンド,サンドサンド
まだ,0,0,0,副詞,助詞類接続,*,*,*,*,まだ,マダ,マダ
ひんやり,0,0,0,副詞,助詞類接続,*,*,*,*,ひんやり,ヒンヤリ,ヒンヤリ
キラリ,0,0,0,副詞,助詞類接続,*,*,*,*,キラリ,キラリ,キラリ
こつ然,0,0,0,副詞,助詞類接続,*,*,*,*,こつ然,コツゼン,コツゼン
ぴくり,0,0,0,副詞,助詞類接続,*,*,*,*,ぴくり,ピクリ,ピクリ
とびきり,0,0,0,副詞,助詞類接続,*,*,*,*,とびきり,トビキリ,トビキリ
ゴロゴロ,0,0,0,副詞,助詞類接続,*,*,*,*,ゴロゴロ,ゴロゴロ,ゴロゴロ
さ,0,0,0,副詞,助詞類接続,*,*,*,*,さ,サ,サ
たった,0,0,0,副詞,助詞類接続,*,*,*,*,たった,タッタ,タッタ
すんなり,0,0,0,副詞,助詞類接続,*,*,*,*,すんなり,スンナリ,スンナリ
ドンドン,0,0,0,副詞,助詞類接続,*,*,*,*,ドンドン,ドンドン,ドンドン
バッチリ,0,0,0,副詞,助詞類接続,*,*,*,*,バッチリ,バッチリ,バッチリ
ガツガツ,0,0,0,副詞,助詞類接続,*,*,*,*,ガツガツ,ガツガツ,ガツガツ
心から,0,0,0,副詞,助詞類接続,*,*,*,*,心から,ココロカラ,ココロカラ
ぎっしり,0,0,0,副詞,助詞類接続,*,*,*,*,ぎっしり,ギッシリ,ギッシリ
やむを得ず,0,0,0,副詞,助詞類接続,*,*,*,*,やむを得ず,ヤムヲエズ,ヤムヲエズ
突如,0,0,0,副詞,助詞類接続,*,*,*,*,突如,トツジョ,トツジョ
細細,0,0,0,副詞,助詞類接続,*,*,*,*,細細,コマゴマ,コマゴマ
早々,0,0,0,副詞,助詞類接続,*,*,*,*,早々,ソウソウ,ソーソー
早々,0,0,0,副詞,助詞類接続,*,*,*,*,早々,ハヤバヤ,ハヤバヤ
どんどん,0,0,0,副詞,助詞類接続,*,*,*,*,どんどん,ドンドン,ドンドン
ぐずぐず,0,0,0,副詞,助詞類接続,*,*,*,*,ぐずぐず,グズグズ,グズグズ
ツン,0,0,0,副詞,助詞類接続,*,*,*,*,ツン,ツン,ツン
パタリ,0,0,0,副詞,助詞類接続,*,*,*,*,パタリ,パタリ,パタリ
あまり,0,0,0,副詞,助詞類接続,*,*,*,*,あまり,アマリ,アマリ
うっとり,0,0,0,副詞,助詞類接続,*,*,*,*,うっとり,ウットリ,ウットリ
ぐいぐい,0,0,0,副詞,助詞類接続,*,*,*,*,ぐいぐい,グイグイ,グイグイ
唯一,0,0,0,副詞,助詞類接続,*,*,*,*,唯一,ユイイツ,ユイイツ
一時,0,0,0,副詞,助詞類接続,*,*,*,*,一時,イチジ,イチジ
そわそわ,0,0,0,副詞,助詞類接続,*,*,*,*,そわそわ,ソワソワ,ソワソワ
ホカホカ,0,0,0,副詞,助詞類接続,*,*,*,*,ホカホカ,ホカホカ,ホカホカ
ポッカリ,0,0,0,副詞,助詞類接続,*,*,*,*,ポッカリ,ポッカリ,ポッカリ
バシッ,0,0,0,副詞,助詞類接続,*,*,*,*,バシッ,バシッ,バシッ
ぱたり,0,0,0,副詞,助詞類接続,*,*,*,*,ぱたり,パタリ,パタリ
間もなく,0,0,0,副詞,助詞類接続,*,*,*,*,間もなく,マモナク,マモナク
ピッ,0,0,0,副詞,助詞類接続,*,*,*,*,ピッ,ピッ,ピッ
ポツン,0,0,0,副詞,助詞類接続,*,*,*,*,ポツン,ポツン,ポツン
どっかり,0,0,0,副詞,助詞類接続,*,*,*,*,どっかり,ドッカリ,ドッカリ
あかあか,0,0,0,副詞,助詞類接続,*,*,*,*,あかあか,アカアカ,アカアカ
漠然と,0,0,0,副詞,助詞類接続,*,*,*,*,漠然と,バクゼント,バクゼント
始終,0,0,0,副詞,助詞類接続,*,*,*,*,始終,シジュウ,シジュー
すうっ,0,0,0,副詞,助詞類接続,*,*,*,*,すうっ,スウッ,スーッ
こんこん,0,0,0,副詞,助詞類接続,*,*,*,*,こんこん,コンコン,コンコン
フッ,0,0,0,副詞,助詞類接続,*,*,*,*,フッ,フッ,フッ
あんまり,0,0,0,副詞,助詞類接続,*,*,*,*,あんまり,アンマリ,アンマリ
ボソッ,0,0,0,副詞,助詞類接続,*,*,*,*,ボソッ,ボソッ,ボソッ
ああ,0,0,0,副詞,助詞類接続,*,*,*,*,ああ,アア,アー
チラッ,0,0,0,副詞,助詞類接続,*,*,*,*,チラッ,チラッ,チラッ
ふらり,0,0,0,副詞,助詞類接続,*,*,*,*,ふらり,フラリ,フラリ
スーッ,0,0,0,副詞,助詞類接続,*,*,*,*,スーッ,スーッ,スーッ
けちょんけちょん,0,0,0,副詞,助詞類接続,*,*,*,*,けちょんけちょん,ケチョンケチョン,ケチョンケチョン
まっすぐ,0,0,0,副詞,助詞類接続,*,*,*,*,まっすぐ,マッスグ,マッスグ
どっしり,0,0,0,副詞,助詞類接続,*,*,*,*,どっしり,ドッシリ,ドッシリ
パパパパパパーン,0,0,0,副詞,助詞類接続,*,*,*,*,パパパパパパーン,パパパパパパーン,パパパパパパーン
ぐさり,0,0,0,副詞,助詞類接続,*,*,*,*,ぐさり,グサリ,グサリ
年中,0,0,0,副詞,助詞類接続,*,*,*,*,年中,ネンジュウ,ネンジュー
堂堂,0,0,0,副詞,助詞類接続,*,*,*,*,堂堂,ドウドウ,ドードー
ダラダラ,0,0,0,副詞,助詞類接続,*,*,*,*,ダラダラ,ダラダラ,ダラダラ
必ず,0,0,0,副詞,助詞類接続,*,*,*,*,必ず,カナラズ,カナラズ
当て,0,0,0,副詞,助詞類接続,*,*,*,*,当て,アテ,アテ
よたよた,0,0,0,副詞,助詞類接続,*,*,*,*,よたよた,ヨタヨタ,ヨタヨタ
しょっちゅう,0,0,0,副詞,助詞類接続,*,*,*,*,しょっちゅう,ショッチュウ,ショッチュー
しわしわ,0,0,0,副詞,助詞類接続,*,*,*,*,しわしわ,シワシワ,シワシワ
ぎくしゃく,0,0,0,副詞,助詞類接続,*,*,*,*,ぎくしゃく,ギクシャク,ギクシャク
フーフー,0,0,0,副詞,助詞類接続,*,*,*,*,フーフー,フーフー,フーフー
再三,0,0,0,副詞,助詞類接続,*,*,*,*,再三,サイサン,サイサン
シャキシャキ,0,0,0,副詞,助詞類接続,*,*,*,*,シャキシャキ,シャキシャキ,シャキシャキ
生まれながら,0,0,0,副詞,助詞類接続,*,*,*,*,生まれながら,ウマレナガラ,ウマレナガラ
こぞって,0,0,0,副詞,助詞類接続,*,*,*,*,こぞって,コゾッテ,コゾッテ
青々,0,0,0,副詞,助詞類接続,*,*,*,*,青々,アオアオ,アオアオ
だらり,0,0,0,副詞,助詞類接続,*,*,*,*,だらり,ダラリ,ダラリ
キラキラ,0,0,0,副詞,助詞類接続,*,*,*,*,キラキラ,キラキラ,キラキラ
がっくり,0,0,0,副詞,助詞類接続,*,*,*,*,がっくり,ガックリ,ガックリ
パサパサ,0,0,0,副詞,助詞類接続,*,*,*,*,パサパサ,パサパサ,パサパサ
やたら,0,0,0,副詞,助詞類接続,*,*,*,*,やたら,ヤタラ,ヤタラ
まのあたり,0,0,0,副詞,助詞類接続,*,*,*,*,まのあたり,マノアタリ,マノアタリ
グッ,0,0,0,副詞,助詞類接続,*,*,*,*,グッ,グッ,グッ
ニコニコ,0,0,0,副詞,助詞類接続,*,*,*,*,ニコニコ,ニコニコ,ニコニコ
古く,0,0,0,副詞,助詞類接続,*,*,*,*,古く,フルク,フルク
広々,0,0,0,副詞,助詞類接続,*,*,*,*,広々,ヒロビロ,ヒロビロ
ピシャリ,0,0,0,副詞,助詞類接続,*,*,*,*,ピシャリ,ピシャリ,ピシャリ
まもなく,0,0,0,副詞,助詞類接続,*,*,*,*,まもなく,マモナク,マモナク
たいへん,0,0,0,副詞,助詞類接続,*,*,*,*,たいへん,タイヘン,タイヘン
カアーッ,0,0,0,副詞,助詞類接続,*,*,*,*,カアーッ,カアーッ,カーッ
ガリガリ,0,0,0,副詞,助詞類接続,*,*,*,*,ガリガリ,ガリガリ,ガリガリ
いまだ,0,0,0,副詞,助詞類接続,*,*,*,*,いまだ,イマダ,イマダ
さっそく,0,0,0,副詞,助詞類接続,*,*,*,*,さっそく,サッソク,サッソク
ほんのり,0,0,0,副詞,助詞類接続,*,*,*,*,ほんのり,ホンノリ,ホンノリ
しばらく,0,0,0,副詞,助詞類接続,*,*,*,*,しばらく,シバラク,シバラク
随分,0,0,0,副詞,助詞類接続,*,*,*,*,随分,ズイブン,ズイブン
だんだん,0,0,0,副詞,助詞類接続,*,*,*,*,だんだん,ダンダン,ダンダン
うつらうつら,0,0,0,副詞,助詞類接続,*,*,*,*,うつらうつら,ウツラウツラ,ウツラウツラ
カンカン,0,0,0,副詞,助詞類接続,*,*,*,*,カンカン,カンカン,カンカン
くっきり,0,0,0,副詞,助詞類接続,*,*,*,*,くっきり,クッキリ,クッキリ
のびのび,0,0,0,副詞,助詞類接続,*,*,*,*,のびのび,ノビノビ,ノビノビ
ポトポト,0,0,0,副詞,助詞類接続,*,*,*,*,ポトポト,ポトポト,ポトポト
ぺろり,0,0,0,副詞,助詞類接続,*,*,*,*,ぺろり,ペロリ,ペロリ
いっそう,0,0,0,副詞,助詞類接続,*,*,*,*,いっそう,イッソウ,イッソー
ニヤニヤ,0,0,0,副詞,助詞類接続,*,*,*,*,ニヤニヤ,ニヤニヤ,ニヤニヤ
ぎすぎす,0,0,0,副詞,助詞類接続,*,*,*,*,ぎすぎす,ギスギス,ギスギス
ちょびっと,0,0,0,副詞,助詞類接続,*,*,*,*,ちょびっと,チョビット,チョビット
コリコリ,0,0,0,副詞,助詞類接続,*,*,*,*,コリコリ,コリコリ,コリコリ
じわじわ,0,0,0,副詞,助詞類接続,*,*,*,*,じわじわ,ジワジワ,ジワジワ
再度,0,0,0,副詞,助詞類接続,*,*,*,*,再度,サイド,サイド
カラッ,0,0,0,副詞,助詞類接続,*,*,*,*,カラッ,カラッ,カラッ
キチッ,0,0,0,副詞,助詞類接続,*,*,*,*,キチッ,キチッ,キチッ
しっかり,0,0,0,副詞,助詞類接続,*,*,*,*,しっかり,シッカリ,シッカリ
ガーガーギーギー,0,0,0,副詞,助詞類接続,*,*,*,*,ガーガーギーギー,ガーガーギーギー,ガーガーギーギー
早く,0,0,0,副詞,助詞類接続,*,*,*,*,早く,ハヤク,ハヤク
ガタン,0,0,0,副詞,助詞類接続,*,*,*,*,ガタン,ガタン,ガタン
昔ながら,0,0,0,副詞,助詞類接続,*,*,*,*,昔ながら,ムカシナガラ,ムカシナガラ
目の当たり,0,0,0,副詞,助詞類接続,*,*,*,*,目の当たり,マノアタリ,マノアタリ
たっぷり,0,0,0,副詞,助詞類接続,*,*,*,*,たっぷり,タップリ,タップリ
たびたび,0,0,0,副詞,助詞類接続,*,*,*,*,たびたび,タビタビ,タビタビ
プンプン,0,0,0,副詞,助詞類接続,*,*,*,*,プンプン,プンプン,プンプン
ゴタゴタ,0,0,0,副詞,助詞類接続,*,*,*,*,ゴタゴタ,ゴタゴタ,ゴタゴタ
ボソボソ,0,0,0,副詞,助詞類接続,*,*,*,*,ボソボソ,ボソボソ,ボソボソ
更に,0,0,0,副詞,助詞類接続,*,*,*,*,更に,サラニ,サラニ
こんなに,0,0,0,副詞,助詞類接続,*,*,*,*,こんなに,コンナニ,コンナニ
おっかなびっくり,0,0,0,副詞,助詞類接続,*,*,*,*,おっかなびっくり,オッカナビックリ,オッカナビックリ
すぐ,0,0,0,副詞,助詞類接続,*,*,*,*,すぐ,スグ,スグ
そ〜,0,0,0,副詞,助詞類接続,*,*,*,*,そ〜,ソー,ソー
早速,0,0,0,副詞,助詞類接続,*,*,*,*,早速,サッソク,サッソク
一斉,0,0,0,副詞,助詞類接続,*,*,*,*,一斉,イッセイ,イッセイ
バーン,0,0,0,副詞,助詞類接続,*,*,*,*,バーン,バーン,バーン
ポトリ,0,0,0,副詞,助詞類接続,*,*,*,*,ポトリ,ポトリ,ポトリ
多く,0,0,0,副詞,助詞類接続,*,*,*,*,多く,オオク,オーク
ぼう然,0,0,0,副詞,助詞類接続,*,*,*,*,ぼう然,ボウゼン,ボーゼン
ぽたり,0,0,0,副詞,助詞類接続,*,*,*,*,ぽたり,ポタリ,ポタリ
がらり,0,0,0,副詞,助詞類接続,*,*,*,*,がらり,ガラリ,ガラリ
ビンビン,0,0,0,副詞,助詞類接続,*,*,*,*,ビンビン,ビンビン,ビンビン
ゆったり,0,0,0,副詞,助詞類接続,*,*,*,*,ゆったり,ユッタリ,ユッタリ
そっくり,0,0,0,副詞,助詞類接続,*,*,*,*,そっくり,ソックリ,ソックリ
ポロポロ,0,0,0,副詞,助詞類接続,*,*,*,*,ポロポロ,ポロポロ,ポロポロ
ひっそり,0,0,0,副詞,助詞類接続,*,*,*,*,ひっそり,ヒッソリ,ヒッソリ
順次,0,0,0,副詞,助詞類接続,*,*,*,*,順次,ジュンジ,ジュンジ
切々,0,0,0,副詞,助詞類接続,*,*,*,*,切々,セツセツ,セツセツ
チラチラ,0,0,0,副詞,助詞類接続,*,*,*,*,チラチラ,チラチラ,チラチラ
ちょい,0,0,0,副詞,助詞類接続,*,*,*,*,ちょい,チョイ,チョイ
ザーッ,0,0,0,副詞,助詞類接続,*,*,*,*,ザーッ,ザーッ,ザーッ
ゆっくり,0,0,0,副詞,助詞類接続,*,*,*,*,ゆっくり,ユックリ,ユックリ
営々,0,0,0,副詞,助詞類接続,*,*,*,*,営々,エイエイ,エイエイ
わびしら,0,0,0,副詞,助詞類接続,*,*,*,*,わびしら,ワビシラ,ワビシラ
とろり,0,0,0,副詞,助詞類接続,*,*,*,*,とろり,トロリ,トロリ
相当,0,0,0,副詞,助詞類接続,*,*,*,*,相当,ソウトウ,ソートー
悠々,0,0,0,副詞,助詞類接続,*,*,*,*,悠々,ユウユウ,ユーユー
ところどころ,0,0,0,副詞,助詞類接続,*,*,*,*,ところどころ,トコロドコロ,トコロドコロ
ピチッ,0,0,0,副詞,助詞類接続,*,*,*,*,ピチッ,ピチッ,ピチッ
あくまで,0,0,0,副詞,助詞類接続,*,*,*,*,あくまで,アクマデ,アクマデ
きょとん,0,0,0,副詞,助詞類接続,*,*,*,*,きょとん,キョトン,キョトン
ガックリ,0,0,0,副詞,助詞類接続,*,*,*,*,ガックリ,ガックリ,ガックリ
ちゃっかり,0,0,0,副詞,助詞類接続,*,*,*,*,ちゃっかり,チャッカリ,チャッカリ
いまさら,0,0,0,副詞,助詞類接続,*,*,*,*,いまさら,イマサラ,イマサラ
イライラ,0,0,0,副詞,助詞類接続,*,*,*,*,イライラ,イライラ,イライラ
さらに,0,0,0,副詞,助詞類接続,*,*,*,*,さらに,サラニ,サラニ
たった今,0,0,0,副詞,助詞類接続,*,*,*,*,たった今,タッタイマ,タッタイマ
ピリピリ,0,0,0,副詞,助詞類接続,*,*,*,*,ピリピリ,ピリピリ,ピリピリ
たいてい,0,0,0,副詞,助詞類接続,*,*,*,*,たいてい,タイテイ,タイテイ
パッパパッパ,0,0,0,副詞,助詞類接続,*,*,*,*,パッパパッパ,パッパパッパ,パッパパッパ
総じて,0,0,0,副詞,助詞類接続,*,*,*,*,総じて,ソウジテ,ソージテ
キッ,0,0,0,副詞,助詞類接続,*,*,*,*,キッ,キッ,キッ
ひらり,0,0,0,副詞,助詞類接続,*,*,*,*,ひらり,ヒラリ,ヒラリ
スッキリ,0,0,0,副詞,助詞類接続,*,*,*,*,スッキリ,スッキリ,スッキリ
ゆうゆう,0,0,0,副詞,助詞類接続,*,*,*,*,ゆうゆう,ユウユウ,ユーユー
ひろびろ,0,0,0,副詞,助詞類接続,*,*,*,*,ひろびろ,ヒロビロ,ヒロビロ
ギュッ,0,0,0,副詞,助詞類接続,*,*,*,*,ギュッ,ギュッ,ギュッ
がぶり,0,0,0,副詞,助詞類接続,*,*,*,*,がぶり,ガブリ,ガブリ
ドーン,0,0,0,副詞,助詞類接続,*,*,*,*,ドーン,ドーン,ドーン
ドカン,0,0,0,副詞,助詞類接続,*,*,*,*,ドカン,ドカン,ドカン
そぞろ,0,0,0,副詞,助詞類接続,*,*,*,*,そぞろ,ソゾロ,ソゾロ
ワクワク,0,0,0,副詞,助詞類接続,*,*,*,*,ワクワク,ワクワク,ワクワク
ぴりぴり,0,0,0,副詞,助詞類接続,*,*,*,*,ぴりぴり,ピリピリ,ピリピリ
ざくり,0,0,0,副詞,助詞類接続,*,*,*,*,ざくり,ザクリ,ザクリ
ホノボノ,0,0,0,副詞,助詞類接続,*,*,*,*,ホノボノ,ホノボノ,ホノボノ
普通,0,0,0,副詞,助詞類接続,*,*,*,*,普通,フツウ,フツー
思わず,0,0,0,副詞,助詞類接続,*,*,*,*,思わず,オモワズ,オモワズ
こざっぱり,0,0,0,副詞,助詞類接続,*,*,*,*,こざっぱり,コザッパリ,コザッパリ
いきなり,0,0,0,副詞,助詞類接続,*,*,*,*,いきなり,イキナリ,イキナリ
ボリボリ,0,0,0,副詞,助詞類接続,*,*,*,*,ボリボリ,ボリボリ,ボリボリ
ドタバタ,0,0,0,副詞,助詞類接続,*,*,*,*,ドタバタ,ドタバタ,ドタバタ
ズシン,0,0,0,副詞,助詞類接続,*,*,*,*,ズシン,ズシン,ズシン
ザクザク,0,0,0,副詞,助詞類接続,*,*,*,*,ザクザク,ザクザク,ザクザク
相変わらず,0,0,0,副詞,助詞類接続,*,*,*,*,相変わらず,アイカワラズ,アイカワラズ
どー,0,0,0,副詞,助詞類接続,*,*,*,*,どー,ドー,ドー
うろうろ,0,0,0,副詞,助詞類接続,*,*,*,*,うろうろ,ウロウロ,ウロウロ
まったり,0,0,0,副詞,助詞類接続,*,*,*,*,まったり,マッタリ,マッタリ
たちまち,0,0,0,副詞,助詞類接続,*,*,*,*,たちまち,タチマチ,タチマチ
もって,0,0,0,副詞,助詞類接続,*,*,*,*,もって,モッテ,モッテ
シンシン,0,0,0,副詞,助詞類接続,*,*,*,*,シンシン,シンシン,シンシン
せいせいどうどう,0,0,0,副詞,助詞類接続,*,*,*,*,せいせいどうどう,セイセイドウドウ,セイセイドードー
全然,0,0,0,副詞,助詞類接続,*,*,*,*,全然,ゼンゼン,ゼンゼン
びく,0,0,0,副詞,助詞類接続,*,*,*,*,びく,ビク,ビク
パチ,0,0,0,副詞,助詞類接続,*,*,*,*,パチ,パチ,パチ
刻々,0,0,0,副詞,助詞類接続,*,*,*,*,刻々,コッコク,コッコク
ざくざく,0,0,0,副詞,助詞類接続,*,*,*,*,ざくざく,ザクザク,ザクザク
実際,0,0,0,副詞,助詞類接続,*,*,*,*,実際,ジッサイ,ジッサイ
ビュッ,0,0,0,副詞,助詞類接続,*,*,*,*,ビュッ,ビュッ,ビュッ
ある程度,0,0,0,副詞,助詞類接続,*,*,*,*,ある程度,アルテイド,アルテイド
うっせき,0,0,0,副詞,助詞類接続,*,*,*,*,うっせき,ウッセキ,ウッセキ
度々,0,0,0,副詞,助詞類接続,*,*,*,*,度々,タビタビ,タビタビ
バタバタバタ,0,0,0,副詞,助詞類接続,*,*,*,*,バタバタバタ,バタバタバタ,バタバタバタ
ホッ,0,0,0,副詞,助詞類接続,*,*,*,*,ホッ,ホッ,ホッ
くろぐろ,0,0,0,副詞,助詞類接続,*,*,*,*,くろぐろ,クログロ,クログロ
あらためて,0,0,0,副詞,助詞類接続,*,*,*,*,あらためて,アラタメテ,アラタメテ
やきもき,0,0,0,副詞,助詞類接続,*,*,*,*,やきもき,ヤキモキ,ヤキモキ
ドッシリ,0,0,0,副詞,助詞類接続,*,*,*,*,ドッシリ,ドッシリ,ドッシリ
タップリ,0,0,0,副詞,助詞類接続,*,*,*,*,タップリ,タップリ,タップリ
しゅっ,0,0,0,副詞,助詞類接続,*,*,*,*,しゅっ,シュッ,シュッ
ぺこり,0,0,0,副詞,助詞類接続,*,*,*,*,ぺこり,ペコリ,ペコリ
カリッ,0,0,0,副詞,助詞類接続,*,*,*,*,カリッ,カリッ,カリッ
カッカッカッ,0,0,0,副詞,助詞類接続,*,*,*,*,カッカッカッ,カッカッカッ,カッカッカッ
ちょっと,0,0,0,副詞,助詞類接続,*,*,*,*,ちょっと,チョット,チョット
なんぼ,0,0,0,副詞,助詞類接続,*,*,*,*,なんぼ,ナンボ,ナンボ
ズキン,0,0,0,副詞,助詞類接続,*,*,*,*,ズキン,ズキン,ズキン
しばし,0,0,0,副詞,助詞類接続,*,*,*,*,しばし,シバシ,シバシ
がばがば,0,0,0,副詞,助詞類接続,*,*,*,*,がばがば,ガバガバ,ガバガバ
一段,0,0,0,副詞,助詞類接続,*,*,*,*,一段,イチダン,イチダン
がつがつ,0,0,0,副詞,助詞類接続,*,*,*,*,がつがつ,ガツガツ,ガツガツ
突然,0,0,0,副詞,助詞類接続,*,*,*,*,突然,トツゼン,トツゼン
がたん,0,0,0,副詞,助詞類接続,*,*,*,*,がたん,ガタン,ガタン
一層,0,0,0,副詞,助詞類接続,*,*,*,*,一層,イッソウ,イッソー
万一,0,0,0,副詞,助詞類接続,*,*,*,*,万一,マンイチ,マンイチ
はつらつ,0,0,0,副詞,助詞類接続,*,*,*,*,はつらつ,ハツラツ,ハツラツ
深々,0,0,0,副詞,助詞類接続,*,*,*,*,深々,フカブカ,フカブカ
ジーン,0,0,0,副詞,助詞類接続,*,*,*,*,ジーン,ジーン,ジーン
キチン,0,0,0,副詞,助詞類接続,*,*,*,*,キチン,キチン,キチン
キリッ,0,0,0,副詞,助詞類接続,*,*,*,*,キリッ,キリッ,キリッ
直ぐ,0,0,0,副詞,助詞類接続,*,*,*,*,直ぐ,スグ,スグ
さんざん,0,0,0,副詞,助詞類接続,*,*,*,*,さんざん,サンザン,サンザン
まざまざ,0,0,0,副詞,助詞類接続,*,*,*,*,まざまざ,マザマザ,マザマザ
所せん,0,0,0,副詞,助詞類接続,*,*,*,*,所せん,ショセン,ショセン
少々,0,0,0,副詞,助詞類接続,*,*,*,*,少々,ショウショウ,ショーショー
次々,0,0,0,副詞,助詞類接続,*,*,*,*,次々,ツギツギ,ツギツギ
のんべんだらり,0,0,0,副詞,助詞類接続,*,*,*,*,のんべんだらり,ノンベンダラリ,ノンベンダラリ
ふつう,0,0,0,副詞,助詞類接続,*,*,*,*,ふつう,フツウ,フツー
泣く泣く,0,0,0,副詞,助詞類接続,*,*,*,*,泣く泣く,ナクナク,ナクナク
しんしん,0,0,0,副詞,助詞類接続,*,*,*,*,しんしん,シンシン,シンシン
しみじみ,0,0,0,副詞,助詞類接続,*,*,*,*,しみじみ,シミジミ,シミジミ
ハッ,0,0,0,副詞,助詞類接続,*,*,*,*,ハッ,ハッ,ハッ
心して,0,0,0,副詞,助詞類接続,*,*,*,*,心して,ココロシテ,ココロシテ
きっちり,0,0,0,副詞,助詞類接続,*,*,*,*,きっちり,キッチリ,キッチリ
